date,COT,AXP,V,TRP,JBLU,FL,AMGN,GGG
2014-06-27,6.3508,88.5845,50.8274,39.4372,10.88,46.1084,106.8616,24.2082
2014-06-30,6.4791,88.5285,51.1747,39.5615,10.85,46.1995,106.6633,24.3078
2014-07-01,6.4974,88.9765,52.0344,39.6776,10.98,47.001,108.4115,24.5787
2014-07-02,6.5524,88.8458,52.1777,39.7937,10.75,46.828,109.0603,24.5071
2014-07-03,6.5524,89.4337,52.5833,39.7439,10.89,47.1286,110.7003,24.6285
2014-07-07,6.5432,89.0231,52.6392,39.5201,10.62,46.5001,108.2763,24.6036
2014-07-08,6.5157,88.2486,52.2797,39.8102,10.49,46.1904,108.0961,24.4573
2014-07-09,6.5157,88.6509,52.4983,40.3823,10.66,46.2177,107.7446,24.2705
2014-07-10,6.4699,88.3889,52.3477,40.9543,10.73,46.0993,107.186,23.9405
2014-07-11,6.4608,88.3983,52.7023,40.83,10.82,45.5254,107.9249,23.7537
2014-07-14,6.4241,88.4638,53.6811,41.0206,10.71,45.3341,107.213,23.8471
2014-07-15,6.3874,88.3796,53.8632,41.1781,10.82,45.1246,105.3027,23.6105
2014-07-16,6.3874,88.3983,54.0794,42.115,10.87,44.0999,106.0686,23.5264
2014-07-17,6.3233,87.0134,52.916,42.0652,10.63,43.1209,103.978,23.1218
2014-07-18,6.3325,87.5187,53.4795,42.0321,10.83,44.5299,106.6003,23.5624
2014-07-21,6.2866,86.9105,53.2415,41.9574,10.71,44.3561,107.2581,23.4124
2014-07-22,6.305,87.369,53.7369,42.3554,10.78,43.981,109.1323,23.5436
2014-07-23,6.2775,87.2848,53.7224,42.9689,11.28,44.3469,109.9433,23.4593
2014-07-24,6.3508,87.1631,54.0964,43.2756,11.0601,45.3168,110.1686,23.9123
2014-07-25,6.2408,86.0215,52.1607,42.8362,11.41,44.3103,110.6912,24.0186
2014-07-28,6.1858,85.956,52.0271,42.8196,11.17,44.3561,110.52,24.1217
2014-07-29,6.1217,85.8157,51.8523,42.6704,11.06,44.3835,111.1148,24.1373
2014-07-30,6.0759,85.0671,51.9883,41.8331,11.08,44.6123,117.1521,23.9092
2014-07-31,6.2958,82.3441,51.2475,41.5927,10.72,43.4869,114.7913,23.1687
2014-08-01,6.36,81.3429,51.4418,40.9543,10.81,44.0267,113.1332,22.9906
2014-08-04,6.6899,81.3429,51.5268,41.4849,10.86,44.5848,115.9266,23.1624
2014-08-05,6.6624,80.8095,51.1334,40.888,10.78,44.3469,115.2328,23.0406
2014-08-06,6.7265,80.847,51.1698,40.9958,10.92,44.8593,114.5209,23.1093
2014-08-07,6.7265,80.4914,50.7691,40.8797,11.13,44.1457,113.3135,22.9843
2014-08-08,6.699,81.8482,51.114,40.7056,11.46,45.9298,114.3948,23.2812
2014-08-11,6.7082,81.3616,51.1431,41.0455,11.74,45.5364,114.7282,23.3905
2014-08-12,6.7174,81.4833,51.0751,41.2445,11.62,46.0121,114.3751,23.2937
2014-08-13,6.6715,81.7827,51.4474,41.8165,11.88,45.9298,115.2986,23.4936
2014-08-14,6.754,81.661,51.7126,42.0486,11.8,46.3964,119.3912,23.6655
2014-08-15,6.8731,81.0341,51.1457,42.3056,11.91,45.573,120.2423,23.5093
2014-08-18,6.7815,81.5581,52.1506,42.3968,12.28,46.3873,120.6226,23.9029
2014-08-19,6.9648,82.4564,52.3161,42.8445,12.33,47.5401,120.4415,24.0186
2014-08-20,6.9281,82.8026,52.6081,43.0601,12.73,47.9701,120.1336,24.1435
2014-08-21,6.9098,83.4109,52.4986,42.8031,12.47,48.0982,119.9978,24.181
2014-08-22,6.7357,83.1676,52.5813,42.3885,12.6,49.5163,120.2604,24.0654
2014-08-25,6.7357,83.8319,52.5643,43.3585,12.61,49.9372,122.0441,24.2373
2014-08-26,6.7542,83.4202,52.737,43.6404,12.44,50.66,124.2896,24.1998
2014-08-27,6.7357,83.5044,52.8344,44.6684,12.38,51.5475,124.7967,24.2217
2014-08-28,6.9205,83.2986,52.2188,44.6518,12.41,51.2273,125.5753,24.0092
2014-08-29,6.9297,83.7945,51.7126,44.5855,12.23,51.3371,126.2001,24.0154
2014-09-02,6.939,83.9536,52.2504,44.8674,12.64,52.3801,124.9144,24.2748
2014-09-03,7.0036,84.3466,52.2918,45.5306,12.36,52.2611,125.4757,24.2498
2014-09-04,7.0775,83.8881,52.136,45.514,12.525,52.4533,124.9596,24.0904
2014-09-05,6.9944,83.8506,52.1239,46.0031,12.54,52.3252,124.8419,24.1217
2014-09-08,6.939,83.2143,52.5034,45.6549,12.47,52.3343,126.1005,24.106
2014-09-09,7.0221,82.2505,52.1409,46.086,12.04,51.6847,124.3983,23.8217
2014-09-10,7.0129,82.7278,52.7735,45.4643,12.29,51.9592,126.028,23.9154
2014-09-11,7.0221,82.7371,52.3039,45.0332,12.24,52.2886,125.8198,24.0686
2014-09-12,6.8835,82.0073,52.0825,44.5026,12.19,52.2428,124.851,23.8748
2014-09-15,6.8743,81.764,52.2285,44.1295,11.26,52.2703,124.9234,23.7186
2014-09-16,6.8835,82.681,52.8757,44.4611,11.415,53.048,126.1548,23.553
2014-09-17,6.902,83.3453,52.445,44.3616,11.2,52.435,127.4043,23.478
2014-09-18,6.8835,84.3092,52.6665,46.028,11.33,52.499,128.5904,23.5186
2014-09-19,6.8004,83.9349,52.6202,46.5835,11.36,51.9867,130.3923,23.4093
2014-09-22,6.7357,83.2705,52.0436,45.6135,10.9,51.8037,128.7353,23.1718
2014-09-23,6.6525,82.6342,51.698,44.6352,10.765,51.456,127.3772,23.1156
2014-09-24,6.5601,82.8307,52.1725,44.428,10.645,52.1148,128.7896,23.1593
2014-09-25,6.5324,81.1838,51.2722,43.2507,10.4,51.2913,126.6256,22.75
2014-09-26,6.5786,82.6903,51.5715,43.53,10.58,52.1148,127.7212,22.7656
2014-09-29,6.4308,82.2973,51.3257,43.4464,10.53,51.7488,126.8248,22.8906
2014-09-30,6.3476,81.9137,51.9195,43.0785,10.62,50.9162,127.178,22.8031
2014-10-01,6.3291,80.5341,51.1019,42.6104,10.245,50.1568,125.693,22.2782
2014-10-02,6.3384,80.5904,51.0313,42.4599,10.585,50.2666,124.2262,22.3157
2014-10-03,6.3846,81.8011,51.5837,42.1589,11.125,51.392,125.9918,22.425
2014-10-06,6.3384,81.6791,51.535,42.811,10.85,51.0077,124.5975,22.4656
2014-10-07,6.209,80.1023,50.6249,42.4014,10.65,50.3123,123.1669,21.8939
2014-10-08,6.2552,82.0357,51.6737,42.0419,10.82,50.8704,126.8248,22.1594
2014-10-09,6.1351,80.6091,50.5422,39.9352,10.68,50.413,124.5703,21.3908
2014-10-10,6.1166,79.7645,49.8779,39.8934,10.06,50.4587,124.3983,21.2627
2014-10-13,6.1813,77.6904,49.7076,38.514,9.41,49.2693,120.9304,21.1971
2014-10-14,5.9873,77.6528,49.328,37.3687,10.23,49.3059,119.699,21.872
2014-10-15,5.978,75.9541,48.727,37.8285,10.295,48.9568,118.522,22.1532
2014-10-16,5.9688,75.3065,49.3961,38.932,11.22,48.3964,118.1145,22.757
2014-10-17,5.9134,77.5027,50.1261,39.0909,10.86,49.1221,121.0481,22.7539
2014-10-20,6.0058,78.8447,50.5763,39.6593,11.23,49.949,124.5069,22.9954
2014-10-21,6.052,80.3745,51.9049,40.4535,11.56,50.8952,130.4647,23.5914
2014-10-22,5.9873,78.7978,51.3233,39.6928,11.18,50.2429,130.0573,23.0362
2014-10-23,5.9596,80.3464,52.1409,40.069,10.86,50.6564,133.3259,23.9239
2014-10-24,5.9965,81.0878,51.9462,40.4619,10.96,50.2521,133.3349,23.8204
2014-10-27,6.0058,81.3036,51.9292,40.3699,11.08,50.5737,134.1861,23.7451
2014-10-28,6.015,82.5988,52.7322,41.3397,11.38,50.9503,142.326,24.5857
2014-10-29,5.7748,82.9085,52.2334,41.1474,11.54,51.1433,143.8561,24.156
2014-10-30,6.1166,83.2839,57.5842,41.4985,11.18,51.1433,146.3008,24.7206
2014-10-31,5.6085,84.4195,58.7473,41.2059,11.54,51.4556,146.8441,24.6234
2014-11-03,5.747,85.2642,58.7741,40.5706,11.74,51.6026,146.2827,24.6547
2014-11-04,5.5807,85.7616,59.122,40.4368,12.14,49.2691,145.2415,24.5167
2014-11-05,5.5992,86.7377,60.7183,41.7493,12.125,48.4239,143.9105,24.592
2014-11-06,5.7655,85.9493,60.8546,41.1474,12.81,50.0408,145.1871,24.7865
2014-11-07,5.8856,86.5875,61.4239,41.2979,12.56,50.0684,145.0966,24.7833
2014-11-10,6.0335,86.7189,60.8838,41.3397,13.09,50.3164,148.2324,24.959
2014-11-11,5.9596,86.0995,60.767,41.5654,12.95,50.2521,147.6234,25.0374
2014-11-12,5.978,85.9211,61.4252,42.1004,12.53,51.1984,147.178,24.9276
2014-11-13,6.1166,85.4707,61.1741,41.4985,12.59,51.1433,146.1964,24.7206
2014-11-14,6.209,85.0952,60.667,41.2895,12.6,51.4372,143.3152,24.6296
2014-11-17,6.3569,84.5885,60.901,41.8831,12.375,50.344,144.6422,24.7833
2014-11-18,6.1813,85.0108,60.884,41.44,12.72,50.3716,147.4598,24.8022
2014-11-19,6.1536,84.9357,60.9157,42.3679,13.245,51.621,147.8234,24.5481
2014-11-20,6.1166,85.0483,61.3569,42.4933,13.44,52.3651,147.8597,24.6014
2014-11-21,6.1628,84.8325,61.9786,42.3847,13.25,50.1143,147.9779,24.9339
2014-11-24,6.0889,85.4425,62.0762,41.4233,13.44,51.8415,149.2231,25.0907
2014-11-25,6.0889,85.7804,62.7198,41.2811,13.645,52.2824,147.4598,25.3605
2014-11-26,6.2288,85.8273,62.7198,39.1159,13.6,52.1171,149.7139,25.2068
2014-11-28,6.1076,86.7377,62.9465,40.2612,14.63,52.6315,150.2501,25.1253
2014-12-01,5.9863,86.4749,62.9368,39.9603,14.56,51.768,151.2499,25.0939
2014-12-02,6.1355,87.282,63.3902,40.2696,14.9,52.2732,153.8584,25.0374
2014-12-03,6.1635,85.6396,63.7779,40.8548,14.82,52.8336,152.7587,25.4264
2014-12-04,6.1449,86.1839,63.6657,41.6239,15.09,52.6499,151.3772,25.4483
2014-12-05,6.2008,86.9535,64.2045,40.9635,15.19,52.0895,153.8221,25.3762
2014-12-08,6.1076,87.8076,64.1436,38.4806,15.51,51.9425,156.0034,25.097
2014-12-09,6.0796,87.6199,64.3971,39.1159,15.045,51.8966,153.9584,25.2664
2014-12-10,6.0236,87.0474,63.8071,37.7533,15.15,51.4648,150.3228,24.6202
2014-12-11,6.0982,87.404,64.1484,38.0124,15.29,51.7955,150.95,24.7614
2014-12-12,6.0143,85.405,62.6028,37.7115,14.81,51.5842,149.5412,24.2783
2014-12-15,5.9584,84.504,62.5833,37.4858,14.94,52.4937,145.0603,24.1685
2014-12-16,5.9211,82.8147,61.7812,37.9706,14.44,51.2443,144.9149,23.9145
2014-12-17,6.1355,84.8794,63.1635,38.9822,15.13,51.7496,148.5868,24.0462
2014-12-18,6.3127,87.4415,64.402,39.2915,15.37,53.1736,153.1313,24.799
2014-12-19,6.3127,87.1881,63.7949,39.86,15.37,49.4804,154.6674,24.7677
2014-12-22,6.2847,87.8639,64.4142,39.8014,15.4,50.2154,149.5412,24.9904
2014-12-23,6.4619,88.0516,64.6702,40.7879,15.29,50.7298,143.1698,25.3417
2014-12-24,6.4339,88.2956,65.248,40.7879,15.5,50.8125,146.0328,25.3354
2014-12-26,6.3034,88.4927,65.0017,40.9217,15.68,50.9503,148.5687,25.5424
2014-12-29,6.3966,88.4739,64.7116,41.3791,15.7,51.9517,148.0142,25.5142
2014-12-30,6.4339,88.4739,64.4971,41.4128,15.89,51.768,145.9965,25.3323
2014-12-31,6.4153,87.3195,63.9242,41.3959,15.86,51.6118,144.7785,25.1503
2015-01-02,6.5272,87.3008,64.6117,41.5561,15.79,51.4832,145.3239,25.2037
2015-01-05,6.4432,84.992,63.1854,40.0385,15.22,51.3454,143.597,24.8084
2015-01-06,6.5831,83.1807,62.7783,38.6727,14.97,50.0133,138.9707,24.4948
2015-01-07,6.7043,84.9974,63.6194,38.4619,15.1,52.2916,143.8242,24.7928
2015-01-08,6.7976,86.2022,64.4727,39.0774,14.88,52.8244,143.3061,25.2005
2015-01-09,6.8442,85.1103,63.517,39.305,14.38,51.6485,141.5429,24.8837
2015-01-12,6.9001,84.2444,63.3927,37.7453,14.55,52.1722,141.9882,24.6924
2015-01-13,6.9281,83.9902,63.578,37.0287,14.81,51.1065,141.0066,24.4038
2015-01-14,7.068,81.9571,62.3053,37.113,14.665,49.0774,141.0248,24.0933
2015-01-15,7.012,80.8369,61.7129,36.5397,14.75,48.0813,138.08,24.002
2015-01-16,7.0493,80.9875,62.1566,37.3238,14.85,48.0259,143.9969,23.8886
2015-01-20,7.1333,82.1359,62.6174,36.8516,15.22,47.8138,143.2425,23.7815
2015-01-21,7.2079,82.5218,62.7247,36.9275,15.28,48.4318,143.0425,24.2917
2015-01-22,7.2731,79.4156,62.8027,37.6357,16.48,49.3264,145.033,24.553
2015-01-23,7.385,79.1897,62.9709,37.7875,16.55,49.2987,145.2512,24.342
2015-01-26,7.2358,78.4084,62.5418,37.4502,16.4,49.7968,145.1785,24.3011
2015-01-27,7.2638,77.5613,61.1912,37.9982,16.25,49.8798,144.415,22.5408
2015-01-28,7.1612,76.9306,60.0624,37.2395,15.77,49.6123,140.5522,22.6006
2015-01-29,7.1612,77.1848,60.4622,37.3912,17.155,50.1288,142.1246,22.6668
2015-01-30,7.0866,75.9517,62.1469,37.5008,16.79,49.0866,138.389,22.4337
2015-02-02,7.1053,77.3071,62.2517,38.4619,16.64,49.1973,138.6071,22.3582
2015-02-03,7.2079,78.8132,63.3366,39.8615,16.185,50.4148,138.3617,22.5628
2015-02-04,7.2265,78.7002,64.58,39.3219,16.73,50.1104,137.6528,22.5377
2015-02-05,7.2918,79.7545,66.2646,39.7772,16.88,50.175,139.3888,22.7896
2015-02-06,7.2918,80.018,65.1968,38.9762,17.0,48.9759,137.6073,22.9722
2015-02-09,7.2638,79.9898,64.7189,38.8751,16.38,48.358,136.344,23.221
2015-02-10,7.2918,80.7993,64.4971,38.9509,16.72,49.1512,139.4048,23.284
2015-02-11,7.3011,80.9593,64.8776,38.8751,16.555,49.2342,139.8983,23.1989
2015-02-12,7.4037,75.754,66.0776,39.4146,16.74,49.889,139.9622,23.4225
2015-02-13,7.4037,73.495,65.7654,38.7317,16.83,49.7691,140.2363,23.6776
2015-02-17,7.3664,74.4362,66.0679,38.8413,16.82,49.4832,140.9307,23.687
2015-02-18,7.3477,75.0951,65.641,38.4114,16.83,49.5939,142.3379,23.6996
2015-02-19,7.3664,73.7962,65.6362,37.9392,17.02,50.8022,142.5846,23.8067
2015-02-20,7.4503,75.1422,66.5874,37.4249,17.49,51.2449,144.0556,24.2066
2015-02-23,7.413,75.5846,66.5899,36.9865,17.78,51.6415,144.7501,23.8288
2015-02-24,8.6811,76.1117,66.4581,37.0877,18.07,51.4755,143.7907,23.898
2015-02-25,8.6252,77.3448,66.5899,36.9697,17.53,51.54,144.4394,24.1846
2015-02-26,9.0168,78.3614,66.7703,36.4385,17.35,51.5031,145.2526,24.1374
2015-02-27,9.0261,76.7989,66.1752,36.9528,17.19,51.8075,144.1105,23.8634
2015-03-02,9.0541,77.213,67.8777,37.1552,17.57,51.7983,145.8556,24.3735
2015-03-03,9.1753,77.1001,67.1484,37.1973,17.88,52.0565,144.878,24.2413
2015-03-04,9.0914,75.8952,66.7703,37.5177,17.94,53.025,145.4536,23.8382
2015-03-05,9.1474,76.3847,66.863,37.4755,17.48,52.6007,145.8282,23.7437
2015-03-06,9.0168,75.594,65.6947,36.6493,17.18,54.759,141.5155,23.3721
2015-03-09,9.0919,75.7823,66.202,36.5987,17.19,56.3177,141.6343,23.5642
2015-03-10,8.9418,74.4645,64.6849,35.6292,16.975,55.9211,140.3277,23.0478
2015-03-11,8.9511,74.7845,64.5752,35.3678,17.14,56.373,139.5236,23.2273
2015-03-12,8.923,76.7706,65.7532,35.5364,18.1,56.7143,140.9399,23.4824
2015-03-13,8.9511,75.867,64.6435,35.2582,18.12,56.5483,140.949,23.0352
2015-03-16,8.8573,76.7141,65.6167,35.8736,18.7,55.9949,148.9623,23.095
2015-03-17,8.7259,76.3,64.5142,36.624,19.16,56.4745,148.9988,22.7864
2015-03-18,8.7353,77.053,65.2874,37.3744,19.24,56.4192,152.1694,23.1706
2015-03-19,8.482,76.7518,65.1825,36.5903,19.37,57.2585,154.5176,23.0761
2015-03-20,8.6134,77.8437,65.7679,37.1636,19.48,57.8303,155.4222,22.7297
2015-03-23,8.6321,77.373,65.4459,37.3238,19.44,57.4891,152.1694,22.6605
2015-03-24,8.8104,76.5918,65.4654,37.6441,19.58,57.8027,151.6851,22.5345
2015-03-25,8.7541,75.4058,64.1288,37.7285,18.78,57.2862,146.7602,22.3141
2015-03-26,8.9136,73.8715,63.9922,37.2226,18.52,56.5391,146.6963,22.3172
2015-03-27,8.7822,73.3914,63.9434,36.6078,19.28,57.0464,148.5602,22.3991
2015-03-30,8.7916,73.4667,64.0605,36.761,19.36,58.6697,150.1272,22.5628
2015-03-31,8.7916,73.7784,63.8166,36.361,19.25,58.107,146.0567,22.7234
2015-04-01,8.7635,74.5434,63.5922,36.2588,18.84,57.6643,143.544,22.629
2015-04-02,8.8948,75.2706,63.6995,36.8461,18.91,57.7289,142.4292,22.7833
2015-04-06,8.9793,75.2045,63.6117,36.7525,18.555,57.6828,141.881,22.9439
2015-04-07,9.0074,73.9767,64.1971,37.1696,18.58,56.7697,143.7084,22.6132
2015-04-08,8.9699,74.3167,64.88,37.1015,19.29,57.7658,146.4952,22.5156
2015-04-09,8.9136,74.7606,64.8215,37.3313,19.13,57.7012,147.5551,22.3519
2015-04-10,8.7822,75.1667,64.7239,37.5441,19.045,57.2032,149.2821,22.3582
2015-04-13,8.9511,74.8645,64.0117,37.3058,19.85,56.9818,148.4689,22.3078
2015-04-14,9.0356,75.0722,63.9337,37.7484,19.7,56.1148,148.542,22.3645
2015-04-15,9.0543,75.3178,64.08,38.8548,19.43,56.3556,151.1917,22.5628
2015-04-16,8.8855,76.4133,64.0507,39.0166,19.56,56.263,152.4709,22.9328
2015-04-17,8.6603,73.0228,62.9483,39.2634,19.42,54.9293,149.4648,22.5565
2015-04-20,8.5571,72.9378,63.1434,39.306,19.57,55.4109,151.6486,22.8253
2015-04-21,8.5758,72.9851,63.7581,39.0932,19.83,55.6425,153.9237,22.7115
2015-04-22,8.5477,74.0806,66.3533,39.6719,19.67,55.5684,154.5085,22.7937
2015-04-23,8.4632,73.8067,66.0703,40.0124,19.75,56.2352,154.5724,22.8316
2015-04-24,8.3131,73.6556,65.8362,40.1145,19.89,56.3648,153.4212,22.4869
2015-04-27,8.2943,73.1834,65.4654,40.838,19.71,55.6332,148.3683,22.7083
2015-04-28,8.2099,73.1834,65.1435,40.3614,21.02,55.5776,148.4689,22.7842
2015-04-29,8.1255,72.8717,65.6996,39.706,20.73,55.0682,147.0892,22.8917
2015-04-30,8.1724,73.1456,64.441,39.5102,20.53,55.059,144.2841,22.6482
2015-05-01,8.3788,73.3628,64.1678,39.374,21.56,55.8277,146.5227,22.9455
2015-05-04,8.6415,73.9295,63.9825,39.8166,21.58,56.1055,148.1216,23.0087
2015-05-05,8.8198,73.5139,64.3532,39.0251,21.4,56.2352,145.682,22.8411
2015-05-06,8.5946,73.5234,64.0703,38.1739,21.17,56.4112,145.2343,22.8917
2015-05-07,8.1911,74.0711,64.9581,37.7909,21.49,57.0594,144.2749,22.7937
2015-05-08,8.4445,74.5906,67.7777,38.1143,21.76,56.902,148.3318,22.9392
2015-05-11,8.9136,75.2706,67.3387,37.8845,21.83,57.115,147.1531,22.9739
2015-05-12,9.0356,74.685,67.0167,38.1314,21.71,56.3371,145.2983,22.9961
2015-05-13,8.9793,75.4217,67.0949,38.0122,21.42,56.8187,145.436,23.1637
2015-05-14,8.9511,76.2622,68.4143,38.0463,21.48,56.7723,148.7324,23.4799
2015-05-15,8.9042,75.7617,67.994,38.6335,21.42,57.115,149.0813,23.3945
2015-05-18,8.9136,75.7144,68.4143,38.0888,21.83,58.143,150.073,23.4483
2015-05-19,8.9418,76.8383,68.5707,37.6973,21.75,58.7635,150.1832,23.3091
2015-05-20,9.1951,76.4605,68.1993,37.4249,20.24,58.8006,150.5688,23.3439
2015-05-21,9.1576,76.2717,67.7986,37.8335,20.18,59.2729,150.4403,23.4293
2015-05-22,9.0074,76.7344,68.0429,37.3739,20.445,58.7728,150.2015,23.2617
2015-05-26,8.998,75.7333,66.9874,36.9313,19.555,57.93,146.0053,23.0783
2015-05-27,8.7729,75.6578,67.9159,37.2121,20.18,58.7265,147.3183,23.1921
2015-05-28,8.923,75.6389,67.9843,37.3483,19.92,58.4672,144.4811,23.1795
2015-05-29,8.998,75.2895,67.1242,36.9142,20.16,58.532,143.4802,22.955
2015-06-01,8.923,75.0533,67.5445,36.3865,20.7,58.5505,144.1872,22.8886
2015-06-02,9.0074,75.5444,67.4761,36.7185,20.6,57.9763,143.6455,23.015
2015-06-03,9.1113,76.1205,67.3881,36.0971,20.72,58.9025,144.2791,23.072
2015-06-04,9.0735,74.9495,66.6649,35.2375,20.38,58.2634,145.1605,22.9518
2015-06-05,9.1113,74.9778,66.8212,35.28,20.49,58.0412,144.3892,22.9044
2015-06-08,9.1585,74.43,66.1469,34.7353,19.01,57.8837,143.673,22.898
2015-06-09,9.1113,74.77,66.4107,34.9651,18.87,57.4206,142.1396,22.9044
2015-06-10,9.1963,75.7333,68.0527,36.1056,19.15,57.8837,142.8283,23.0688
2015-06-11,9.404,75.8372,68.0625,36.012,19.27,58.495,145.0412,23.2332
2015-06-12,9.5173,75.11,67.7595,35.6801,19.525,58.7172,143.3517,22.9581
2015-06-15,9.64,74.8456,67.0167,35.8503,19.54,57.9485,143.3333,22.7083
2015-06-16,9.6967,74.9495,67.4467,35.8503,19.55,58.356,143.4527,22.7083
2015-06-17,9.895,75.8561,67.1926,36.3099,19.54,58.5135,142.9201,22.7051
2015-06-18,9.9233,76.2811,67.9256,36.1567,19.96,59.0229,147.0245,22.8759
2015-06-19,9.7722,75.7333,67.134,35.8673,20.23,59.4489,147.5754,22.721
2015-06-22,9.8194,76.7344,67.5249,36.3695,21.21,60.0879,148.9528,22.7526
2015-06-23,9.6684,76.8383,67.8474,36.9568,21.15,60.9863,148.4661,22.7399
2015-06-24,9.6023,76.2528,67.3001,37.0504,20.9,60.7084,146.8133,22.7431
2015-06-25,9.64,75.4406,67.0656,37.0079,21.165,61.1808,145.7757,22.7083
2015-06-26,9.5551,75.4406,67.1926,36.275,20.79,62.3384,145.0963,22.9044
2015-06-29,9.3285,73.4762,65.2086,35.3811,20.2,61.153,139.2013,22.3257
2015-06-30,9.234,73.6753,65.6289,34.9169,20.76,62.0606,140.9643,22.4616
2015-07-01,9.3662,74.3199,66.313,34.3581,20.06,62.9497,142.3141,22.5597
2015-07-02,9.2718,74.1398,66.6942,34.9427,20.63,62.5237,140.7256,22.4933
2015-07-06,9.3285,73.552,66.5769,34.1604,20.75,62.9682,141.8642,22.3921
2015-07-07,9.5362,73.5141,66.2348,34.2034,21.015,63.7832,142.6814,22.4522
2015-07-08,9.4323,71.9784,65.2184,33.6619,20.67,63.8388,139.8533,21.9715
2015-07-09,9.3285,72.3671,65.5311,33.3008,20.9,63.8573,138.935,21.747
2015-07-10,9.6778,73.2866,66.8701,33.851,21.72,64.4223,141.4969,21.7849
2015-07-13,9.8855,74.4431,67.9452,34.1604,21.99,65.2836,143.0211,22.0506
2015-07-14,9.9799,74.8602,68.512,34.1604,22.45,65.0057,146.2899,22.0031
2015-07-15,9.7533,74.4526,68.4338,34.169,22.29,64.541,147.3275,21.279
2015-07-16,9.9327,74.8128,68.9714,34.4871,22.74,64.9964,149.7057,21.2472
2015-07-17,10.0177,75.0972,69.2744,34.3581,22.94,64.5596,149.9169,20.866
2015-07-20,10.0932,75.173,71.0531,33.722,22.88,65.0708,150.8994,21.3552
2015-07-21,10.5181,74.8413,70.3885,33.361,23.21,64.699,150.3117,21.2885
2015-07-22,10.3576,74.8792,70.3397,32.5358,23.52,65.3032,150.8167,21.2091
2015-07-23,10.216,73.0022,70.1247,32.2349,23.22,64.9686,150.679,22.2351
2015-07-24,10.0177,71.95,73.1056,32.4756,22.73,64.5317,145.6197,22.054
2015-07-27,9.7533,71.021,72.1869,32.4842,22.35,63.9369,152.0012,22.0889
2015-07-28,9.7156,71.2011,73.0469,32.7937,22.82,64.1414,158.6124,22.2827
2015-07-29,9.81,71.7604,74.2882,32.7077,22.93,64.5131,157.4463,22.6131
2015-07-30,10.4709,72.1585,74.6498,33.2579,22.86,65.331,157.6483,22.6829
2015-07-31,10.6125,72.1017,73.6333,33.447,22.98,65.5727,162.1475,22.7083
2015-08-03,10.6692,72.0258,74.0536,32.424,23.59,65.2288,161.2293,22.7115
2015-08-04,10.9996,71.7794,73.5649,32.6991,23.85,66.6695,160.5039,22.6639
2015-08-05,10.7919,71.6561,73.2815,32.2349,23.68,67.3387,162.0098,22.8386
2015-08-06,10.7069,71.0968,71.9132,32.3295,23.27,66.2791,155.7843,22.6671
2015-08-07,10.6597,75.5712,72.5289,31.6848,23.3,66.0188,158.2176,22.6829
2015-08-10,10.6031,77.031,72.6951,31.9169,23.27,68.045,156.6474,23.0959
2015-08-11,10.4426,77.1069,71.6982,31.616,23.59,68.1473,154.7743,22.7751
2015-08-12,10.5464,76.7846,71.9919,31.8481,23.15,67.1249,156.6658,22.9561
2015-08-13,10.858,76.5571,72.3737,31.0229,23.82,67.5338,155.5126,22.9148
2015-08-14,10.6692,76.6992,72.6576,31.0143,24.0,68.0543,154.7193,22.8799
2015-08-17,10.7636,76.7846,72.8436,31.1518,24.4,68.8165,156.6288,23.0133
2015-08-18,10.6031,77.0121,72.9023,31.2808,24.04,68.8908,154.7193,22.8989
2015-08-19,10.3765,76.7372,72.8338,30.361,23.94,68.8351,153.6584,22.4256
2015-08-20,10.2821,74.6611,72.3933,29.6647,22.97,66.6602,148.6586,22.0095
2015-08-21,9.961,73.0212,69.6914,29.1404,21.67,64.1506,143.1606,21.4187
2015-08-24,9.6872,70.765,66.9209,28.1432,21.22,62.9609,136.1958,20.5801
2015-08-25,9.8297,69.6938,65.5602,27.8166,21.48,63.1747,133.9357,20.5833
2015-08-26,10.0576,71.694,69.2019,27.9198,22.21,65.6935,142.0443,20.9105
2015-08-27,10.1146,72.879,70.8759,29.3725,22.38,66.7624,143.6495,21.5077
2015-08-28,10.0861,72.6609,70.9346,29.6046,22.295,66.5672,143.8063,21.7205
2015-08-31,10.0291,72.7273,69.799,29.7593,22.32,65.7958,140.0149,21.9142
2015-09-01,9.6492,70.1489,67.5083,28.6074,22.11,65.4333,136.0297,20.9391
2015-09-02,9.6208,71.0399,68.1544,28.4527,23.53,66.3999,140.4853,21.2154
2015-09-03,9.8297,71.3433,68.918,28.8997,23.42,65.8887,137.6625,21.4473
2015-09-04,9.6492,70.2247,67.7041,28.3238,23.72,65.8144,135.6238,21.5204
2015-09-08,10.7224,71.5613,69.0453,28.5644,24.87,67.1899,142.5794,22.0095
2015-09-09,10.428,71.2106,68.1348,28.341,24.88,66.1118,139.3691,22.0572
2015-09-10,10.7509,71.3907,68.7516,28.3753,25.38,66.5858,141.2695,22.0222
2015-09-11,10.7984,71.5708,69.2704,27.7049,25.68,67.1063,141.334,22.0635
2015-09-14,10.6465,71.2295,68.5362,28.0315,26.33,67.2085,139.2953,21.8285
2015-09-15,10.5705,72.5188,69.0257,27.7564,26.37,67.5153,140.347,22.2192
2015-09-16,10.8174,73.2961,69.4956,28.6418,26.65,68.1845,139.4614,22.4923
2015-09-17,10.7794,73.0496,69.4662,28.7278,27.02,68.3146,141.9798,22.3399
2015-09-18,10.6939,71.9974,68.3208,28.659,26.91,68.1659,138.9171,21.8571
2015-09-21,10.9884,72.7463,69.29,29.6905,26.84,68.1194,135.6884,22.2255
2015-09-22,10.7319,71.7699,68.7711,29.0974,26.34,67.9149,134.6183,21.6125
2015-09-23,10.7129,71.694,69.4564,28.1776,26.62,68.6399,134.4246,21.3107
2015-09-24,10.5895,70.803,68.7614,28.1776,26.39,69.1325,132.3859,20.812
2015-09-25,10.58,71.1916,69.2019,28.4957,26.66,70.4151,127.7919,21.1106
2015-09-28,10.1811,69.5232,65.7854,27.0142,25.48,68.6678,121.9895,20.8628
2015-09-29,10.0196,69.2957,67.0874,26.8141,25.19,66.8368,123.447,20.8088
2015-09-30,10.2856,70.2721,68.1936,27.4753,25.77,66.8925,127.5982,21.2917
2015-10-01,10.3141,70.0446,68.5166,27.745,26.23,66.1304,129.3602,21.1837
2015-10-02,10.2476,70.5375,69.1823,28.2757,26.22,65.8794,131.4265,21.5521
2015-10-05,10.523,73.2771,70.7095,29.7548,26.49,67.0598,132.6534,22.4225
2015-10-06,10.2476,72.9074,70.5626,29.9984,25.5,65.7493,130.2734,22.6194
2015-10-07,9.9342,73.4403,71.6786,30.7031,25.63,64.2715,136.574,23.0895
2015-10-08,10.0291,73.4403,72.3443,30.6596,25.26,66.2698,138.2806,23.6422
2015-10-09,10.1621,73.583,72.4226,30.2942,26.1,66.0281,137.9946,23.3405
2015-10-12,10.1146,73.564,73.4114,30.3116,26.86,65.7772,141.168,22.9116
2015-10-13,10.1241,72.8884,73.4212,30.0506,24.75,65.0522,136.1404,22.3462
2015-10-14,10.0576,72.4792,72.638,30.4073,24.32,63.9142,136.3526,22.0762
2015-10-15,10.3331,73.0216,73.754,30.4247,24.38,63.9422,140.716,22.1369
2015-10-16,10.2761,73.4689,74.4001,30.3725,24.1,65.3507,140.7805,21.8338
2015-10-19,10.485,73.269,75.3693,29.6243,24.68,66.0783,142.4964,22.0475
2015-10-20,10.9029,73.2215,74.6742,30.0419,24.57,65.0709,138.788,21.77
2015-10-21,10.8554,72.8028,73.8715,29.6591,24.26,65.4626,138.4559,21.5052
2015-10-22,10.9314,68.9871,74.8113,29.7896,24.62,64.6791,140.5038,22.8578
2015-10-23,11.0169,70.9758,75.4476,29.6591,24.97,59.3343,143.6771,23.1928
2015-10-26,11.1308,70.5952,76.5342,29.2937,26.21,61.0692,146.2878,23.1035
2015-10-27,10.8649,70.4239,75.8881,29.0327,25.36,61.6755,149.4242,22.7526
2015-10-28,10.1906,70.8426,77.2097,29.5286,24.64,63.4478,150.0607,23.5118
2015-10-29,9.7632,70.6237,76.8573,29.4677,24.93,63.3079,148.1328,23.5501
2015-10-30,9.9247,69.7103,75.9468,29.2241,24.84,63.196,145.9188,23.4161
2015-11-02,9.6682,70.3573,73.6365,29.3285,25.72,63.653,149.7287,23.8149
2015-11-03,9.5828,70.4429,76.2601,29.5982,25.41,64.5392,149.867,24.2711
2015-11-04,9.5543,70.481,76.7006,29.8244,25.03,63.8023,149.332,24.4115
2015-11-05,9.4878,70.3478,77.5915,29.894,25.74,64.3246,148.7231,24.4338
2015-11-06,9.2978,70.6999,77.0922,28.3279,26.09,62.4777,148.0221,24.2392
2015-11-09,9.0889,69.8625,76.3972,28.2844,25.75,62.7016,147.2564,23.9521
2015-11-10,8.9939,69.8149,77.9467,28.0321,26.34,61.2371,146.0941,24.0159
2015-11-11,8.785,69.3772,77.6525,27.6406,26.36,58.0004,144.7011,23.85
2015-11-12,8.7565,68.4923,76.7993,26.9533,25.76,57.2262,139.9818,23.0971
2015-11-13,8.766,67.7501,76.6031,26.9794,25.2,54.1387,140.5103,22.861
2015-11-16,8.8325,68.1878,77.3779,27.7711,25.02,55.1647,143.2454,23.0237
2015-11-17,8.8325,67.6644,77.3092,27.7537,24.945,55.5005,146.1196,22.8355
2015-11-18,8.918,68.654,78.9078,28.1365,25.47,57.0116,149.1978,23.515
2015-11-19,9.5638,69.2155,78.6038,28.4932,25.67,57.3941,147.8719,23.6618
2015-11-20,9.7347,68.911,78.643,28.3801,25.85,60.6495,148.2613,23.7671
2015-11-23,9.6872,68.7397,78.5645,27.9712,25.79,60.6868,150.6348,23.7671
2015-11-24,9.8392,68.1592,78.2507,28.3192,25.34,60.8547,150.9223,24.0414
2015-11-25,9.9722,68.2163,78.0251,28.0669,25.08,61.6009,152.007,23.9585
2015-11-27,10.039,68.3686,78.2997,27.7363,25.22,61.7968,151.6084,24.0478
2015-11-30,9.9913,68.1687,77.4857,27.484,24.74,60.6308,149.3646,24.0733
2015-12-01,10.3351,68.7016,78.3684,28.2061,25.54,61.2651,150.1805,23.8819
2015-12-02,10.316,67.7501,77.5152,27.8581,25.59,61.461,148.8269,23.6682
2015-12-03,10.0199,67.0079,76.7796,27.1621,24.7,59.6141,143.3845,23.5501
2015-12-04,9.9722,67.6549,78.8489,27.2056,25.48,61.4517,149.6706,23.5278
2015-12-07,9.848,67.1887,78.0153,26.5792,26.49,61.8714,146.7686,23.2885
2015-12-08,10.3638,66.5226,77.5446,26.2486,26.1,62.0953,147.7421,22.8036
2015-12-09,10.3351,66.475,76.3775,28.0669,25.33,61.974,146.3885,22.6441
2015-12-10,10.1154,66.7129,76.6129,28.5019,25.44,62.5617,148.0388,22.5835
2015-12-11,9.8957,65.5234,74.6417,27.9103,23.435,61.9367,143.8481,22.223
2015-12-14,9.8957,65.4949,75.387,29.3285,23.12,61.5916,146.5925,21.9359
2015-12-15,10.0868,66.7509,77.1033,29.7548,23.2,59.5581,150.7693,21.9423
2015-12-16,10.2587,67.2838,78.3194,30.4073,23.18,60.7055,152.5911,22.156
2015-12-17,10.0581,66.199,77.1719,29.0588,22.75,59.7074,149.6706,22.156
2015-12-18,9.9722,64.5814,74.8476,28.5367,22.56,59.9592,147.2322,22.2358
2015-12-21,10.1823,65.0857,75.6812,27.8842,23.31,59.7074,147.6772,22.4846
2015-12-22,10.2205,65.5139,75.8872,28.2496,23.37,62.1699,150.4772,23.011
2015-12-23,10.4211,66.5797,77.0444,29.4329,23.31,62.4964,150.8666,23.3842
2015-12-24,10.488,66.7605,76.7502,29.3633,23.33,60.6215,151.6362,23.3715
2015-12-28,10.4593,66.3798,77.015,28.9283,23.29,60.8734,149.9488,23.3938
2015-12-29,10.7172,67.1316,77.6819,29.2741,23.415,61.2745,152.4613,23.3491
2015-12-30,10.7459,66.7605,76.8385,28.6582,23.01,60.5749,151.3951,23.2471
2015-12-31,10.4975,66.18,76.0539,28.6758,22.65,60.7148,150.505,22.9918
2016-01-04,10.5453,64.315,74.2396,28.5966,21.88,60.92,146.8057,22.861
2016-01-05,10.5548,63.3254,74.7986,28.3502,21.785,61.7782,146.6481,22.5835
2016-01-06,10.7268,61.5669,73.8179,27.8927,21.85,60.8454,145.3037,22.089
2016-01-07,10.7459,61.0126,72.3665,26.7928,20.78,60.1085,141.8361,21.5116
2016-01-08,10.6599,60.8119,71.474,27.0392,20.28,58.4854,139.7269,21.0873
2016-01-11,10.2874,61.2133,72.4939,27.1536,20.49,58.4108,136.9315,21.183
2016-01-12,10.3542,61.5478,73.3177,27.7783,20.88,59.1104,139.8057,21.2946
2016-01-13,9.953,60.0664,71.6898,27.1096,19.985,57.7338,134.8639,20.6662
2016-01-14,9.8289,60.4869,72.3763,27.5407,20.68,57.6401,142.003,20.9772
2016-01-15,9.5328,60.1238,70.4443,25.9481,20.69,56.7973,140.2785,20.9163
2016-01-19,9.3513,59.8657,70.0128,26.0097,20.26,58.895,140.2785,21.0189
2016-01-20,9.5519,60.2385,69.3165,26.1417,20.83,58.2863,143.7275,20.8361
2016-01-21,9.4277,59.8657,70.1795,27.6111,20.82,60.4589,141.6507,20.4738
2016-01-22,9.5232,52.6214,71.2975,29.1421,21.51,61.0583,144.7103,20.8008
2016-01-25,9.485,52.5832,70.356,28.3062,21.57,60.3746,142.2534,20.3808
2016-01-26,9.6856,52.6501,70.4933,29.4589,21.58,61.9292,142.5779,22.3688
2016-01-27,9.6092,52.1054,69.542,29.5205,21.25,61.5452,139.509,22.1348
2016-01-28,9.6665,50.538,67.9925,30.418,19.92,63.0342,137.5434,22.542
2016-01-29,9.8098,51.1305,73.0529,30.4092,21.31,63.2683,141.6044,23.3052
2016-02-01,9.7238,52.2774,72.9451,30.2684,22.38,64.7105,141.6229,22.4137
2016-02-02,9.8384,51.2834,71.984,29.7845,21.29,64.748,139.1752,22.1444
2016-02-03,9.9913,51.7135,72.9451,30.7083,20.84,64.1393,139.713,22.5035
2016-02-04,9.6951,51.9716,72.2586,31.3947,20.76,63.7272,138.9898,23.3116
2016-02-05,9.5232,51.5893,70.1599,31.2363,19.7,61.6295,134.4745,23.3436
2016-02-08,9.0361,50.0793,66.4626,30.7259,19.34,60.4121,132.5831,23.0967
2016-02-09,8.9406,50.2991,67.0118,30.3036,20.08,59.5974,132.7315,22.9749
2016-02-10,9.0074,49.9741,68.7967,30.4708,20.13,59.9064,134.2613,22.7889
2016-02-11,8.7686,48.8464,67.1491,30.462,20.49,59.9158,132.0674,22.9396
2016-02-12,9.017,50.3277,69.0615,30.8579,21.25,61.7606,135.1109,23.3404
2016-02-16,9.3131,50.8247,69.7283,31.0603,21.44,63.3807,137.3796,23.9721
2016-02-17,9.5041,51.2357,70.7798,32.0722,21.48,63.362,141.0393,24.6808
2016-02-18,10.1823,51.7517,70.0035,32.169,21.3,62.7439,139.3868,24.4755
2016-02-19,10.7172,52.2869,70.2884,31.949,21.36,63.2122,140.1524,24.3858
2016-02-22,10.8032,53.1662,71.7919,32.6001,22.39,62.978,138.696,24.9597
2016-02-23,10.9273,52.6692,70.8977,32.4857,22.53,62.0041,137.4823,24.5749
2016-02-24,11.2521,52.22,70.6029,32.6265,23.37,62.5285,137.3422,24.5974
2016-02-25,11.9112,52.9368,71.9982,31.641,23.2,62.772,137.0061,24.5749
2016-02-26,11.6819,52.9273,71.4676,32.345,22.3,60.0656,137.7997,24.6776
2016-02-29,11.6915,53.1184,71.1335,32.2922,22.0,58.5298,132.8329,25.1136
2016-03-01,12.0258,54.2844,73.3445,32.3362,22.3,59.4382,138.5372,25.4728
2016-03-02,11.7392,54.5902,73.0104,32.0546,22.4,59.5599,137.697,25.5529
2016-03-03,12.1022,55.5172,72.6271,32.3889,22.25,59.2228,136.1566,25.6299
2016-03-04,12.1595,55.7084,72.6173,32.5473,21.98,58.998,136.2873,26.1975
2016-03-07,12.1787,56.3869,70.6913,32.7673,21.9,58.3987,137.529,26.5277
2016-03-08,12.0636,56.7979,69.3942,32.5385,19.91,59.4101,135.0269,26.3033
2016-03-09,12.4762,56.4347,69.4532,32.6617,20.09,58.7264,131.5446,26.0852
2016-03-10,12.1883,56.148,69.0012,31.3771,20.0,59.3539,131.6659,25.9089
2016-03-11,12.4474,56.8266,70.3867,31.641,20.16,60.0656,134.9709,26.0981
2016-03-14,12.4282,56.9317,70.2491,31.4739,20.11,60.1967,135.0176,25.8576
2016-03-15,12.4282,56.6068,70.6619,31.8962,20.26,59.1198,133.7012,25.9025
2016-03-16,12.4762,57.0559,71.1139,32.2922,20.26,59.4943,134.4201,26.3033
2016-03-17,12.5626,57.4191,71.8705,33.5064,19.87,60.9833,134.5601,26.8708
2016-03-18,12.3899,58.5086,72.4994,33.1281,20.31,61.077,135.8485,27.0504
2016-03-21,12.3899,58.4991,72.4896,32.5913,20.17,62.4162,137.2489,26.9991
2016-03-22,12.3419,57.9256,71.6936,33.26,20.13,61.9854,140.6192,26.5341
2016-03-23,12.1883,57.9448,72.6271,33.0665,20.57,59.7378,138.8827,26.082
2016-03-24,12.2651,57.7918,72.8531,33.2512,20.24,59.4382,139.3308,26.3963
2016-03-28,12.4378,57.6103,72.7942,33.4528,20.79,61.0583,138.5186,26.191
2016-03-29,12.5434,57.9161,74.0716,33.7752,21.04,61.6295,139.5642,27.0119
2016-03-30,13.2248,57.6198,75.4473,34.8432,21.28,61.564,139.5549,26.9253
2016-03-31,13.3304,58.6806,75.1525,34.9856,21.12,60.4027,139.975,26.9221
2016-04-01,13.6183,58.3939,76.2433,33.9532,21.33,59.7004,143.9241,27.5827
2016-04-04,13.4935,57.9352,76.4791,33.704,20.41,59.4756,144.3909,26.6752
2016-04-05,13.3784,57.5242,75.634,32.9831,20.09,58.8107,142.7945,26.4796
2016-04-06,13.4455,57.505,76.8525,33.4726,19.99,59.2415,149.0589,26.672
2016-04-07,13.388,56.5255,76.2334,33.437,19.44,58.408,146.9303,26.3482
2016-04-08,13.7047,57.1401,76.6756,34.4249,19.37,57.9773,146.0714,26.579
2016-04-11,13.4839,57.4282,76.4693,34.7898,19.15,55.6829,146.0061,26.6881
2016-04-12,13.3592,58.2733,77.1571,34.95,19.11,56.1699,148.0693,27.1434
2016-04-13,13.3208,59.6946,78.3265,34.7898,19.98,58.3008,149.4324,27.4737
2016-04-14,13.0425,60.0307,78.9357,34.9678,20.6,57.7833,149.4884,27.1582
2016-04-15,12.9273,59.6754,78.69,34.8432,20.83,57.7645,149.4977,27.2838
2016-04-18,12.8889,60.1075,80.0363,35.5552,20.99,58.7994,150.9635,27.3192
2016-04-19,12.9657,61.0487,79.3484,36.2315,21.28,58.1032,151.3369,27.5026
2016-04-20,12.8697,62.4412,79.7415,36.365,20.99,57.6892,151.9531,26.4694
2016-04-21,12.6202,63.0078,79.3877,36.2315,20.53,56.8802,153.4375,25.7644
2016-04-22,12.4762,63.3151,77.7369,35.7687,20.44,56.8331,152.3546,25.9318
2016-04-25,12.4762,63.0942,76.7837,35.6531,20.37,56.7861,152.6066,25.6324
2016-04-26,12.8889,63.5744,77.1669,35.9378,20.33,57.6516,152.0371,25.9415
2016-04-27,12.7162,63.6032,77.393,36.4629,20.6,58.2631,150.31,25.8835
2016-04-28,12.9753,63.2286,76.3317,36.8901,20.12,57.8304,149.8992,25.4007
2016-04-29,12.7258,62.8349,75.8993,36.9257,19.79,57.8021,147.7892,25.2333
2016-05-02,12.8217,63.075,77.0982,37.0859,19.84,58.3666,148.4334,25.3138
2016-05-03,12.6778,62.2779,75.8502,36.1158,19.93,57.8774,145.9687,25.2011
2016-05-04,12.8217,61.7113,75.7323,35.6442,19.33,58.1879,143.9428,24.9114
2016-05-05,13.4455,61.3848,76.0173,35.7243,19.33,56.8425,144.0082,24.876
2016-05-06,13.7814,61.9514,76.371,35.4662,19.0,57.1812,143.0185,25.5101
2016-05-09,13.9158,61.4424,76.8623,35.0924,19.46,58.4795,145.0911,25.4007
2016-05-10,14.0981,62.2683,77.8256,35.5285,19.34,57.4164,146.7996,25.9318
2016-05-11,14.1557,62.0282,76.0931,35.8489,19.06,55.2902,143.9428,25.7644
2016-05-12,13.9638,61.7881,76.6738,35.8933,18.17,55.5442,142.7478,26.1088
2016-05-13,13.6951,61.5769,75.6304,35.5908,18.28,54.0578,143.1706,25.7676
2016-05-16,14.1653,61.5288,76.5853,36.3561,18.32,55.7983,144.0352,25.9125
2016-05-17,13.6855,60.2708,75.591,36.3561,18.33,55.1397,141.0656,25.7483
2016-05-18,13.9158,61.0007,76.221,35.7154,18.29,53.7379,141.7422,25.4007
2016-05-19,13.983,60.2516,75.6796,35.8933,17.92,55.0833,139.7124,25.0981
2016-05-20,13.9542,61.3848,76.4573,36.276,18.11,51.5271,141.1314,25.42
2016-05-23,13.8582,61.0679,76.0045,35.9556,17.71,50.8779,140.3044,25.5616
2016-05-24,13.9638,62.2971,78.1406,36.2849,18.07,50.9061,143.5184,25.9382
2016-05-25,13.8102,62.7197,77.8256,36.81,18.04,51.5929,146.1966,25.8417
2016-05-26,13.8198,62.6428,77.7665,36.9791,17.67,51.4706,146.1778,25.7902
2016-05-27,13.935,62.9213,78.4162,37.2461,18.25,51.7905,147.2961,25.935
2016-05-31,13.8968,63.1518,77.7075,36.899,17.93,52.609,148.4332,25.8385
2016-06-01,14.0125,63.2959,77.9831,37.6199,17.93,51.6494,148.5272,25.9511
2016-06-02,14.292,63.776,78.7017,37.7712,17.97,51.8187,150.2376,26.3342
2016-06-03,14.3209,62.8925,78.6918,38.2073,17.73,51.6023,149.5985,26.0927
2016-06-06,14.1185,63.3247,79.2825,39.0617,17.96,51.3577,150.5383,26.2923
2016-06-07,15.5544,63.2767,79.3415,38.9549,18.55,51.9128,149.3166,26.2215
2016-06-08,15.7857,63.632,80.3751,38.501,18.35,52.0069,148.4802,26.273
2016-06-09,15.8821,63.1038,79.9912,38.6345,18.43,52.355,147.3337,26.1153
2016-06-10,15.4773,62.3931,78.9281,38.1272,18.09,52.3926,145.4542,25.7644
2016-06-13,15.2461,61.1447,77.1759,38.1183,17.31,51.7623,143.8567,25.6163
2016-06-14,15.1304,58.6478,77.3432,38.1895,16.77,51.4048,143.7721,25.6646
2016-06-15,15.4002,58.9839,76.9495,37.9937,16.66,51.0284,142.7478,25.5294
2016-06-16,15.2075,59.4737,77.1267,38.1272,16.47,50.1441,143.1237,25.4168
2016-06-17,15.2171,59.4065,75.7879,38.5989,16.3,50.4734,140.6051,25.5713
2016-06-20,15.2846,59.829,76.1324,38.9816,16.31,50.5392,141.5731,26.1056
2016-06-21,15.2268,59.8194,76.1226,39.7381,16.34,50.765,140.4172,25.9221
2016-06-22,14.6871,59.4929,75.3351,39.5957,16.2,50.3793,140.7837,25.9801
2016-06-23,14.7353,60.7414,77.0085,40.014,16.29,49.9936,143.0955,26.5692
2016-06-24,13.6848,57.6779,73.8782,39.2397,15.46,49.9654,137.6261,24.9404
2016-06-27,12.7693,55.3827,72.1949,38.9738,15.15,48.7235,135.8688,24.1324
2016-06-28,13.6848,55.6036,73.9865,39.3763,15.73,49.0904,139.4774,24.4028
2016-06-29,13.3764,57.5532,75.5418,40.1764,16.41,51.8187,141.0562,24.8921
2016-06-30,13.4535,58.6439,73.0119,40.6529,16.56,51.6117,142.9827,25.4264
2016-07-01,13.4535,58.5763,73.3171,41.2912,16.64,51.6682,144.9844,25.2462
2016-07-05,13.6077,57.0899,73.5041,41.426,16.46,51.6588,144.975,24.9082
2016-07-06,13.7812,57.4085,72.9036,41.9025,16.4,52.5431,146.6477,24.6829
2016-07-07,13.9065,57.727,73.3466,41.5429,16.65,52.0727,147.1552,24.979
2016-07-08,13.8197,59.3484,75.2268,41.5609,17.11,54.0108,151.3934,25.597
2016-07-11,13.7619,59.9951,75.3252,41.2822,17.24,54.6693,150.5289,25.8996
2016-07-12,14.3402,60.8059,76.2703,41.5788,18.01,54.9152,152.2016,26.0026
2016-07-13,14.2149,60.9024,76.2506,42.0463,18.21,54.7876,150.8484,25.8546
2016-07-14,14.0703,61.3946,76.9199,42.325,18.57,54.5607,152.9346,25.9451
2016-07-15,14.0221,61.5587,77.0774,42.4868,18.64,54.4945,153.4421,25.9645
2016-07-18,13.9739,61.7614,77.0873,41.9654,18.51,55.591,153.1132,25.8513
2016-07-19,13.8776,61.9255,77.4909,41.8126,18.29,55.2413,152.6997,25.7447
2016-07-20,13.8005,62.2343,78.1209,41.5069,18.13,55.1278,153.4139,25.9483
2016-07-21,13.6752,61.2209,77.5598,41.5069,17.4,55.4114,154.2973,23.7148
2016-07-22,13.733,62.0413,78.6623,41.1653,17.58,55.9408,155.6881,23.8473
2016-07-25,13.7234,62.0895,77.7075,41.0394,17.28,55.988,156.5245,24.0284
2016-07-26,13.6752,62.1281,77.2645,40.9316,18.67,56.2338,157.5676,24.1835
2016-07-27,13.7619,62.3405,77.3039,40.554,18.56,56.3378,160.3962,24.051
2016-07-28,14.1571,62.5335,77.9536,41.2462,18.71,56.0258,160.9601,23.6954
2016-07-29,14.3883,62.215,76.8314,41.6687,18.33,56.3567,161.6649,23.9217
2016-08-01,14.1571,61.8965,77.0381,41.1024,18.2,56.5457,163.6666,23.8441
2016-08-02,14.2534,61.2595,77.0578,41.6148,17.01,55.0333,163.6572,23.6469
2016-08-03,13.9161,61.6069,77.481,41.5339,16.9,55.3547,162.9805,23.6728
2016-08-04,15.3039,61.7131,78.239,41.8036,17.03,55.1089,162.2663,23.7213
2016-08-05,16.0556,63.2381,78.8887,41.5878,17.26,55.5721,163.1967,23.8958
2016-08-08,16.017,63.5373,78.7017,42.1722,17.15,55.7234,161.9562,23.9055
2016-08-09,16.47,63.1126,78.81,42.361,17.0,55.1751,161.7119,23.8377
2016-08-10,16.4314,62.4853,78.4359,42.2261,17.13,55.2413,160.9131,23.7568
2016-08-11,16.3736,63.1995,78.869,42.8824,17.07,57.0467,162.0408,23.9314
2016-08-12,16.2869,63.103,78.7706,43.0262,16.89,57.7935,162.5952,23.8118
2016-08-15,16.4314,63.3443,79.6467,43.3049,17.05,57.8313,165.015,23.8958
2016-08-16,16.1712,63.0258,79.5482,42.9363,16.81,57.5572,162.7276,23.7019
2016-08-17,16.152,63.3925,79.7159,42.6846,16.71,57.094,164.7598,23.731
2016-08-18,16.5182,63.3443,79.1538,43.0083,16.65,58.3039,165.1757,23.8538
2016-08-19,16.3061,63.2477,79.351,42.8285,16.16,64.7412,164.1076,24.135
2016-08-22,16.123,63.0837,79.9328,42.8374,16.05,64.5143,164.7976,24.2255
2016-08-23,15.8522,63.3925,79.6764,42.6397,15.96,64.6939,164.8449,24.4324
2016-08-24,15.6394,62.8906,79.1735,42.0373,16.11,64.486,161.4799,24.1867
2016-08-25,15.4944,62.7362,79.2031,41.9654,16.01,63.2477,160.9034,24.2708
2016-08-26,15.5137,62.5335,79.4496,41.5788,15.81,62.8979,162.548,24.3322
2016-08-29,15.4847,63.2381,79.7454,41.5609,15.76,62.8034,162.1132,24.4162
2016-08-30,15.5427,63.1705,80.0413,41.0844,16.09,62.0094,161.4043,24.1932
2016-08-31,15.417,63.296,79.775,40.8596,15.95,62.0472,160.7427,23.8118
2016-09-01,15.475,62.6011,80.1695,41.5159,15.81,61.9432,160.8088,23.6631
2016-09-02,15.8425,62.9196,80.8597,41.9744,15.85,62.3875,160.4686,24.2643
2016-09-06,15.6781,63.4697,81.3824,41.5609,16.27,62.378,161.4799,24.051
2016-09-07,15.2622,63.8848,82.0825,41.7676,16.73,62.7939,161.2815,24.1609
2016-09-08,14.9527,63.933,81.8162,42.4599,16.75,62.293,161.6028,23.7375
2016-09-09,14.6239,62.852,80.199,41.9834,16.22,61.0547,157.425,23.1847
2016-09-12,14.6819,63.6049,81.8162,42.3969,16.78,61.792,162.6142,23.7795
2016-09-13,14.3821,62.1185,80.7513,41.426,17.19,61.1775,160.0243,23.4175
2016-09-14,14.2564,61.2691,80.3568,41.5339,17.18,61.5178,160.8183,23.5726
2016-09-15,14.7109,61.6069,80.8696,42.0463,17.53,62.293,163.1813,24.0219
2016-09-16,14.6045,61.4429,80.9288,42.1093,17.15,62.482,163.4838,23.7278
2016-09-19,14.4014,61.8289,81.3626,42.2441,17.22,62.9735,161.9904,23.8894
2016-09-20,14.5562,61.5008,81.3331,42.1542,17.24,62.1984,163.8808,23.6469
2016-09-21,14.6239,62.0413,82.0628,42.8374,17.19,62.879,164.325,23.9249
2016-09-22,14.7496,62.3791,82.2008,43.4038,17.3,63.4178,165.9981,24.5132
2016-09-23,14.5368,61.6263,81.3922,42.9723,17.27,63.3989,165.223,23.7698
2016-09-26,14.1693,61.2112,80.6724,42.352,16.94,63.881,164.0226,23.6114
2016-09-27,14.121,62.0413,81.0175,42.307,17.33,64.3536,162.2267,23.6954
2016-09-28,14.266,61.9834,81.8162,43.2262,17.555,64.1362,160.4119,23.9799
2016-09-29,13.7728,61.163,80.7808,43.1899,17.15,63.172,156.3853,23.6437
2016-09-30,13.7824,61.8096,81.55,43.1536,17.24,64.0133,157.6707,23.9185
2016-10-03,13.4439,61.5876,81.7078,43.1082,17.66,63.8243,158.1717,23.8764
2016-10-04,13.2311,61.6842,81.5796,42.6092,17.83,63.3327,158.3702,23.7762
2016-10-05,13.7051,62.4311,82.191,42.582,17.86,64.2686,158.0772,24.3839
2016-10-06,13.4826,60.0836,82.2008,42.2916,17.62,64.2307,157.7558,24.2481
2016-10-07,13.3085,59.909,81.7275,42.0194,17.39,65.2705,158.3229,23.3108
2016-10-10,13.3085,60.0448,81.9642,42.9903,17.84,65.1004,159.0886,23.2171
2016-10-11,13.1054,59.036,80.8992,41.4296,17.86,64.779,155.3172,22.6579
2016-10-12,13.4342,58.8711,81.1062,41.8652,17.77,65.7044,154.9013,22.7549
2016-10-13,13.2215,58.5995,80.7315,41.965,18.22,65.002,155.2888,23.0861
2016-10-14,13.0377,58.3473,81.3035,41.7744,17.84,65.0969,153.0298,23.1932
2016-10-17,13.0377,58.1048,81.0076,42.2462,17.77,64.4326,153.7103,23.3556
2016-10-18,13.3375,58.2794,80.4456,42.8905,17.78,64.4326,153.8804,23.1803
2016-10-19,13.8598,59.4143,81.6585,43.2262,18.24,64.6509,152.2547,23.531
2016-10-20,13.4342,64.7786,81.3528,42.7634,18.6,64.556,152.6517,24.7293
2016-10-21,13.589,65.3412,81.2049,42.7907,18.57,64.4706,149.8255,24.8365
2016-10-24,13.3569,65.0793,82.0135,41.9831,18.75,65.3532,150.0618,24.6156
2016-10-25,13.2698,64.7398,80.8893,41.5204,18.07,64.537,149.2442,24.3656
2016-10-26,13.0667,64.798,80.6132,41.6383,17.55,65.3437,150.2792,24.3688
2016-10-27,12.7185,64.9241,80.7808,41.602,17.36,63.3601,151.7726,24.2649
2016-10-28,12.7089,64.4584,81.0767,41.2119,17.26,63.7303,137.2258,24.2292
2016-10-31,12.6798,64.4293,81.3626,41.0848,17.48,63.3696,133.4261,24.3234
2016-11-01,12.6218,64.2644,80.485,41.0576,17.28,62.449,133.048,24.3006
2016-11-02,12.6508,63.4884,79.4595,39.0887,16.96,63.7588,131.1008,24.2
2016-11-03,12.4671,63.372,79.5285,39.0161,16.93,62.2782,127.8115,24.2
2016-11-04,12.4187,63.5466,79.2425,39.2157,17.01,62.8002,127.9816,24.3948
2016-11-07,12.4187,64.992,81.3626,39.6149,17.85,63.8252,131.5829,24.7845
2016-11-08,12.6702,65.0599,81.7275,39.7057,18.25,64.0245,130.8645,24.7715
2016-11-09,12.7572,66.6798,82.0825,40.6675,18.47,65.7423,138.3979,25.4405
2016-11-10,13.3279,68.0088,80.7315,40.5313,19.2,67.9821,143.2657,25.7165
2016-11-11,12.1285,68.3871,80.7414,39.4425,19.25,67.8872,140.8743,25.8432
2016-11-14,11.79,70.2495,77.2901,39.1885,19.73,67.8113,139.3328,26.4472
2016-11-15,11.9254,70.298,77.4774,39.9597,20.44,66.4921,139.9418,26.694
2016-11-16,11.5772,69.5317,79.1326,40.4951,20.21,66.1694,140.1036,26.4309
2016-11-17,11.5289,69.6287,80.1109,40.613,20.74,67.7164,140.2273,26.3173
2016-11-18,11.5676,68.8721,79.8638,40.5313,20.73,68.1245,138.2004,26.2588
2016-11-21,11.5869,69.3959,80.7236,41.3117,20.67,69.3773,138.5049,26.2166
2016-11-22,11.7997,69.5705,78.9844,41.2754,20.72,69.5956,137.344,26.5479
2016-11-23,11.6442,70.6957,78.6286,41.2028,20.98,70.4118,138.0101,26.7654
2016-11-25,11.5761,70.6763,79.182,41.2844,21.06,70.165,138.3907,26.9408
2016-11-28,11.5956,69.9682,78.1444,41.1574,20.6,69.3773,138.0481,26.6096
2016-11-29,11.4984,69.3474,78.2136,40.7582,20.7,68.7509,138.9331,26.4017
2016-11-30,11.0318,69.8809,76.4053,40.6765,20.09,68.0201,137.0966,26.379
2016-12-01,10.6917,70.3562,74.5376,40.1412,20.4,69.9277,135.4979,26.6583
2016-12-02,10.7403,69.7063,74.8242,40.0958,20.93,70.4497,137.0395,26.5251
2016-12-05,10.7208,69.8712,76.3954,40.0686,20.9,72.1865,138.2575,26.7914
2016-12-06,10.1085,70.1428,76.1977,40.3771,21.19,72.9078,138.0862,27.0122
2016-12-07,10.4681,72.0635,78.3717,41.1121,21.89,74.5307,134.356,27.3013
2016-12-08,10.0988,72.6649,78.3421,40.8943,21.83,75.1666,133.785,27.3727
2016-12-09,10.2446,72.5291,78.2037,40.486,21.9,74.1226,136.5066,27.4831
2016-12-12,10.2446,71.3748,77.5713,40.7491,21.62,73.6386,138.7047,27.3889
2016-12-13,10.5945,71.627,78.263,41.8561,22.53,73.1356,141.1884,27.3565
2016-12-14,10.5847,71.8501,78.1938,41.1574,22.15,72.4523,141.4929,27.1486
2016-12-15,10.7597,72.694,78.5595,40.8217,22.49,72.3763,143.1106,27.3078
2016-12-16,11.0513,72.7522,77.4231,41.9105,22.18,71.5981,142.14,26.97
2016-12-19,10.8083,72.3157,77.176,41.7381,22.51,71.4937,140.5889,27.3208
2016-12-20,10.9832,72.8104,77.433,41.6383,22.79,71.7594,140.0941,27.2753
2016-12-21,11.1874,73.0626,77.2156,41.8107,22.71,71.2564,139.0949,27.0837
2016-12-22,11.061,72.3448,76.9784,41.974,22.19,68.4567,139.2757,27.3857
2016-12-23,11.0416,72.7231,77.2254,41.6565,22.27,68.096,140.4081,27.2785
2016-12-27,11.1485,72.7328,77.4231,41.847,22.28,68.2479,141.1789,27.4084
2016-12-28,11.0707,72.1411,77.3737,41.196,22.03,67.5171,140.5223,27.0545
2016-12-29,11.1096,71.7046,77.4033,41.4066,22.14,67.2798,140.627,26.9895
2016-12-30,11.0124,71.8598,77.097,41.3425,22.42,67.2798,139.133,26.983
2017-01-03,11.0416,73.0917,78.5595,41.315,22.39,68.077,143.4342,27.0739
2017-01-04,10.9541,74.2899,79.2018,41.7271,22.65,69.2824,145.4706,27.5318
2017-01-05,11.2554,73.3742,80.1307,42.2582,22.27,68.115,145.5753,27.061
2017-01-06,11.1679,73.5203,81.2374,42.0934,21.83,67.1849,149.1913,27.3857
2017-01-09,10.7111,73.9003,80.7828,42.1849,22.05,67.2608,151.1516,27.3143
2017-01-10,10.7889,74.6699,80.3481,41.9102,22.51,67.3273,151.0755,27.6877
2017-01-11,10.6139,74.9232,80.8323,42.2399,22.78,67.0462,149.0391,27.8955
2017-01-12,10.7986,74.8939,80.4073,42.3772,21.82,67.0272,147.8401,27.8466
2017-01-13,10.6333,74.6406,80.2097,42.6611,21.76,67.2177,148.5633,28.1727
2017-01-17,10.818,74.6212,80.2986,43.3478,21.34,66.4365,147.3072,27.9608
2017-01-18,10.5459,75.4882,80.6247,42.7984,21.49,66.0744,148.2302,28.2054
2017-01-19,10.332,74.7088,80.7631,42.5787,21.36,65.3122,146.3556,28.0912
2017-01-20,10.5167,74.2315,80.8718,42.9449,21.41,65.8743,147.1835,28.1075
2017-01-23,10.5459,74.0074,81.1781,43.1922,21.04,65.5409,145.3279,28.2934
2017-01-24,10.818,75.4297,82.2453,44.7213,21.42,65.6076,144.5,28.838
2017-01-25,10.8083,74.9037,82.9074,45.1792,21.77,65.9315,146.6411,28.9032
2017-01-26,10.575,74.9426,82.2552,44.4192,21.1,65.922,145.5753,28.8054
2017-01-27,10.2931,74.8647,82.7789,43.6866,19.65,64.7977,149.553,29.2033
2017-01-30,10.2154,75.2836,82.7098,43.0457,19.36,64.712,146.9551,29.1576
2017-01-31,10.3029,74.4068,81.7315,43.238,19.61,65.3027,149.0962,29.2163
2017-02-01,10.1376,74.777,81.4647,43.1739,19.38,65.0835,151.9415,29.4381
2017-02-02,10.2057,74.5335,81.3263,43.4669,19.37,66.0077,151.8558,29.0109
2017-02-03,10.4001,76.024,85.0616,43.9064,19.5,66.2554,159.421,29.6142
2017-02-06,10.2834,75.8096,84.8146,43.3295,19.5,65.4742,158.517,29.4413
2017-02-07,10.2737,75.7122,84.7652,42.716,18.86,65.1026,158.7454,29.4022
2017-02-08,10.3709,75.7902,84.0833,43.0365,19.29,66.3793,159.9825,29.412
2017-02-09,10.4584,76.1603,84.5675,43.2196,19.97,67.9228,159.3639,29.4902
2017-02-10,10.4973,76.4526,84.8837,43.3661,19.8,67.8561,159.7636,29.6794
2017-02-13,10.5167,76.8715,85.4174,43.7233,19.84,67.1034,160.6451,29.8946
2017-02-14,10.4778,77.3586,85.8225,43.6317,19.66,67.3035,161.0188,29.6109
2017-02-15,10.6333,77.5437,86.669,43.531,19.91,67.0462,164.6023,29.7609
2017-02-16,10.7403,77.456,86.5403,43.5493,19.84,67.1701,164.909,29.6892
2017-02-17,10.7694,77.6508,86.5898,43.4943,20.11,67.6465,166.0396,29.7348
2017-02-21,11.0027,77.9041,87.0452,43.2654,20.1,67.837,165.8959,30.0414
2017-02-22,11.3234,77.7969,86.9264,43.238,19.92,67.6655,165.388,29.9827
2017-02-23,11.2651,77.982,87.3027,43.1372,19.61,65.3408,166.7295,29.7283
2017-02-24,10.6139,77.6995,87.5502,42.3772,19.57,71.4671,167.2564,30.1131
2017-02-27,10.4098,78.0989,87.1244,42.3406,19.97,72.4198,168.7608,30.3577
2017-02-28,10.3612,77.9918,87.065,42.1117,19.96,72.0959,169.144,29.5979
2017-03-01,10.2737,79.8037,88.1046,41.8919,20.5,72.4008,170.7825,30.6936
2017-03-02,10.264,78.0307,87.6492,41.7912,19.89,72.982,170.6196,30.3251
2017-03-03,10.5167,77.8164,87.9066,41.6355,20.2,72.9534,172.6605,30.4947
2017-03-06,10.7403,77.4462,88.0551,42.0293,19.41,72.4389,171.9514,30.4327
2017-03-07,10.7694,77.5242,88.1739,42.5146,19.26,72.1435,169.9585,30.3186
2017-03-08,11.2943,76.9981,88.0749,41.8553,19.38,73.6108,170.3417,30.4033
2017-03-09,11.4109,77.2514,88.2234,41.8004,19.075,72.8676,171.434,30.0544
2017-03-10,11.9971,77.3293,88.8372,42.1117,20.04,73.3536,173.8486,30.4164
2017-03-13,11.5477,77.1637,89.2134,42.4505,20.04,72.3817,173.4749,30.4947
2017-03-14,11.5282,77.6313,88.659,41.4707,19.625,72.2769,172.5838,30.4327
2017-03-15,11.8212,77.1832,89.0253,42.0384,20.09,72.639,174.9601,30.899
2017-03-16,11.958,77.7093,89.1441,42.2216,20.02,72.2198,172.5742,30.7197
2017-03-17,11.8603,77.2027,89.3422,42.0201,20.16,72.0959,161.5554,30.736
2017-03-20,11.8799,76.813,88.2927,41.7729,20.29,70.4857,162.159,30.7197
2017-03-21,11.8505,75.5271,87.1838,41.8828,19.76,69.9808,159.869,30.0381
2017-03-22,11.831,75.6635,87.6393,42.2765,19.8,69.39,160.4439,30.2794
2017-03-23,11.831,75.8291,87.9759,42.3589,19.92,69.4186,159.0929,30.5371
2017-03-24,11.8212,76.1798,88.3026,42.3131,19.94,69.1614,158.8055,30.5142
2017-03-27,11.8701,75.5953,88.065,42.7069,20.29,69.3615,158.0102,30.2957
2017-03-28,11.8603,76.6085,88.2333,42.6428,20.82,69.6854,157.8186,30.5305
2017-03-29,12.0166,76.2285,88.2927,42.8899,20.64,71.8291,156.2376,30.4979
2017-03-30,12.1436,77.1637,88.1244,42.5014,20.73,71.8101,157.5024,30.6903
2017-03-31,12.0753,77.0663,87.9858,42.6864,20.61,71.2765,157.2053,30.7001
2017-04-03,11.9678,76.5598,88.4709,42.3997,20.64,70.8383,157.0329,30.4784
2017-04-04,11.8212,76.2383,87.8967,42.6402,20.51,69.028,157.4832,30.3968
2017-04-05,11.7333,76.0622,88.1442,42.7142,20.57,67.837,155.4519,30.2827
2017-04-06,11.9287,76.2187,88.2036,43.1859,20.91,68.8756,155.4615,30.6055
2017-04-07,12.0362,76.072,87.8571,43.4264,21.1,68.847,156.5442,30.674
2017-04-10,12.3293,75.7981,87.9759,43.9443,21.25,69.1328,155.9789,30.7947
2017-04-11,12.3488,75.5731,87.966,44.1108,21.54,69.3529,156.2855,31.0132
2017-04-12,12.4172,75.0058,87.7977,44.2218,21.2,69.4677,156.228,30.4698
2017-04-13,12.3586,74.145,87.9858,44.0553,20.73,68.9797,154.8483,30.2864
2017-04-17,12.5149,74.996,88.9164,44.2681,20.92,69.4007,155.3273,30.64
2017-04-18,12.5637,74.1352,88.8372,43.9443,20.79,69.4581,154.5033,30.7807
2017-04-19,12.5833,73.9005,88.857,43.4264,21.2,69.5155,154.5129,30.8102
2017-04-20,12.5344,78.2729,90.2431,43.6299,21.39,73.2473,155.2603,31.2783
2017-04-21,12.5051,77.8523,90.2431,43.3801,21.53,72.5679,153.6985,31.3307
2017-04-24,12.554,78.6935,90.9361,43.5281,21.75,73.1229,156.3143,31.6973
2017-04-25,12.9154,78.8695,91.1935,43.7594,22.47,73.2951,157.809,32.1949
2017-04-26,12.847,78.7619,90.9064,43.2691,22.25,73.6013,157.7227,32.6696
2017-04-27,12.9643,78.5761,90.6886,42.9824,22.14,73.3812,155.9118,35.4389
2017-04-28,12.8666,77.5197,90.3124,42.9547,21.83,74.0032,156.4867,35.3047
2017-05-01,13.1108,77.5001,90.352,42.8807,21.62,73.1611,155.7968,35.3276
2017-05-02,13.0327,77.8033,91.6193,43.3431,22.06,73.4195,156.6496,35.4324
2017-05-03,12.4074,77.1088,91.5203,43.1396,21.9,73.5152,156.9562,35.4651
2017-05-04,12.7591,76.6198,91.6985,42.1129,21.54,72.8454,157.4161,35.763
2017-05-05,12.4465,76.61,91.1737,43.3616,21.51,73.4482,156.9562,35.9954
2017-05-08,12.1925,76.4535,91.0054,43.5374,21.41,73.2281,156.2089,35.8907
2017-05-09,12.1925,76.7274,91.0846,42.9916,21.84,73.3621,156.3909,35.9692
2017-05-10,12.1241,76.9328,91.3322,43.2876,21.63,74.0127,153.7943,36.1526
2017-05-11,12.1827,76.2187,91.1836,42.8159,21.58,72.5392,153.3823,36.0871
2017-05-12,12.339,75.7981,91.8074,42.9454,21.23,71.6493,153.5164,35.9561
2017-05-15,12.5344,76.6198,92.3024,43.1766,21.26,70.0514,154.3851,36.2999
2017-05-16,12.72,76.4241,92.2232,42.8252,21.51,68.6926,154.4044,36.5356
2017-05-17,12.2511,74.7026,91.0082,42.039,20.96,67.8027,151.5767,35.9627
2017-05-18,12.3195,74.7123,90.9586,42.0759,21.01,67.4104,152.4452,36.0707
2017-05-19,12.7396,75.1232,91.7223,42.9084,21.28,56.1865,151.0459,36.1886
2017-05-22,12.8568,75.2992,92.5455,43.1489,21.57,57.6697,147.6777,36.2508
2017-05-23,12.9838,75.5144,93.091,43.4819,22.08,57.2869,148.691,36.0707
2017-05-24,13.189,75.4362,94.0332,43.9351,22.37,57.0573,149.2025,35.7696
2017-05-25,13.1499,75.7492,94.2613,43.7686,22.81,57.086,150.0036,35.8678
2017-05-26,13.1792,75.7688,93.8944,43.4819,22.95,57.2391,149.5982,35.8056
2017-05-30,12.8861,75.4068,93.944,43.2969,22.49,57.086,148.4787,35.8416
2017-05-31,12.945,75.2601,94.4498,42.9639,22.42,56.8468,149.8202,35.966
2017-06-01,13.4455,76.5709,94.6184,43.2136,22.65,56.7989,150.7853,36.7876
2017-06-02,13.5142,76.7763,95.3622,43.4079,22.85,55.5359,153.5937,37.1739
2017-06-05,13.6026,77.2458,95.759,43.5651,22.74,55.1148,154.6263,37.02
2017-06-06,13.74,77.1284,95.0052,44.0368,22.62,52.7036,153.9604,37.0593
2017-06-07,14.3288,78.0674,95.3027,43.0009,23.01,52.9045,156.0161,36.6207
2017-06-08,14.0246,78.2044,95.3027,43.5374,22.77,51.5553,156.9715,36.8269
2017-06-09,13.7792,78.5565,93.7853,43.9073,22.77,52.4165,158.3323,36.9415
2017-06-12,13.8872,78.4196,92.7339,44.1016,22.81,52.4931,159.1236,36.1984
2017-06-13,14.2111,78.8304,94.301,44.6196,23.05,52.7227,158.6894,36.3882
2017-06-14,14.0933,79.075,94.539,43.7871,23.36,51.4501,159.336,36.6338
2017-06-15,14.0638,78.938,93.3985,43.8334,23.03,50.5506,158.3805,36.7287
2017-06-16,13.9264,79.6716,93.3985,44.4068,22.79,49.7947,156.7495,36.9873
2017-06-19,14.1227,80.0923,94.0134,44.5733,22.92,49.2302,159.3263,37.223
2017-06-20,14.162,80.7085,93.6067,43.6946,22.47,48.1585,160.4844,36.7974
2017-06-21,14.005,80.415,93.7654,43.4449,22.54,45.7568,165.3678,36.2148
2017-06-22,14.0638,80.4542,93.1803,43.3986,22.33,45.4506,167.7515,36.3195
2017-06-23,13.8872,80.4248,94.7969,43.4634,22.4,45.9577,166.4776,36.4243
2017-06-26,14.0835,81.1487,94.4399,43.9166,22.64,46.2831,167.6068,36.4832
2017-06-27,14.0835,81.2661,94.1225,44.0738,22.71,46.4075,164.8852,36.0511
2017-06-28,14.2503,82.1366,95.4416,44.6633,22.96,46.6084,167.9928,36.3064
2017-06-29,14.0638,81.804,93.6464,44.4671,22.85,46.5988,166.5645,35.6222
2017-06-30,14.1718,82.4007,93.0117,44.5325,22.83,47.1538,166.217,35.7728
2017-07-03,14.2405,83.242,92.5852,45.0743,23.02,48.4551,166.7671,35.8678
2017-07-05,13.7596,83.3499,93.2398,44.6072,23.04,48.1298,168.1762,35.7794
2017-07-06,13.5535,82.2208,92.486,45.065,22.88,47.9193,165.7248,35.4455
2017-07-07,13.9068,82.8001,93.1505,45.1491,23.36,47.8236,165.445,35.5175
2017-07-10,14.2209,82.7706,94.3109,45.1771,23.11,46.3118,166.1881,35.5993
2017-07-11,14.054,82.6332,94.6283,44.9435,22.93,46.2352,167.269,35.7368
2017-07-12,14.2405,83.2812,95.392,45.9151,23.29,46.4568,167.2207,35.9365
2017-07-13,14.1914,83.8212,95.154,45.9805,23.75,46.7746,168.9289,35.549
2017-07-14,14.5349,83.7329,96.1358,46.7839,23.43,46.6301,170.946,35.4964
2017-07-17,14.5349,83.6739,96.0367,46.6344,23.525,47.1405,171.2065,35.4898
2017-07-18,14.2896,83.9685,96.7805,47.1015,23.26,46.7842,171.2837,35.48
2017-07-19,14.3386,84.3711,97.445,47.634,23.33,46.7457,172.9244,35.9956
2017-07-20,14.4564,83.8016,97.3062,47.9516,23.33,46.2064,173.0595,35.723
2017-07-21,14.2798,84.0372,98.784,48.0731,23.45,45.4648,173.9184,35.4504
2017-07-24,14.4564,83.4579,99.5477,48.0637,22.76,43.3847,174.7388,35.3683
2017-07-25,15.3986,83.8605,99.1708,48.1011,22.77,44.0588,174.5747,35.3946
2017-07-26,15.2121,83.7525,100.0237,47.9609,22.07,44.3959,169.7493,34.7837
2017-07-27,15.1042,82.3288,98.7542,47.2416,21.71,45.5033,166.1398,37.8972
2017-07-28,15.2023,83.2616,98.3377,47.7648,22.06,44.3188,168.4464,37.3356
2017-07-31,15.2514,83.6838,98.7443,47.7554,21.93,45.4456,168.4174,38.1107
2017-08-01,15.6145,84.4103,100.0436,47.3818,21.98,45.1374,168.0507,37.6542
2017-08-02,15.114,83.7525,100.4502,48.0637,22.13,45.8886,168.3692,37.352
2017-08-03,15.693,83.9881,99.7659,47.8208,22.13,46.7553,168.099,37.3159
2017-08-04,15.6145,84.4103,100.0634,47.3818,22.43,47.1887,167.7805,37.6542
2017-08-07,15.4182,84.2925,100.6585,47.4565,22.14,47.0346,168.485,38.0581
2017-08-08,15.2906,84.3809,100.4502,46.7839,21.81,48.1902,167.6261,38.0581
2017-08-09,15.1827,84.1354,100.1427,46.4943,21.85,47.9591,167.491,37.5261
2017-08-10,14.8882,83.0259,98.6749,45.8497,21.46,47.2753,163.206,36.9382
2017-08-11,14.8981,82.7608,99.27,46.0459,21.32,47.4776,163.5148,37.0006
2017-08-14,15.1434,83.9194,101.0354,46.3261,21.67,47.4968,165.6766,37.5031
2017-08-15,15.1336,85.2155,101.7891,46.0178,21.82,45.3878,165.2102,37.7757
2017-08-16,15.1925,85.8046,102.6385,46.0459,21.81,46.7746,166.5219,37.9596
2017-08-17,14.8981,84.5282,101.4862,45.775,20.49,45.9367,163.0436,37.2403
2017-08-18,14.8981,83.831,101.8339,46.2514,20.28,33.1091,162.5383,36.9054
2017-08-21,15.0853,83.7525,102.5392,46.0365,20.2,30.6437,163.3836,37.1024
2017-08-22,15.1444,83.7525,103.3836,46.541,20.3,31.9535,165.2394,37.4308
2017-08-23,14.9867,83.7329,102.4995,47.1576,19.64,33.9469,164.1998,36.8495
2017-08-24,14.7798,83.8114,102.5392,47.2697,19.34,33.4847,165.1228,36.8955
2017-08-25,14.7503,83.9194,102.6683,47.0455,19.85,34.5537,164.9188,37.2502
2017-08-28,14.7306,83.8605,103.0955,46.8586,19.59,34.3803,166.9008,37.5261
2017-08-29,15.0459,83.8703,103.0856,46.952,19.71,33.8603,167.338,37.155
2017-08-30,14.9966,84.1354,103.0458,46.7091,19.72,33.9373,168.7177,37.329
2017-08-31,14.9572,84.538,102.8372,47.4565,19.81,33.9277,172.7207,37.9366
2017-09-01,15.5582,84.5773,103.2147,47.5032,19.82,34.9966,173.634,38.3209
2017-09-05,15.7257,83.7623,102.3306,47.0548,19.16,34.987,171.7199,37.5951
2017-09-06,15.5582,83.6838,102.4995,47.634,18.85,35.3433,173.3134,37.5327
2017-09-07,15.4597,82.8786,103.8704,48.045,18.25,34.8233,175.5772,37.8939
2017-09-08,15.1838,82.7215,103.7412,47.7835,18.7,34.4092,175.5092,37.976
2017-09-11,15.0853,84.1354,105.4499,48.2505,19.38,33.6966,181.193,38.2913
2017-09-12,15.0459,84.9798,105.5095,48.372,19.78,34.3803,185.5749,38.5015
2017-09-13,15.0163,85.0682,105.132,48.1198,19.35,34.7655,184.3118,38.5048
2017-09-14,15.0064,84.6263,105.3803,47.9796,19.37,35.2663,184.0592,38.9153
2017-09-15,15.0656,85.4118,104.6055,47.9049,19.38,35.5648,182.1452,39.3817
2017-09-18,15.0557,86.2759,104.1386,47.251,19.16,34.9196,181.1736,39.6214
2017-09-19,14.7207,87.3854,104.7148,47.5873,19.04,33.7543,181.0278,40.0221
2017-09-20,14.7207,86.8257,104.2777,47.3444,19.25,33.2921,182.8253,40.275
2017-09-21,14.7404,86.8159,104.6154,46.6531,18.9,32.4542,181.3387,40.1239
2017-09-22,14.7207,86.7963,104.8638,46.3542,18.62,32.3579,180.4837,40.1995
2017-09-25,14.5631,86.6097,102.3405,46.7839,18.87,33.3788,180.9987,40.1863
2017-09-26,14.6222,87.081,102.261,46.924,18.7,33.8217,180.3283,39.9335
2017-09-27,14.5236,87.8665,103.2048,46.513,18.55,33.7736,179.6287,40.4327
2017-09-28,14.7404,88.5047,103.8902,46.9056,18.51,33.5714,180.1923,40.541
2017-09-29,14.7897,88.8189,104.5459,46.7637,18.53,33.9181,181.1541,40.6232
2017-10-02,14.8291,88.8974,104.7446,46.5745,18.51,33.4654,181.8537,40.991
2017-10-03,15.0656,89.7713,104.8936,46.4042,19.82,33.1091,181.912,40.8399
2017-10-04,15.174,89.3589,104.6154,46.2055,19.33,32.5987,183.2333,41.0074
2017-10-05,15.2134,89.8517,105.5393,46.319,19.29,33.1091,181.5428,40.9253
2017-10-06,15.302,90.2362,106.026,46.5839,19.64,33.138,180.542,41.0271
2017-10-09,15.2429,90.3741,106.3042,46.6029,19.49,32.1557,180.1923,40.7118
2017-10-10,14.967,90.5713,106.6022,46.8015,20.23,32.3579,180.5129,40.702
2017-10-11,14.8291,90.6403,107.7248,47.4732,20.53,31.7127,178.9195,40.8268
2017-10-12,14.8882,90.2953,107.3969,47.3881,20.34,30.5558,177.5689,41.0764
2017-10-13,14.7798,91.5274,107.9433,47.4638,20.37,30.7697,177.8118,41.3135
2017-10-16,14.9966,90.6403,107.5857,47.4448,20.24,30.0892,176.7334,41.8734
2017-10-17,14.8882,90.3741,106.8307,47.8043,20.18,30.1572,180.9015,41.2443
2017-10-18,14.8094,90.7585,107.089,47.0097,20.07,30.3128,180.989,41.7648
2017-10-19,14.7601,90.5811,106.3141,47.1989,20.34,30.128,178.8903,41.4881
2017-10-20,14.6222,90.7684,106.8406,46.3853,20.35,30.41,177.7633,42.1468
2017-10-23,14.6025,91.0542,106.8208,45.969,19.88,30.7405,175.4023,41.9064
2017-10-24,14.5138,92.513,107.695,45.4581,20.62,30.2642,175.2468,42.5553
2017-10-25,14.5532,92.2173,108.8274,44.1431,19.72,30.4197,172.4583,42.1501
2017-10-26,14.8784,94.3167,109.0758,44.1904,19.59,32.1502,171.5062,43.9716
2017-10-27,14.8586,94.4153,108.9864,45.0702,19.38,30.6725,170.3014,43.7641
2017-10-30,14.5433,93.7056,109.3142,45.0702,18.94,29.7294,169.631,43.0658
2017-10-31,14.7798,94.1492,109.2546,44.9189,19.15,29.2434,170.2431,43.4083
2017-11-01,14.8784,94.4153,110.3374,45.3919,18.95,29.0781,170.4374,42.9802
2017-11-02,14.5236,94.6026,110.248,45.2595,18.92,29.1753,167.5129,43.1679
2017-11-03,14.5236,95.0461,110.6255,45.3068,19.19,29.0198,168.5137,43.5137
2017-11-06,14.3463,94.9081,111.1818,45.9312,19.32,28.8253,165.9487,43.5302
2017-11-07,14.1788,94.0013,111.3507,46.319,18.92,28.4267,168.5525,43.4314
2017-11-08,14.2576,93.7648,111.7282,45.9974,18.8,29.0489,168.6497,43.6093
2017-11-09,14.7897,92.4046,111.4004,46.0447,18.83,29.7586,169.0578,42.855
2017-11-10,15.9129,92.1779,111.1421,46.7069,18.99,29.4961,167.4546,42.8748
2017-11-13,16.0804,92.5524,110.6652,46.811,18.95,28.8156,166.6288,42.4301
2017-11-14,16.2381,92.4144,111.2414,46.9056,19.63,29.1656,165.2977,42.6047
2017-11-15,16.2972,98.8968,109.5228,46.6218,20.15,30.3322,164.569,42.2621
2017-11-16,16.2578,92.2173,110.4832,46.7921,20.26,30.9641,167.0536,42.7101
2017-11-17,16.7111,92.3454,109.289,46.338,19.99,39.6846,166.3004,42.8418
2017-11-20,16.9278,92.6017,109.4184,46.9434,19.78,39.5582,165.1167,43.3062
2017-11-21,16.8391,93.0551,110.9111,47.5489,19.98,39.5582,166.1439,43.5104
2017-11-22,16.918,92.4736,110.2842,46.9056,19.9,39.4124,166.2613,43.1053
2017-11-24,16.9968,92.1385,111.4286,47.1799,19.84,38.9847,166.4178,43.0493
2017-11-27,17.1253,92.1286,111.8366,47.057,19.68,38.3041,166.0167,42.8385
2017-11-28,17.0067,93.9126,112.8119,46.9624,20.12,39.3249,166.5547,43.4248
2017-11-29,16.7397,95.2137,109.3288,45.6095,20.96,41.4054,168.4819,42.4367
2017-11-30,16.977,96.3078,112.0456,45.4392,21.47,41.6484,171.8372,43.3425
2017-12-01,17.3725,96.4556,110.1946,45.9406,21.31,42.1054,173.3437,42.6409
2017-12-04,17.1451,97.1751,106.9106,46.0163,21.97,44.4872,174.8013,42.3906
2017-12-05,17.1945,97.2934,108.055,46.1298,21.66,42.1929,174.7817,42.0085
2017-12-06,17.244,96.8006,109.2094,46.1487,21.62,41.629,172.385,42.3642
2017-12-07,17.3033,97.1653,110.8614,46.4893,21.87,42.0179,170.1742,42.4136
2017-12-08,17.422,97.1357,112.0556,46.319,22.08,43.7192,171.5927,42.8451
2017-12-11,17.3429,97.5792,111.8267,46.2339,22.19,43.1748,172.9818,43.1053
2017-12-12,16.9177,97.9439,112.9114,45.9595,21.59,43.3303,172.4242,42.5915
2017-12-13,16.888,96.3767,112.7621,46.1204,21.49,44.0886,173.5198,43.405
2017-12-14,16.7892,95.7558,112.374,45.8649,21.18,43.097,171.1133,43.0691
2017-12-15,16.3936,97.1061,113.2697,45.2878,21.29,44.3803,173.1872,44.4228
2017-12-18,16.4727,98.2495,113.001,45.4487,21.82,45.2747,172.3068,43.9518
2017-12-19,16.7793,97.7271,111.5978,45.373,21.59,44.9247,173.0209,44.2845
2017-12-20,16.6804,97.0963,111.5779,45.3068,21.96,45.0025,173.2557,43.9288
2017-12-21,16.5518,97.0864,111.8665,45.9217,22.43,46.6455,172.835,44.4294
2017-12-22,16.3838,97.323,112.1451,45.8839,22.44,45.9455,172.5807,44.3306
2017-12-26,16.2354,97.1554,112.4437,45.9595,22.58,47.1996,172.2579,44.2878
2017-12-27,16.4134,97.7074,113.4687,45.9312,22.5,46.3538,172.3752,44.6303
2017-12-28,16.2948,98.2692,113.7971,46.5397,22.54,45.7802,171.4361,45.0882
2017-12-29,16.4727,97.8848,113.4687,46.6164,22.34,45.5761,170.1155,44.6831
2018-01-02,16.4134,97.5201,113.9563,47.2777,22.38,46.558,173.1481,44.604
2018-01-03,16.3145,98.1213,115.0908,47.3064,21.59,46.5385,176.4154,45.3649
2018-01-04,16.2552,99.7534,115.5187,47.4598,21.69,45.0219,175.6719,45.7799
2018-01-05,16.3936,99.9809,118.2853,47.4119,21.38,45.6539,176.7186,45.6613
2018-01-08,16.5716,99.061,118.763,47.2681,21.28,45.6636,176.6697,46.4815
2018-01-09,16.6408,99.427,118.5341,46.9135,21.47,44.7206,179.3892,46.2443
2018-01-10,16.5518,100.1194,118.4047,45.4951,21.59,44.9928,178.8805,45.9182
2018-01-11,16.5024,99.6347,119.2605,45.773,22.34,45.0122,178.0001,46.4617
2018-01-12,16.5617,99.8721,119.5093,45.8688,22.93,46.1302,181.0131,46.3629
2018-01-16,16.2157,99.249,119.8079,46.0126,22.3,45.6539,181.5022,46.0467
2018-01-17,16.7397,99.6644,121.3902,46.0989,22.45,46.733,183.9184,46.6099
2018-01-18,16.6013,98.7742,122.5147,46.2139,22.48,47.5451,183.5076,46.5012
2018-01-19,16.8485,96.9641,122.1067,45.8688,22.57,49.1303,185.1608,47.4847
2018-01-22,17.0561,97.2509,123.7288,46.0414,22.59,49.2869,188.1444,47.4847
2018-01-23,16.9177,96.9146,124.0473,45.8688,22.53,50.4121,187.8118,48.6045
2018-01-24,16.6309,98.2203,123.9478,46.0605,22.05,51.1264,186.4814,48.5648
2018-01-25,16.9572,98.606,124.6145,44.8913,20.69,51.3123,185.9434,48.3567
2018-01-26,17.0067,98.5467,125.7092,44.5271,20.5,50.4806,191.7443,48.6243
2018-01-29,16.5518,98.3291,124.2364,43.8562,20.28,50.1773,193.691,47.8811
2018-01-30,16.5815,97.6367,122.9526,43.5016,20.65,48.827,187.1075,45.7903
2018-01-31,16.4727,98.3192,123.6293,44.1246,20.86,48.0931,182.0011,46.3749
2018-02-01,16.4826,98.9127,125.1121,43.4345,20.94,48.1518,181.5218,45.9884
2018-02-02,16.4134,95.6288,120.3254,42.5049,20.33,47.3397,182.9402,44.8687
2018-02-05,15.7707,91.0095,115.7078,41.6423,19.82,44.6488,170.947,42.7481
2018-02-06,15.7608,93.1559,119.3899,41.8627,20.35,46.6156,172.8057,43.1841
2018-02-07,15.4148,92.5921,119.0715,41.6998,20.385,46.9776,173.6078,42.986
2018-02-08,15.1379,87.3794,113.3095,40.291,19.83,44.8934,169.3525,41.0239
2018-02-09,15.0588,90.7227,115.7576,40.3293,19.89,45.2457,169.6851,41.3014
2018-02-12,15.0292,93.6703,117.8972,40.9714,19.87,45.3435,171.0644,41.5987
2018-02-13,15.5137,93.5318,117.7778,41.1631,19.96,45.6371,172.1111,41.8563
2018-02-14,15.306,95.1837,120.2458,41.1344,20.14,47.5354,176.9408,42.9166
2018-02-15,15.4247,95.5101,121.9006,43.2333,20.3,48.1812,180.9622,43.5012
2018-02-16,15.4543,95.7376,121.472,43.8466,20.3,48.1127,180.9129,43.64
2018-02-20,15.3159,96.1332,121.6315,43.1374,20.02,47.1342,180.3511,43.5607
2018-02-21,14.8116,96.4398,120.0564,43.4729,20.74,47.3788,179.809,43.8778
2018-02-22,14.7424,96.2915,120.0065,43.3578,20.85,47.2222,179.8287,44.4624
2018-02-23,14.604,97.7257,122.5486,44.0766,21.32,47.2124,183.9881,44.5912
2018-02-26,14.6732,100.5348,124.2034,44.0766,21.73,48.2594,185.7918,44.9282
2018-02-27,14.3964,98.4972,122.9872,43.0224,21.35,46.5177,183.1207,44.4922
2018-02-28,14.3865,96.4497,122.5586,41.4219,21.05,44.9228,181.1297,43.9472
2018-03-01,15.4345,94.1055,120.0264,41.8148,21.08,44.8934,180.6566,43.3922
2018-03-02,15.6125,94.5605,120.3953,41.7957,21.29,39.179,182.4209,43.6796
2018-03-05,15.6916,95.609,121.5019,42.0928,21.27,40.7348,187.3984,44.1552
2018-03-06,15.751,95.0254,120.6844,42.3324,21.44,41.1947,187.6152,44.73
2018-03-07,15.395,94.6001,121.472,41.3644,21.5,39.8444,184.8357,45.2155
2018-03-08,15.7213,95.5397,121.8408,41.5273,21.71,39.9716,184.471,45.3543
2018-03-09,15.5928,97.973,124.1237,41.9778,22.0,41.6448,188.3544,46.3848
2018-03-12,15.3843,96.608,123.8545,42.4186,22.04,42.3885,186.5803,46.1173
2018-03-13,15.2454,94.333,122.8178,42.3707,22.35,42.9168,187.0238,45.9092
2018-03-14,15.166,93.5021,122.1997,42.2653,22.34,42.3298,187.832,45.9785
2018-03-15,15.0369,93.3637,123.0271,41.0385,22.26,42.5254,187.0238,45.9587
2018-03-16,15.1064,94.5704,124.1436,40.9427,22.59,43.1615,185.5355,46.1668
2018-03-19,15.1362,93.8088,122.8277,40.1951,22.17,42.8777,179.9273,46.2064
2018-03-20,15.4836,93.9176,124.5225,38.863,22.3,42.682,179.4147,46.5235
2018-03-21,15.3645,93.7099,122.8377,40.2335,21.78,42.819,178.9811,46.2857
2018-03-22,15.3148,90.4161,119.6177,39.208,21.27,40.9794,173.5502,44.7597
2018-03-23,14.6995,89.4665,116.637,39.093,20.84,42.7994,166.9958,44.0661
2018-03-26,14.6697,91.6129,120.2657,38.7959,20.48,44.2867,172.673,45.2453
2018-03-27,14.4513,90.426,117.0358,39.0451,19.95,43.1615,168.691,44.1949
2018-03-28,14.3322,91.2074,116.627,39.2401,20.17,43.8171,168.011,44.185
2018-03-29,14.6101,92.2657,119.2489,40.2735,20.32,44.5607,168.0307,45.3047
2018-04-02,14.4414,90.0105,118.0227,39.3765,19.73,42.8777,163.6643,44.3435
2018-04-03,14.6498,91.7316,118.8302,38.9281,20.15,44.8543,165.8031,44.8192
2018-04-04,14.7292,92.5625,119.4383,39.6788,20.48,46.7623,171.027,45.493
2018-04-05,14.6895,93.5255,120.814,40.9364,20.64,46.8798,169.5288,45.7903
2018-04-06,14.63,91.2519,117.3348,40.4294,19.95,45.4609,165.7243,44.6804
2018-04-09,14.5605,91.4803,118.4214,40.7219,19.48,44.6292,167.183,44.7002
2018-04-10,14.4613,92.3341,120.3455,41.0339,19.36,45.6371,170.6426,45.4335
2018-04-11,14.6002,90.9441,119.4084,41.0436,19.33,45.1185,169.9329,45.2155
2018-04-12,14.6498,92.6816,120.6944,41.1704,19.55,44.9423,168.5629,45.6416
2018-04-13,14.4017,92.3639,120.3754,41.2971,19.51,44.228,169.0163,45.4951
2018-04-16,14.4712,92.9298,121.5019,41.9211,19.77,42.4178,168.9177,45.9522
2018-04-17,14.2528,93.188,123.4159,42.6522,19.81,41.4589,172.3675,46.5584
2018-04-18,14.1337,94.4687,124.0938,43.3152,19.97,41.5078,172.5942,46.8963
2018-04-19,14.1834,101.637,123.5754,42.5157,19.66,41.0787,170.4455,46.6677
2018-04-20,14.5506,100.0683,123.8147,42.2818,19.86,40.3289,169.0952,46.618
2018-04-23,14.2826,99.8896,124.0739,42.2233,19.91,40.6545,172.1506,46.2603
2018-04-24,14.3422,99.7208,120.8937,41.8333,19.53,41.1477,169.4697,44.5212
2018-04-25,14.1238,98.0727,120.8339,41.5798,19.17,41.3746,172.3182,43.9845
2018-04-26,14.3521,99.5123,126.6857,41.3654,19.17,42.5782,172.8504,45.6938
2018-04-27,14.4017,98.8968,125.619,41.1411,19.28,43.8113,174.9104,44.392
2018-04-30,14.1933,98.0429,126.4863,41.3849,19.19,42.4993,171.9732,43.7162
2018-05-01,14.1238,97.8742,127.1144,41.6968,19.44,42.0356,166.8479,44.0839
2018-05-02,14.0642,96.931,125.9879,41.6481,19.34,42.0257,166.9958,43.8156
2018-05-03,14.9377,96.4445,126.7854,41.7651,19.21,41.0885,163.9994,44.3025
2018-05-04,15.3049,97.6458,127.7624,41.8431,19.36,41.1083,165.5666,44.8988
2018-05-07,15.3744,97.8742,128.859,42.0283,19.25,39.9738,165.6454,44.8292
2018-05-08,15.5828,99.0258,129.497,42.0283,19.25,41.3648,166.0693,44.859
2018-05-09,15.6622,99.7804,130.4341,42.3695,18.71,40.9011,167.2027,45.1671
2018-05-10,16.0692,100.6541,130.5936,42.6327,18.81,41.2957,168.3165,45.4752
2018-05-11,15.8806,100.6938,131.411,42.6815,18.98,42.0159,171.3917,45.5149
2018-05-14,15.7317,100.5648,130.8029,42.701,18.87,42.8544,173.4319,45.3758
2018-05-15,15.7119,100.0187,130.6933,42.1843,19.01,43.032,169.864,45.3261
2018-05-16,15.9501,99.8698,130.4839,41.7066,19.47,43.5548,172.6251,45.5547
2018-05-17,15.8012,100.4953,129.735,41.1021,19.32,43.3378,173.4694,45.8031
2018-05-18,15.4935,100.2669,129.735,41.7163,19.04,42.8544,175.1082,45.982
2018-05-21,15.8707,101.3094,130.4639,42.155,19.18,43.4957,175.2771,47.0255
2018-05-22,15.7516,101.9647,130.5138,41.8918,18.89,43.6732,177.1543,46.3894
2018-05-23,15.7913,101.2002,131.682,41.1996,18.67,44.423,178.7236,46.3696
2018-05-24,15.7218,101.2796,131.692,40.8097,19.04,45.7646,176.757,46.1211
2018-05-25,15.7119,100.3761,131.0829,40.5854,19.41,54.9886,177.0351,45.6242
2018-05-29,15.7317,97.0203,129.4953,40.3515,19.2,53.8245,176.2405,45.336
2018-05-30,15.8905,98.2812,130.4439,41.0241,18.98,53.8245,179.0216,46.1808
2018-05-31,15.7212,97.5962,130.5238,40.7804,18.89,53.2425,178.4058,45.1174
2018-06-01,16.1197,97.5465,130.6536,40.4392,18.77,53.9626,182.3291,45.5348
2018-06-04,15.9901,98.7379,132.8703,40.6439,19.11,54.9985,184.1864,45.982
2018-06-05,16.0798,98.5989,133.3595,40.8877,18.86,56.2908,180.5015,46.2702
2018-06-06,16.0599,100.247,136.0754,40.293,18.77,56.2316,182.3092,47.0752
2018-06-07,15.8507,100.7534,133.6391,40.4879,18.77,56.8729,182.0609,47.3932
2018-06-08,15.9403,100.2768,134.5378,40.7122,18.84,58.1257,183.0541,47.6814
2018-06-11,16.0699,100.4754,133.709,41.3069,19.08,57.228,183.362,47.2342
2018-06-12,16.1894,100.0088,134.6576,40.8292,18.94,57.159,183.8189,46.6677
2018-06-13,16.4584,99.3038,134.1983,40.4587,18.99,56.4487,182.4383,46.2106
2018-06-14,16.3887,99.0457,134.7974,40.6049,19.04,56.8729,184.5341,46.2503
2018-06-15,16.4484,97.8146,134.8972,40.5269,19.19,56.1034,183.7593,46.1609
2018-06-18,16.1994,97.7649,135.9956,41.7846,19.18,55.1465,182.7065,46.0416
2018-06-19,16.1496,96.4445,134.9072,41.5701,18.97,55.2747,184.9314,45.5447
2018-06-20,16.2193,95.7296,135.2966,42.5352,19.02,55.9455,185.2492,45.5249
2018-06-21,16.3887,95.9381,134.3281,42.194,19.27,56.0442,184.7327,44.9485
2018-06-22,16.4385,96.5338,135.1269,42.3208,18.98,53.8442,183.8984,45.0379
2018-06-25,16.6577,97.8344,130.7335,41.4921,18.79,52.4533,184.107,44.7597
2018-06-26,16.5481,97.5068,132.351,41.9113,18.75,53.0057,183.3422,44.7895
2018-06-27,16.3887,96.2658,130.8233,41.6481,18.92,52.621,182.2893,44.6503
2018-06-28,16.3289,96.2757,132.5408,41.915,18.86,53.3411,182.1006,44.7497
2018-06-29,16.4883,97.2983,132.2512,42.6355,18.98,51.9403,183.3422,44.9385
2018-07-02,16.4684,98.2911,132.3011,41.915,19.1,51.3385,184.0374,44.8491
2018-07-03,16.6377,97.1395,131.2527,42.8822,19.12,51.4766,184.4546,44.6305
2018-07-05,16.6477,98.1757,133.0899,42.2999,19.28,51.4273,186.0934,44.859
2018-07-06,16.7174,98.1657,133.8887,42.9908,19.45,51.595,189.7188,44.6404
2018-07-09,16.9366,99.5507,135.3166,42.823,19.64,52.7393,192.8574,45.4851
2018-07-10,16.9266,99.5507,136.4848,42.7243,19.5,52.3053,194.3671,45.7932
2018-07-11,16.568,99.9393,137.9426,42.7539,19.29,51.3286,191.8443,45.2864
2018-07-12,16.6178,100.7863,139.69,43.0796,19.15,51.2201,192.768,45.7274
2018-07-13,16.6875,100.1386,139.2107,42.902,19.28,51.96,194.5856,46.0563
2018-07-16,16.7872,100.3279,138.2522,42.8625,19.4,52.0981,193.5626,45.7473
2018-07-17,16.7374,100.7863,139.4304,42.3394,19.52,51.8515,192.6091,46.0164
2018-07-18,16.7075,102.6097,140.6885,42.2802,19.97,52.108,191.4967,46.754
2018-07-19,16.4883,99.8098,139.9197,44.1949,19.83,52.7286,190.4637,46.8437
2018-07-20,16.4385,99.7899,140.7784,43.6915,19.84,52.0434,189.2023,47.1327
2018-07-23,16.299,100.856,139.8198,43.6718,19.81,51.3583,188.6858,46.754
2018-07-24,16.1695,101.3443,139.8198,43.7014,17.79,49.273,190.1061,47.0928
2018-07-25,16.1595,102.2609,142.4259,44.1455,17.22,48.8658,191.7351,48.0596
2018-07-26,16.1894,102.1314,142.2861,44.185,17.98,48.2601,192.7382,46.9334
2018-07-27,16.2093,103.4766,140.4988,43.5435,18.05,47.0188,191.1391,45.7972
2018-07-30,15.9104,100.4873,136.2751,43.731,17.91,47.9523,189.3413,45.239
2018-07-31,15.9304,99.1621,136.5348,44.3626,18.0,48.4686,195.2213,45.9865
2018-08-01,15.8307,99.0924,138.0425,44.2837,17.55,47.5153,194.5161,45.857
2018-08-02,15.7909,99.3714,138.7115,44.6982,17.81,47.3267,195.0525,46.146
2018-08-03,15.492,100.4276,139.6101,44.639,18.25,46.8302,196.6516,46.5247
2018-08-06,15.4024,100.5571,139.5003,45.014,18.35,46.6614,196.2742,46.734
2018-08-07,15.4522,101.6033,140.0694,43.8593,18.21,47.2274,199.0453,46.9134
2018-08-08,15.2928,102.4104,140.4688,43.8198,18.46,46.6713,194.8737,46.4749
2018-08-09,15.492,102.6196,139.7998,43.9975,18.5,47.277,192.6588,46.754
2018-08-10,15.3127,101.2147,139.5203,43.504,18.45,47.6345,193.1057,46.4948
2018-08-13,15.492,101.4439,139.9995,43.2869,18.17,47.7537,194.2877,45.837
2018-08-14,15.5219,101.8126,140.5487,43.6817,18.32,48.5481,194.4367,45.8769
2018-08-15,15.4522,101.145,139.71,43.1882,18.5,48.0118,193.94,45.4683
2018-08-16,15.5817,102.2809,140.65,43.2277,18.66,49.402,196.44,45.9666
2018-08-17,15.9104,102.6595,141.33,43.7902,18.8,50.3454,197.42,46.3254
2018-08-20,16.03,103.4566,140.94,44.1949,19.26,51.398,197.56,46.435
2018-08-21,16.1,104.4331,140.04,43.5336,19.3,51.964,197.31,46.7839
2018-08-22,15.85,105.4494,141.14,43.9777,18.95,51.7654,197.84,46.7041
2018-08-23,15.4,104.9911,142.1,43.8593,18.9,52.8279,196.6,46.136
2018-08-24,15.27,105.3797,144.2,43.7803,18.63,47.9821,196.64,46.2158
2018-08-27,15.27,106.665,145.4,43.8593,18.61,48.5977,198.6,46.435
2018-08-28,15.2,106.8942,145.2,43.6224,19.01,47.8927,198.62,46.744
2018-08-29,15.24,106.3263,147.03,43.1191,19.21,49.4616,199.75,46.9533
2018-08-30,15.21,105.848,146.74,42.7737,19.16,48.4488,200.35,46.8536
2018-08-31,15.6,105.5989,146.89,42.0433,19.08,48.9552,199.81,46.8536
2018-09-04,15.26,106.6252,147.8,41.6091,19.22,48.0019,196.73,46.744
2018-09-05,15.19,105.3,142.67,42.1815,19.07,48.8162,197.75,46.9234
2018-09-06,15.14,105.021,144.5,41.9545,18.96,47.7834,196.15,47.342
2018-09-07,15.11,105.6985,143.2,41.6584,18.8,46.4131,196.3,46.6742
2018-09-10,15.34,106.9042,144.08,41.313,19.02,48.7467,202.5,46.7739
2018-09-11,15.56,107.9205,145.49,41.7966,19.04,48.3594,199.47,46.7938
2018-09-12,15.46,107.4921,146.57,41.688,18.97,48.0118,199.5,47.2722
2018-09-13,15.38,108.2693,147.63,41.7867,19.22,46.711,202.93,47.4616
2018-09-14,15.35,109.166,147.84,41.2933,19.18,46.2642,200.58,47.9899
2018-09-17,15.13,108.8073,146.18,41.8262,19.64,46.4131,200.81,47.7806
2018-09-18,15.29,109.2457,147.63,41.5597,19.74,46.5521,202.34,47.8802
2018-09-19,15.17,109.7041,147.42,41.5104,19.89,46.5422,203.2,47.3221
2018-09-20,15.21,110.7104,149.24,41.1255,19.91,46.9593,205.1,47.2722
2018-09-21,15.18,110.5012,150.05,40.4643,19.89,47.9523,205.1,46.7938
2018-09-24,15.06,109.455,149.11,40.4741,19.49,47.1479,207.21,46.7839
2018-09-25,14.91,109.4749,149.58,40.5827,19.3,47.6246,206.46,46.4151
2018-09-26,15.1,107.6216,149.27,39.9905,19.17,49.7695,206.83,46.2058
2018-09-27,15.88,107.4622,150.02,40.27,19.38,50.2759,208.89,46.3055
2018-09-28,16.15,106.1071,150.09,40.46,19.36,50.6234,207.29,46.1859
2018-10-01,15.87,107.512,150.79,41.39,18.99,49.8489,206.91,45.6178
2018-10-02,15.45,108.0002,149.67,41.88,18.93,47.0784,207.67,45.6277
2018-10-03,15.1,108.06,149.37,41.85,18.53,48.0019,206.9,45.2988
2018-10-04,14.9,107.74,146.76,41.28,18.48,47.0089,203.47,44.4915
2018-10-05,14.92,107.23,145.36,41.53,18.1,47.2671,204.02,44.1327
2018-10-08,15.09,106.99,141.89,41.33,17.98,48.6374,205.57,43.445
2018-10-09,14.9,106.66,142.31,40.84,17.38,48.7367,206.0,42.5978
2018-10-10,14.44,103.57,135.52,40.35,16.63,47.6345,201.2,40.5347
2018-10-11,14.41,101.58,133.73,39.46,16.21,47.8132,193.85,39.1693
2018-10-12,14.84,103.0,140.06,39.37,16.36,49.3524,197.39,39.7673
2018-10-15,14.8,102.62,137.23,39.72,16.48,49.9879,195.59,39.6377
2018-10-16,15.54,104.27,141.74,40.11,16.86,50.3951,202.34,40.3653
2018-10-17,15.17,104.34,142.45,40.23,16.87,48.985,202.77,40.2557
2018-10-18,14.82,102.84,139.29,40.22,16.34,48.8,202.72,39.7075
2018-10-19,14.76,106.73,140.08,40.75,16.52,47.39,201.8,39.0
2018-10-22,14.51,104.51,140.64,40.24,16.57,47.37,198.02,38.9
2018-10-23,14.58,104.38,139.12,39.13,16.63,47.02,197.64,38.39
2018-10-24,14.45,101.84,134.26,38.65,15.82,46.48,187.88,37.38
2018-10-25,14.58,103.6,140.52,38.31,16.45,45.78,188.1,39.92
2018-10-26,14.38,101.25,137.74,38.04,16.28,45.61,185.98,40.44
2018-10-29,14.46,101.19,134.33,37.56,16.16,46.42,188.19,39.61
2018-10-30,14.64,102.08,132.76,37.85,17.08,48.65,189.08,40.28
2018-10-31,15.04,102.73,137.85,37.72,16.73,47.14,192.79,40.63
2018-11-01,15.1,104.04,140.83,38.86,17.23,47.94,192.9,41.57
2018-11-02,14.96,103.71,139.78,38.69,17.66,48.8,187.06,41.74
