Date,Mkt-RF,SMB,HML,RMW,CMA,RF
2014-01-02,-0.88,-0.25,0.11,-0.31,0.12,0
2014-01-03,0.03,0.41,0.05,-0.35,0.14,0
2014-01-06,-0.34,-0.55,0.26,-0.35,0.06,0
2014-01-07,0.68,0.33,-0.41,-0.04,-0.29,0
2014-01-08,0.04,0.01,-0.11,-0.5,-0.05,0
2014-01-09,0.02,0.16,-0.38,-0.57,-0.41,0
2014-01-10,0.27,0.45,-0.77,-0.29,-0.31,0
2014-01-13,-1.32,-0.1,0.1,-0.09,0.47,0
2014-01-14,1.15,0.13,-0.38,-0.11,-0.35,0
2014-01-15,0.53,0.21,0.21,-0.38,0,0
2014-01-16,-0.07,0.23,-0.68,-0.02,-0.27,0
2014-01-17,-0.39,0.02,0.04,-0.21,0.03,0
2014-01-21,0.3,0.42,-0.01,-0.25,-0.35,0
2014-01-22,0.15,0.29,0.21,-0.17,-0.17,0
2014-01-23,-0.86,0.1,-0.5,0.28,-0.09,0
2014-01-24,-2.19,-0.39,0.22,0.32,0.05,0
2014-01-27,-0.65,-0.8,0.46,0.42,0.4,0
2014-01-28,0.73,0.18,-0.02,-0.77,0.16,0
2014-01-29,-1.07,-0.35,0.25,0.16,0.15,0
2014-01-30,1.22,0.22,-0.42,-0.89,-0.54,0
2014-01-31,-0.66,-0.09,-0.39,0.26,-0.18,0
2014-02-03,-2.48,-0.86,0.32,0.2,0.03,0
2014-02-04,0.77,-0.07,-0.1,-0.13,0.22,0
2014-02-05,-0.23,-0.57,0.2,0.14,0.22,0
2014-02-06,1.21,-0.43,0.23,0.08,-0.07,0
2014-02-07,1.33,-0.22,-0.66,-0.44,-0.51,0
2014-02-10,0.16,0.07,-0.44,-0.26,-0.18,0
2014-02-11,1.09,-0.18,0.25,-0.03,0.1,0
2014-02-12,0.11,0.24,-0.08,0.13,0.01,0
2014-02-13,0.72,0.67,-0.09,-0.24,-0.34,0
2014-02-14,0.42,-0.32,0.38,0.33,0.38,0
2014-02-18,0.27,0.95,-0.24,-0.36,-0.27,0
2014-02-19,-0.74,-0.31,-0.4,0.32,0.03,0
2014-02-20,0.7,0.51,-0.14,0.01,-0.18,0
2014-02-21,-0.09,0.35,-0.04,-0.03,-0.06,0
2014-02-24,0.65,0.2,0.26,-0.21,-0.01,0
2014-02-25,-0.1,0.05,-0.61,-0.04,0.08,0
2014-02-26,0.12,0.65,-0.09,-0.04,0.03,0
2014-02-27,0.54,0.11,0.01,-0.25,-0.02,0
2014-02-28,0.15,-0.66,0.83,0.42,0.09,0
2014-03-03,-0.7,0.09,0.15,0.04,0.14,0
2014-03-04,1.67,1.07,-0.12,-0.47,-0.13,0
2014-03-05,0.01,-0.23,0.28,-0.57,-0.16,0
2014-03-06,0.16,-0.24,0.76,0.31,0.35,0
2014-03-07,0.04,-0.02,0.51,0.09,0.32,0
2014-03-10,-0.09,-0.08,0.06,0.05,-0.13,0
2014-03-11,-0.62,-0.54,-0.19,0.54,-0.04,0
2014-03-12,0.13,0.29,-0.16,-0.09,-0.42,0
2014-03-13,-1.21,-0.07,0.27,0.15,0.04,0
2014-03-14,-0.16,0.68,-0.05,0.19,0.07,0
2014-03-17,0.9,-0.35,-0.01,0.11,0.03,0
2014-03-18,0.82,0.69,-0.42,-0.34,-0.27,0
2014-03-19,-0.59,-0.13,0.6,-0.4,0.02,0
2014-03-20,0.52,-0.36,0.99,-0.12,0.32,0
2014-03-21,-0.37,-0.18,0.88,0.42,0.46,0
2014-03-24,-0.64,-0.79,0.96,0.59,0.36,0
2014-03-25,0.3,-0.33,0.14,0.26,0.14,0
2014-03-26,-0.89,-1.11,0.3,0.7,0.45,0
2014-03-27,-0.19,-0.13,-0.24,0.07,0.02,0
2014-03-28,0.41,-0.36,0.52,0.56,0.31,0
2014-03-31,0.97,0.99,-0.16,-0.18,0.03,0
2014-04-01,0.87,0.66,-0.41,-0.11,-0.28,0
2014-04-02,0.29,0.04,0.12,0.1,0.04,0
2014-04-03,-0.31,-0.78,0.78,0.53,0.39,0
2014-04-04,-1.47,-1.03,0.74,0.62,0.47,0
2014-04-07,-1.26,-0.36,-0.02,0.18,0.06,0
2014-04-08,0.5,0.29,-0.22,0.07,-0.12,0
2014-04-09,1.2,0.24,-0.93,-0.42,-0.54,0
2014-04-10,-2.24,-0.61,0.86,0.82,0.76,0
2014-04-11,-1.07,-0.41,0.29,0.4,0.04,0
2014-04-14,0.7,-0.47,0.21,0.33,-0.17,0
2014-04-15,0.59,-0.36,0.17,-0.13,-0.16,0
2014-04-16,1.13,-0.01,-0.44,-0.02,-0.1,0
2014-04-17,0.23,0.32,0.25,-0.13,0.17,0
2014-04-21,0.36,0.18,-0.43,0.1,-0.07,0
2014-04-22,0.58,0.69,-0.37,-0.64,-0.08,0
2014-04-23,-0.31,-0.54,0.89,0.2,0.23,0
2014-04-24,0.08,-0.42,-0.17,0.17,-0.2,0
2014-04-25,-1.05,-0.88,0.61,0.76,0.65,0
2014-04-28,0.11,-0.66,-0.54,1.2,0.02,0
2014-04-29,0.56,-0.24,-0.22,-0.52,-0.18,0
2014-04-30,0.35,0.23,-0.03,0.09,0.06,0
2014-05-01,0.04,-0.16,-0.18,-0.43,-0.2,0
2014-05-02,-0.07,0.28,0.33,0.34,0.14,0
2014-05-05,0.13,-0.37,-0.52,0.17,-0.28,0
2014-05-06,-1.03,-0.49,0.17,0.83,0.13,0
2014-05-07,0.45,-0.76,1.17,-0.02,0.56,0
2014-05-08,-0.26,-0.96,0.34,0.14,0.26,0
2014-05-09,0.25,0.63,-0.39,-0.14,-0.07,0
2014-05-12,1.2,1.36,-0.3,-0.48,-0.32,0
2014-05-13,-0.05,-1.04,0.18,0.02,-0.01,0
2014-05-14,-0.6,-1.12,-0.43,0.21,-0.22,0
2014-05-15,-0.9,0.33,-0.27,0.23,-0.06,0
2014-05-16,0.36,0.22,-0.4,0.23,-0.15,0
2014-05-19,0.5,0.64,0,-0.28,-0.07,0
2014-05-20,-0.78,-0.78,0.23,0.14,-0.11,0
2014-05-21,0.81,-0.26,0.05,0.05,-0.13,0
2014-05-22,0.36,0.61,-0.27,-0.53,-0.23,0
2014-05-23,0.49,0.6,-0.24,-0.08,-0.03,0
2014-05-27,0.69,0.67,-0.19,-0.55,-0.3,0
2014-05-28,-0.11,-0.27,0.27,0.09,0.14,0
2014-05-29,0.54,-0.22,-0.12,-0.01,-0.22,0
2014-05-30,0.06,-0.64,0.28,0.34,0.1,0
2014-06-02,0.06,-0.65,0.4,0.17,0.17,0
2014-06-03,-0.05,-0.24,0.18,0.08,-0.16,0
2014-06-04,0.28,0.23,-0.09,-0.18,-0.19,0
2014-06-05,0.77,1.28,-0.18,-0.18,-0.1,0
2014-06-06,0.54,0.49,-0.01,-0.13,-0.09,0
2014-06-09,0.22,1,-0.31,-0.42,-0.05,0
2014-06-10,-0.03,-0.19,-0.04,-0.32,0.08,0
2014-06-11,-0.34,-0.16,-0.28,-0.1,-0.16,0
2014-06-12,-0.68,0.11,0.17,-0.22,-0.03,0
2014-06-13,0.31,-0.06,-0.19,0.08,-0.13,0
2014-06-16,0.13,0.41,-0.67,-0.06,-0.3,0
2014-06-17,0.34,0.56,0.45,-0.55,0.06,0
2014-06-18,0.75,-0.26,-0.09,0.03,-0.17,0
2014-06-19,0.12,-0.15,-0.04,0.13,-0.09,0
2014-06-20,0.18,0.21,0.04,0.03,0.01,0
2014-06-23,-0.01,-0.22,0.08,-0.06,-0.18,0
2014-06-24,-0.72,-0.36,-0.21,0.04,0.02,0
2014-06-25,0.53,0.33,0.07,-0.17,-0.22,0
2014-06-26,-0.11,-0.08,0.05,0.09,-0.06,0
2014-06-27,0.26,0.48,-0.22,0.15,-0.14,0
2014-06-30,0.07,0.27,0.19,-0.24,-0.16,0
2014-07-01,0.74,0.42,-0.37,0.04,-0.11,0
2014-07-02,-0.03,-0.45,-0.21,0.15,0.22,0
2014-07-03,0.59,0.21,0.08,0.04,0.23,0
2014-07-07,-0.62,-1.2,0.38,0.74,0.28,0
2014-07-08,-0.82,-0.55,0.71,0.86,0.45,0
2014-07-09,0.46,-0.4,-0.11,-0.03,-0.09,0
2014-07-10,-0.49,-0.6,0.02,0.08,0.08,0
2014-07-11,0.12,-0.3,-0.39,-0.39,-0.15,0
2014-07-14,0.46,-0.01,-0.13,-0.02,-0.16,0
2014-07-15,-0.32,-0.82,0.98,0.22,0.37,0
2014-07-16,0.32,-0.58,0.32,0.2,0.19,0
2014-07-17,-1.21,-0.36,0.18,0.35,0.18,0
2014-07-18,1.12,0.45,-0.47,-0.25,-0.32,0
2014-07-21,-0.25,-0.23,0.05,-0.33,-0.3,0
2014-07-22,0.53,0.26,-0.32,0.15,-0.17,0
2014-07-23,0.19,0.09,-0.75,-0.21,0,0
2014-07-24,0.05,-0.27,0.04,-0.2,-0.03,0
2014-07-25,-0.53,-0.36,0.16,0.11,0.03,0
2014-07-28,-0.08,-0.45,0.28,0.02,0,0
2014-07-29,-0.33,0.63,-0.67,-0.16,-0.14,0
2014-07-30,0.12,0.35,-0.29,-0.7,-0.33,0
2014-07-31,-2.03,-0.17,0.46,0.36,0.29,0
2014-08-01,-0.32,-0.25,-0.06,0.08,0.14,0
2014-08-04,0.74,0.04,-0.22,-0.11,-0.43,0
2014-08-05,-0.84,0.71,-0.19,-0.16,0.02,0
2014-08-06,0.02,0.38,0.18,-0.07,0.26,0
2014-08-07,-0.52,-0.06,-0.14,0.02,-0.03,0
2014-08-08,1.12,-0.14,-0.18,0.35,0.15,0
2014-08-11,0.4,0.57,-0.29,-0.09,-0.27,0
2014-08-12,-0.23,-0.58,0.25,0.02,0.02,0
2014-08-13,0.69,-0.14,-0.24,-0.4,-0.21,0
2014-08-14,0.44,-0.26,0.04,-0.21,0,0
2014-08-15,0,-0.14,-0.15,0.25,-0.21,0
2014-08-18,0.93,0.58,-0.19,-0.02,0.02,0
2014-08-19,0.49,-0.11,-0.1,0.26,-0.12,0
2014-08-20,0.19,-0.64,0.27,0.06,0.28,0
2014-08-21,0.28,-0.08,0.82,-0.12,0.25,0
2014-08-22,-0.1,0.27,-0.39,-0.03,-0.18,0
2014-08-25,0.5,-0.21,0.04,-0.02,-0.1,0
2014-08-26,0.19,0.68,-0.33,-0.35,-0.18,0
2014-08-27,0,-0.22,0.15,0.14,0.1,0
2014-08-28,-0.19,-0.39,0.09,0.23,0.01,0
2014-08-29,0.39,0.28,0.1,-0.3,-0.15,0
2014-09-02,0.06,0.42,-0.09,-0.12,-0.23,0
2014-09-03,-0.14,-0.5,0.23,0.01,0.42,0
2014-09-04,-0.17,-0.16,-0.15,0.13,0.01,0
2014-09-05,0.45,-0.27,-0.06,0.13,0,0
2014-09-08,-0.22,0.47,-0.44,-0.39,-0.25,0
2014-09-09,-0.72,-0.42,-0.02,0.31,0.14,0
2014-09-10,0.45,0.15,-0.39,-0.32,-0.19,0
2014-09-11,0.19,0.49,0.21,-0.26,0.02,0
2014-09-12,-0.55,-0.2,0.14,-0.07,0.12,0
2014-09-15,-0.28,-0.93,0.65,0.46,0.7,0
2014-09-16,0.7,-0.39,-0.13,0.19,-0.17,0
2014-09-17,0.17,0.08,-0.2,-0.25,-0.19,0
2014-09-18,0.5,0,0.03,-0.13,-0.03,0
2014-09-19,-0.18,-0.96,0.05,0.2,-0.04,0
2014-09-22,-0.97,-0.55,0.13,0.45,0.2,0
2014-09-23,-0.62,-0.31,-0.05,0,-0.26,0
2014-09-24,0.81,0.03,-0.92,0.03,-0.44,0
2014-09-25,-1.62,0.13,0.15,0.29,0.26,0
2014-09-26,0.85,-0.07,-0.27,0.05,-0.49,0
2014-09-29,-0.22,0.19,-0.44,0.14,-0.27,0
2014-09-30,-0.4,-1.01,0.14,0.03,-0.01,0
2014-10-01,-1.39,-0.13,0.33,0.18,-0.05,0
2014-10-02,0.15,0.97,-0.38,-0.32,-0.3,0
2014-10-03,1.08,-0.39,-0.41,-0.1,-0.11,0
2014-10-06,-0.26,-0.77,0.39,0.3,0.17,0
2014-10-07,-1.56,-0.12,0.12,0.25,0.04,0
2014-10-08,1.7,-0.02,-0.06,-0.08,-0.05,0
2014-10-09,-2.17,-0.47,-0.4,0.36,-0.13,0
2014-10-10,-1.3,-0.08,0.55,0.73,0.34,0
2014-10-13,-1.59,1.29,0.5,-0.42,0.22,0
2014-10-14,0.28,0.81,-0.12,-0.06,0.09,0
2014-10-15,-0.53,1.66,-1.31,-0.45,-0.59,0
2014-10-16,0.23,1.1,0.17,-0.33,0.12,0
2014-10-17,1.14,-1.55,-0.1,0.1,0.27,0
2014-10-20,0.94,0.13,-0.33,0.09,-0.34,0
2014-10-21,1.98,-0.41,0.02,0.03,-0.13,0
2014-10-22,-0.85,-0.55,0.21,0.09,0.19,0
2014-10-23,1.29,0.44,-0.46,-0.31,-0.05,0
2014-10-24,0.66,-0.5,-0.11,-0.25,0.11,0
2014-10-27,-0.17,0.07,-0.26,0.08,-0.01,0
2014-10-28,1.37,1.56,-0.01,-0.41,-0.18,0
2014-10-29,-0.18,0.04,0.44,0.18,0.31,0
2014-10-30,0.6,0.22,-0.48,-0.39,0.08,0
2014-10-31,1.23,0.32,0.19,0.19,0,0
2014-11-03,-0.01,-0.29,-0.06,0.01,0.13,0
2014-11-04,-0.35,-0.06,-0.11,0.06,0.04,0
2014-11-05,0.48,-0.41,0.86,0.35,0.78,0
2014-11-06,0.49,0.06,-0.48,0.19,-0.29,0
2014-11-07,0.09,0.03,0.44,-0.18,0.04,0
2014-11-10,0.33,0.14,-0.5,-0.32,-0.41,0
2014-11-11,0.1,0.01,-0.29,0.16,-0.27,0
2014-11-12,0.07,0.72,-0.28,0.16,0.07,0
2014-11-13,-0.03,-0.92,-0.33,0.51,0.02,0
2014-11-14,0.06,-0.13,0.14,0.01,-0.11,0
2014-11-17,-0.05,-0.94,0.27,0.05,0.24,0
2014-11-18,0.51,-0.01,-0.36,-0.16,-0.01,0
2014-11-19,-0.21,-0.87,-0.06,0.41,0.08,0
2014-11-20,0.31,0.87,-0.02,-0.04,-0.03,0
2014-11-21,0.48,-0.37,-0.09,-0.05,0.03,0
2014-11-24,0.4,0.91,-0.57,-0.18,-0.07,0
2014-11-25,-0.08,0.06,-0.04,0.12,0.16,0
2014-11-26,0.3,0.03,-0.45,-0.15,-0.19,0
2014-11-28,-0.35,-1.02,-1.02,0.48,-0.04,0
2014-12-01,-0.9,-0.89,0.61,0.05,0.51,0
2014-12-02,0.65,0.46,0.05,-0.44,0.03,0
2014-12-03,0.46,0.45,0.31,-0.17,0.05,0
2014-12-04,-0.17,-0.35,0.09,0.03,-0.16,0
2014-12-05,0.25,0.56,0.25,-0.71,0.16,0
2014-12-08,-0.82,-0.58,0.26,-0.11,0.08,0
2014-12-09,0.13,1.68,-0.28,-0.45,-0.33,0
2014-12-10,-1.72,-0.63,-0.1,0.1,0.16,0
2014-12-11,0.49,-0.06,-0.2,0.19,0.02,0
2014-12-12,-1.55,0.46,-0.58,0.23,-0.29,0
2014-12-15,-0.68,-0.23,0.11,0.66,0.16,0
2014-12-16,-0.8,0.69,0.6,-0.09,0.45,0
2014-12-17,2.15,0.9,-0.1,-0.35,-0.41,0
2014-12-18,2.36,-0.91,-0.21,-0.41,-0.24,0
2014-12-19,0.43,-0.22,0.19,-0.46,0,0
2014-12-22,0.37,0.18,-0.04,0.08,0.09,0
2014-12-23,0.21,-0.12,1.05,0.58,0.62,0
2014-12-24,0.07,0.34,-0.17,-0.13,-0.07,0
2014-12-26,0.39,0.34,-0.32,-0.06,-0.18,0
2014-12-29,0.13,0.22,0.57,0.18,0.17,0
2014-12-30,-0.48,0.07,0.35,-0.07,0.3,0
2014-12-31,-0.93,0.48,-0.39,-0.1,-0.21,0
2015-01-02,-0.11,-0.56,0.09,-0.21,0.1,0
2015-01-05,-1.84,0.25,-0.63,0.15,-0.13,0
2015-01-06,-1.04,-0.78,-0.27,0.53,0.04,0
2015-01-07,1.19,0.16,-0.65,0.22,-0.14,0
2015-01-08,1.81,-0.1,-0.27,0.13,-0.19,0
2015-01-09,-0.85,-0.02,-0.5,-0.13,-0.17,0
2015-01-12,-0.79,0.34,-0.37,0.11,0.2,0
2015-01-13,-0.19,0.25,0.03,0.32,0.03,0
2015-01-14,-0.6,0.28,-0.49,0.23,-0.14,0
2015-01-15,-1.08,-0.94,0.63,0.65,0.59,0
2015-01-16,1.36,0.5,-0.14,-0.29,-0.09,0
2015-01-20,0.11,-0.75,-0.55,0.03,-0.52,0
2015-01-21,0.42,-0.91,0.55,0.23,-0.02,0
2015-01-22,1.58,0.45,0.41,0,-0.12,0
2015-01-23,-0.47,0.44,-0.82,-0.04,-0.59,0
2015-01-26,0.42,0.58,-0.05,-0.37,-0.09,0
2015-01-27,-1.21,0.76,0.23,-0.33,0.51,0
2015-01-28,-1.39,-0.18,-0.77,0.53,-0.19,0
2015-01-29,0.98,0.19,0,0.01,-0.33,0
2015-01-30,-1.3,-0.81,0.03,-0.18,-0.46,0
2015-02-02,1.25,-0.4,0.99,0,0.17,0
2015-02-03,1.49,0.24,0.51,0.05,0.44,0
2015-02-04,-0.35,-0.09,-0.2,0.35,-0.13,0
2015-02-05,1.1,0.44,-0.16,-0.48,-0.2,0
2015-02-06,-0.2,0.07,0.38,-0.21,-0.09,0
2015-02-09,-0.46,-0.37,0.09,-0.03,-0.01,0
2015-02-10,1.04,-0.36,-0.69,0.11,-0.42,0
2015-02-11,0.03,-0.18,-0.33,0.03,-0.08,0
2015-02-12,1,0.2,-0.09,-0.13,-0.15,0
2015-02-13,0.47,0.16,-0.29,-0.29,-0.23,0
2015-02-17,0.17,-0.01,0,-0.12,-0.16,0
2015-02-18,0.03,0.24,-0.81,0.33,-0.16,0
2015-02-19,-0.01,0.22,-0.35,-0.05,-0.39,0
2015-02-20,0.61,-0.44,-0.26,-0.11,-0.09,0
2015-02-23,-0.08,0.04,-0.37,0.4,-0.21,0
2015-02-24,0.32,-0.02,0.69,-0.23,0.36,0
2015-02-25,0.02,0.19,-0.51,-0.6,-0.22,0
2015-02-26,-0.08,0.54,-0.47,-0.16,-0.32,0
2015-02-27,-0.36,-0.21,0.22,0.08,0.32,0
2015-03-02,0.62,0.2,-0.43,0.01,0.08,0
2015-03-03,-0.43,-0.29,0.3,-0.03,0,0
2015-03-04,-0.41,0.1,-0.4,-0.04,-0.26,0
2015-03-05,0.15,0.21,-0.43,-0.53,-0.15,0
2015-03-06,-1.29,0.29,0.43,-0.13,0,0
2015-03-09,0.37,0.09,-0.02,0.25,-0.03,0
2015-03-10,-1.63,0.43,-0.47,0.14,-0.13,0
2015-03-11,-0.04,0.61,0.52,-0.5,-0.03,0
2015-03-12,1.28,0.4,0.5,-0.1,0.23,0
2015-03-13,-0.57,0.19,-0.03,-0.13,-0.13,0
2015-03-16,1.23,-0.78,-0.41,-0.14,-0.14,0
2015-03-17,-0.2,0.53,-0.02,0.05,-0.31,0
2015-03-18,1.08,-0.48,0,0.18,-0.02,0
2015-03-19,-0.36,0.8,-1.1,0.09,-0.41,0
2015-03-20,0.81,-0.1,0.54,0.43,0.26,0
2015-03-23,-0.19,0.2,0.24,0.2,0.31,0
2015-03-24,-0.51,0.52,-0.29,0.1,-0.21,0
2015-03-25,-1.56,-0.89,1.03,0.39,0.51,0
2015-03-26,-0.22,0.09,-0.06,0.04,-0.22,0
2015-03-27,0.32,0.43,-0.69,-0.19,-0.12,0
2015-03-30,1.24,0.06,-0.04,-0.22,0.01,0
2015-03-31,-0.75,0.45,0.37,0.22,0.24,0
2015-04-01,-0.38,0.34,0.42,-0.15,0.24,0
2015-04-02,0.35,-0.11,0.31,-0.12,0.24,0
2015-04-06,0.61,-0.28,-0.15,0.21,-0.21,0
2015-04-07,-0.22,-0.19,-0.16,-0.18,-0.23,0
2015-04-08,0.37,0.47,-0.72,-0.09,-0.27,0
2015-04-09,0.41,-0.71,-0.06,-0.28,0.15,0
2015-04-10,0.49,-0.15,-0.28,-0.47,0.2,0
2015-04-13,-0.38,0.55,0.23,-0.13,-0.14,0
2015-04-14,0.11,-0.13,0.19,0.09,0.08,0
2015-04-15,0.57,0.27,0.32,-0.18,-0.06,0
2015-04-16,-0.08,-0.1,-0.21,-0.18,-0.21,0
2015-04-17,-1.23,-0.43,0.22,0.18,0.09,0
2015-04-20,0.95,0.14,-0.27,0.42,-0.32,0
2015-04-21,-0.1,0.13,-0.76,0.12,-0.24,0
2015-04-22,0.46,-0.39,0.17,-0.02,0,0
2015-04-23,0.29,0.29,-0.23,-0.03,-0.21,0
2015-04-24,0.17,-0.55,-0.29,0.71,-0.55,0
2015-04-27,-0.54,-0.68,0.56,0.52,-0.03,0
2015-04-28,0.27,0.26,1.02,0.08,0.44,0
2015-04-29,-0.38,-0.72,0.74,-0.74,-0.01,0
2015-04-30,-1.11,-1.01,0.78,0.27,0.48,0
2015-05-01,1.01,-0.31,-0.62,0.3,-0.18,0
2015-05-04,0.32,0.09,0.24,-0.18,0.03,0
2015-05-05,-1.19,-0.14,0.5,0,0.29,0
2015-05-06,-0.31,0.6,-0.13,-0.27,0.11,0
2015-05-07,0.39,-0.01,-0.39,-0.25,-0.01,0
2015-05-08,1.21,-0.56,-0.12,-0.31,-0.24,0
2015-05-11,-0.39,0.66,-0.03,-0.09,0.01,0
2015-05-12,-0.27,0,0.07,-0.16,0,0
2015-05-13,0.01,0,0.02,-0.07,0.03,0
2015-05-14,1.01,-0.16,-0.35,0.11,-0.43,0
2015-05-15,0.05,-0.21,-0.2,0.3,0.26,0
2015-05-18,0.44,0.73,-0.09,-0.19,-0.27,0
2015-05-19,-0.09,-0.07,0.23,-0.1,-0.04,0
2015-05-20,-0.05,0.19,-0.14,-0.13,0.06,0
2015-05-21,0.23,-0.29,-0.02,0.07,-0.16,0
2015-05-22,-0.22,-0.13,-0.14,-0.12,-0.07,0
2015-05-26,-1.01,-0.03,-0.01,-0.14,0.16,0
2015-05-27,0.93,0.3,-0.34,-0.08,-0.29,0
2015-05-28,-0.12,0.1,0.13,-0.24,0.09,0
2015-05-29,-0.58,0.06,0.06,-0.23,-0.02,0
2015-06-01,0.17,-0.06,-0.22,0.21,-0.37,0
2015-06-02,-0.02,0.33,0.33,-0.15,0.16,0
2015-06-03,0.39,0.86,-0.24,-0.19,-0.06,0
2015-06-04,-0.88,-0.08,-0.01,0.18,-0.02,0
2015-06-05,0.06,0.83,0.05,-0.51,-0.38,0
2015-06-08,-0.66,0.03,0.03,0.02,0.06,0
2015-06-09,0.02,-0.28,0.35,0.13,0.11,0
2015-06-10,1.2,0.16,0.19,-0.06,0.02,0
2015-06-11,0.21,-0.09,-0.11,0.15,-0.01,0
2015-06-12,-0.63,0.34,0.13,0.06,0.1,0
2015-06-15,-0.45,0.16,-0.13,-0.17,-0.25,0
2015-06-16,0.57,0.09,0,0.09,-0.07,0
2015-06-17,0.16,-0.3,-0.63,0.21,-0.11,0
2015-06-18,0.99,0.16,-0.43,-0.13,-0.15,0
2015-06-19,-0.43,0.51,-0.2,0.06,-0.06,0
2015-06-22,0.63,0.08,-0.06,-0.14,-0.25,0
2015-06-23,0.12,0.24,0.27,-0.11,-0.01,0
2015-06-24,-0.79,-0.14,0.13,0.19,-0.01,0
2015-06-25,-0.25,0.33,-0.2,0.15,-0.08,0
2015-06-26,-0.06,-0.19,0.45,0.29,0.35,0
2015-06-29,-2.15,-0.41,0.18,0.31,0.1,0
2015-06-30,0.33,0.3,-0.67,-0.3,-0.64,0
2015-07-01,0.6,-0.77,-0.06,0.07,0.08,0
2015-07-02,-0.11,-0.6,-0.04,-0.02,0.01,0
2015-07-06,-0.37,0.07,-0.55,-0.22,-0.23,0
2015-07-07,0.53,-0.48,-0.25,0.42,-0.02,0
2015-07-08,-1.68,-0.05,0.07,0.05,0.11,0
2015-07-09,0.28,0.19,-0.03,-0.22,-0.25,0
2015-07-10,1.24,0.19,-0.55,-0.18,-0.07,0
2015-07-13,1.14,-0.12,-0.42,0.11,-0.32,0
2015-07-14,0.47,0.12,0.13,-0.33,-0.36,0
2015-07-15,-0.19,-0.81,-0.08,-0.27,-0.3,0
2015-07-16,0.78,-0.25,-0.62,-0.25,-0.67,0
2015-07-17,0.05,-0.68,-0.65,-0.26,-0.94,0
2015-07-20,-0.01,-0.8,-0.57,0.27,-0.3,0
2015-07-21,-0.47,0.08,0.3,-0.14,-0.06,0
2015-07-22,-0.18,0.26,0.19,-0.43,0.09,0
2015-07-23,-0.6,-0.39,-0.34,-0.06,-0.03,0
2015-07-24,-1.08,-0.67,-0.02,-0.21,-0.02,0
2015-07-27,-0.74,-0.25,0.08,0.02,0.37,0
2015-07-28,1.23,-0.33,-0.11,0.13,0.16,0
2015-07-29,0.74,-0.21,0.52,0.94,0.3,0
2015-07-30,0.12,0.19,-0.26,0.06,-0.14,0
2015-07-31,-0.15,0.72,-0.99,0.23,-0.07,0
2015-08-03,-0.35,-0.33,-0.17,0.08,0.04,0
2015-08-04,-0.14,0.04,-0.19,-0.01,0.18,0
2015-08-05,0.36,-0.08,-0.44,-0.07,-0.07,0
2015-08-06,-0.88,-0.37,1.99,0.31,0.74,0
2015-08-07,-0.36,-0.4,-0.35,0.33,0.19,0
2015-08-10,1.32,0.2,0.69,0.29,0.05,0
2015-08-11,-0.98,-0.06,0.43,0.05,0.07,0
2015-08-12,0.07,-0.19,-0.27,-0.11,-0.16,0
2015-08-13,-0.14,-0.41,0.01,0.1,-0.09,0
2015-08-14,0.43,0.13,0.44,-0.08,0.06,0
2015-08-17,0.6,0.35,-0.87,-0.18,-0.42,0
2015-08-18,-0.35,-0.62,0.34,0.32,0.09,0
2015-08-19,-0.85,-0.2,-0.22,-0.19,-0.04,0
2015-08-20,-2.24,-0.23,0.6,0.54,0.65,0
2015-08-21,-2.95,1.8,0.14,-0.75,0.84,0
2015-08-24,-3.9,0.26,-0.43,0.37,0.13,0
2015-08-25,-1.17,0.57,-0.61,-0.25,-0.65,0
2015-08-26,3.68,-1.42,-0.37,0.15,-0.68,0
2015-08-27,2.4,-0.58,0.62,-0.21,-0.22,0
2015-08-28,0.23,0.98,0.08,-0.16,0.08,0
2015-08-31,-0.74,0.9,1.42,0.1,0.51,0
2015-09-01,-2.91,0.25,-0.51,-0.06,0.07,0
2015-09-02,1.81,-0.31,-0.92,0.2,-0.69,0
2015-09-03,0.17,-0.18,0.72,0.32,0.77,0
2015-09-04,-1.39,0.82,-0.57,-0.1,-0.47,0
2015-09-08,2.52,-0.4,-0.55,-0.12,-0.28,0
2015-09-09,-1.34,0.16,0.11,0.18,0.01,0
2015-09-10,0.49,-0.21,-0.31,-0.28,-0.69,0
2015-09-11,0.44,-0.28,-0.7,-0.11,-0.29,0
2015-09-14,-0.41,0.03,0.01,-0.04,-0.07,0
2015-09-15,1.22,-0.15,0.25,0.05,0.09,0
2015-09-16,0.84,0.06,0.44,0.41,0.22,0
2015-09-17,-0.17,0.75,-1.5,-0.34,-0.54,0
2015-09-18,-1.62,0.27,-0.96,-0.45,-0.53,0
2015-09-21,0.36,-0.84,1.21,0.41,0.21,0
2015-09-22,-1.29,-0.29,0.14,0.24,0.07,0
2015-09-23,-0.27,-0.22,-0.14,-0.23,-0.28,0
2015-09-24,-0.36,0.24,0.56,-0.04,0.03,0
2015-09-25,-0.22,-1.43,1.88,0.57,0.7,0
2015-09-28,-2.63,-0.2,1.17,0.5,0.71,0
2015-09-29,-0.07,-0.6,0.71,0.7,0.65,0
2015-09-30,1.88,-0.48,-0.48,-0.38,-0.34,0
2015-10-01,0.13,-0.51,-0.05,-0.07,-0.21,0
2015-10-02,1.48,0.29,-0.84,-0.07,-0.02,0
2015-10-05,1.93,0.74,0.77,0.23,0.63,0
2015-10-06,-0.43,-0.08,1.72,0.41,0.58,0
2015-10-07,0.94,0.68,-0.24,-0.24,0,0
2015-10-08,0.84,0.34,0.76,0.57,0.75,0
2015-10-09,0.12,0.1,-1.08,0.12,-0.17,0
2015-10-12,0.06,-0.44,-0.07,-0.02,-0.1,0
2015-10-13,-0.74,-0.67,0.69,0.28,0.2,0
2015-10-14,-0.6,-0.25,-0.02,-0.34,0.38,0
2015-10-15,1.56,0.61,-0.15,-1.15,-0.5,0
2015-10-16,0.36,-0.55,-0.35,-0.01,0.01,0
2015-10-19,0,0.09,-0.71,0.11,-0.35,0
2015-10-20,-0.15,0.17,1.21,0.53,0.28,0
2015-10-21,-0.74,-0.9,-0.18,0.36,0.22,0
2015-10-22,1.5,-0.76,0.47,0.04,0.57,0
2015-10-23,1.09,-0.09,-0.6,0.13,-0.84,0
2015-10-26,-0.2,-0.47,-0.72,0.16,-0.19,0
2015-10-27,-0.42,-1.06,-0.88,-0.47,-0.52,0
2015-10-28,1.43,1.5,0.64,-0.69,-0.24,0
2015-10-29,-0.2,-0.89,0.09,0.49,-0.2,0
2015-10-30,-0.41,0.22,-0.54,0.42,0.09,0
2015-11-02,1.25,0.9,-0.02,-0.47,-0.05,0
2015-11-03,0.32,0.48,0.21,0.1,-0.09,0
2015-11-04,-0.26,0.18,-0.33,-0.62,-0.7,0
2015-11-05,-0.08,0.03,0.45,-0.04,0.13,0
2015-11-06,0.14,0.86,0.29,-0.69,-0.16,0
2015-11-09,-0.95,-0.27,-0.05,-0.7,-0.02,0
2015-11-10,0.13,0.01,0.26,-0.1,0.19,0
2015-11-11,-0.43,-0.57,-0.18,-0.17,0.05,0
2015-11-12,-1.45,-0.56,-0.45,0.15,-0.27,0
2015-11-13,-1.06,0.32,0.38,-0.5,0.43,0
2015-11-16,1.39,-0.52,0.46,0.24,-0.13,0
2015-11-17,-0.11,-0.24,-0.66,0,-0.17,0
2015-11-18,1.61,-0.01,-0.08,-0.06,-0.39,0
2015-11-19,-0.13,-0.28,-0.11,0.18,0.14,0
2015-11-20,0.35,0.4,-0.41,0.26,0.02,0
2015-11-23,-0.01,0.61,-0.36,0.06,-0.17,0
2015-11-24,0.21,0.76,0.27,0.26,0.11,0
2015-11-25,0.09,0.84,-0.55,-0.13,-0.11,0
2015-11-27,0.09,0.19,-0.29,-0.21,0.07,0
2015-11-30,-0.47,0.2,0.69,-0.2,0.09,0
2015-12-01,0.97,-0.63,0.25,-0.12,-0.14,0
2015-12-02,-1.01,0.18,-0.7,-0.03,-0.15,0
2015-12-03,-1.5,-0.2,0.44,0.25,0.21,0
2015-12-04,1.86,-1.07,-0.52,0.11,-0.34,0
2015-12-07,-0.84,-0.88,-0.66,0.57,0.18,0
2015-12-08,-0.59,0.26,-1.23,-0.2,-0.78,0
2015-12-09,-0.83,-0.2,0.41,0.53,0.63,0
2015-12-10,0.3,0.1,-0.22,0.18,-0.19,0
2015-12-11,-2.03,-0.21,-0.06,0.08,0.35,0
2015-12-14,0.29,-1.13,-0.19,0.05,-0.34,0
2015-12-15,1.1,0.21,0.76,-0.76,0.13,0
2015-12-16,1.47,0.01,-0.64,-0.11,-0.18,0
2015-12-17,-1.46,0.3,-0.31,-0.28,-0.07,0
2015-12-18,-1.7,0.69,-0.39,-0.39,0.2,0
2015-12-21,0.74,-0.18,-0.05,-0.1,0.05,0
2015-12-22,0.89,0.02,0.51,0.22,0.5,0
2015-12-23,1.3,0.24,0.59,0.1,0.14,0
2015-12-24,-0.11,0.27,-0.03,-0.21,0.08,0
2015-12-28,-0.29,-0.54,-0.38,-0.01,-0.07,0
2015-12-29,1.05,0.03,-0.31,0.02,-0.34,0
2015-12-30,-0.74,-0.17,-0.13,0.01,0.15,0
2015-12-31,-0.92,-0.2,0.24,-0.04,0.1,0
2016-01-04,-1.59,-0.73,0.53,0.46,0.42,0
2016-01-05,0.12,-0.25,0,0.01,0.33,0
2016-01-06,-1.35,-0.23,-0.01,0,0.03,0
2016-01-07,-2.44,-0.29,0.08,0.39,0.42,0
2016-01-08,-1.11,-0.52,-0.03,0.23,0.05,0
2016-01-11,-0.06,-0.63,0.34,0.56,0.44,0
2016-01-12,0.71,-0.46,-0.77,-0.07,-0.3,0
2016-01-13,-2.67,-0.59,0.78,0.23,0.68,0
2016-01-14,1.65,-0.06,-0.41,-0.54,-0.47,0
2016-01-15,-2.14,0.4,-0.21,0.31,0.33,0
2016-01-19,-0.2,-1.38,-0.07,0.28,0.26,0
2016-01-20,-0.94,1.67,-1.24,0.02,-0.55,0
2016-01-21,0.45,-0.45,0.01,0.49,0.61,0
2016-01-22,2.08,0.14,-0.19,-0.38,-0.76,0
2016-01-25,-1.71,-0.52,-0.98,0.19,-0.01,0
2016-01-26,1.52,0.59,1.22,0.65,0.71,0
2016-01-27,-1.11,-0.38,1.72,-0.27,1.06,0
2016-01-28,0.49,-0.57,1.27,-0.36,-0.5,0
2016-01-29,2.57,0.59,0.37,0.18,0.47,0
2016-02-01,-0.04,-0.32,-0.95,0.13,-0.39,0.001
2016-02-02,-2,-0.14,-0.34,0.24,0.4,0.001
2016-02-03,0.46,-0.22,0.44,0.5,0.39,0.001
2016-02-04,0.27,0.38,0.33,0.24,0.13,0.001
2016-02-05,-2.06,-0.73,1.75,1.09,1.43,0.001
2016-02-08,-1.51,0.09,0.89,1.46,0.95,0.001
2016-02-09,-0.1,-0.56,-0.29,-0.02,0.03,0.001
2016-02-10,0.01,-0.21,-0.56,-0.24,-0.81,0.001
2016-02-11,-1.17,0.28,-1.48,0.29,-0.4,0.001
2016-02-12,1.98,-0.27,1.15,-0.37,0.32,0.001
2016-02-16,1.78,0.55,-0.55,0.07,-0.26,0.001
2016-02-17,1.75,-0.14,-0.63,-0.38,-0.49,0.001
2016-02-18,-0.51,-0.02,0.21,0.25,0.52,0.001
2016-02-19,0.06,0.3,-0.62,-0.65,-0.41,0.001
2016-02-22,1.43,-0.17,0.24,0.24,-0.2,0.001
2016-02-23,-1.22,0.37,-0.52,0.73,0.49,0.001
2016-02-24,0.53,0.64,-0.32,0,0.12,0.001
2016-02-25,1.1,-0.45,0.23,-0.1,-0.25,0.001
2016-02-26,-0.01,0.85,0.26,-0.45,0.02,0.001
2016-02-29,-0.69,0.71,0.26,0.12,0.44,0.001
2016-03-01,2.34,-0.63,0.3,-0.49,-0.54,0.001
2016-03-02,0.54,0.6,0.71,-0.64,-0.1,0.001
2016-03-03,0.51,0.57,0.65,0.38,0.37,0.001
2016-03-04,0.37,0.33,0.29,0.08,0.07,0.001
2016-03-07,0.21,1.33,0.54,-0.35,0.43,0.001
2016-03-08,-1.27,-1.27,-0.49,0.56,0.14,0.001
2016-03-09,0.5,0.11,0.38,0.22,0.13,0.001
2016-03-10,-0.11,-0.74,0.63,0.29,0.19,0.001
2016-03-11,1.69,0.3,0.19,-0.34,-0.31,0.001
2016-03-14,-0.12,-0.13,-0.87,0.07,-0.24,0.001
2016-03-15,-0.36,-1.43,0.67,0.39,0.07,0.001
2016-03-16,0.63,0.12,-0.04,0.7,-0.03,0.001
2016-03-17,0.72,0.97,0.58,0.19,0.69,0.001
2016-03-18,0.54,0.41,-0.19,-0.2,0.19,0.001
2016-03-21,0.1,-0.28,-0.31,-0.11,-0.35,0.001
2016-03-22,-0.05,-0.08,-0.44,-0.31,-0.26,0.001
2016-03-23,-0.86,-1.21,-0.09,0.52,0.01,0.001
2016-03-24,0,0.42,-0.06,-0.01,-0.03,0.001
2016-03-28,0.04,-0.04,0.14,-0.05,0.24,0.001
2016-03-29,1.07,1.65,-1.18,0.2,-0.58,0.001
2016-03-30,0.41,-0.27,0.15,-0.06,0.02,0.001
2016-03-31,-0.11,0.41,-0.48,-0.08,-0.12,0.001
2016-04-01,0.64,-0.34,-0.62,-0.42,-0.14,0
2016-04-04,-0.41,-0.34,-0.74,-0.25,-0.23,0
2016-04-05,-0.94,-0.18,-0.36,0.09,0.18,0
2016-04-06,1.14,0.06,-0.82,-0.49,-0.63,0
2016-04-07,-1.23,-0.09,-0.35,-0.02,0.21,0
2016-04-08,0.29,0.13,0.68,0.42,0.28,0
2016-04-11,-0.28,0.01,0.95,0.01,0.29,0
2016-04-12,0.99,0.01,0.85,0.1,-0.16,0
2016-04-13,1.23,0.96,0.36,-0.45,-0.34,0
2016-04-14,0.03,-0.26,0.18,-0.36,-0.12,0
2016-04-15,-0.04,0.29,-0.33,0.16,0.16,0
2016-04-18,0.65,0.14,-0.19,-0.16,-0.04,0
2016-04-19,0.29,-0.18,1.48,-0.27,0.37,0
2016-04-20,0.15,0,0.54,-0.34,-0.12,0
2016-04-21,-0.47,-0.01,-0.59,-0.6,-0.34,0
2016-04-22,0.12,1.03,0.49,-0.05,0.96,0
2016-04-25,-0.24,-0.66,-0.18,-0.01,-0.16,0
2016-04-26,0.29,0.82,0.78,0.35,0.61,0
2016-04-27,0.21,0.25,0.68,-0.1,0.79,0
2016-04-28,-0.96,-0.21,0.05,-0.48,0.55,0
2016-04-29,-0.5,-0.2,0.38,-0.09,-0.25,0
2016-05-02,0.78,-0.04,-0.36,-0.06,-0.1,0.001
2016-05-03,-1.05,-0.74,-0.5,0.52,0.02,0.001
2016-05-04,-0.66,-0.17,0.06,0.4,0.29,0.001
2016-05-05,-0.08,-0.52,0.09,0.18,0.01,0.001
2016-05-06,0.38,0.07,0.24,0.14,0.24,0.001
2016-05-09,0.05,0.18,-1.48,0,-0.51,0.001
2016-05-10,1.26,-0.36,0.47,-0.07,0.05,0.001
2016-05-11,-0.89,-0.34,0.78,-0.47,0,0.001
2016-05-12,-0.11,-0.59,0.14,0.34,0.11,0.001
2016-05-13,-0.82,0.28,-0.66,-0.56,-0.18,0.001
2016-05-16,0.99,0.21,-0.24,-0.01,-0.31,0.001
2016-05-17,-0.95,-0.68,0.61,-0.03,-0.09,0.001
2016-05-18,0.1,0.15,0.84,-1.34,-0.65,0.001
2016-05-19,-0.33,-0.32,-0.29,0.33,-0.01,0.001
2016-05-20,0.75,0.84,-0.29,-0.38,-0.37,0.001
2016-05-23,-0.18,0.24,-0.32,-0.17,0.09,0.001
2016-05-24,1.43,0.61,-0.34,-0.1,-0.39,0.001
2016-05-25,0.72,-0.13,0.58,0.24,-0.1,0.001
2016-05-26,-0.04,-0.16,-0.51,0.14,-0.22,0.001
2016-05-27,0.49,0.35,-0.22,-0.09,-0.09,0.001
2016-05-31,-0.01,0.45,-0.36,-0.24,-0.33,0.001
2016-06-01,0.2,0.64,-0.25,-0.25,0.08,0.001
2016-06-02,0.35,0.25,-0.59,-0.23,-0.06,0.001
2016-06-03,-0.38,-0.18,-0.09,0.49,0.17,0.001
2016-06-06,0.6,0.72,0.32,-0.1,-0.11,0.001
2016-06-07,0.12,0.23,0.11,0.34,0.23,0.001
2016-06-08,0.37,0.43,-0.12,0.05,-0.11,0.001
2016-06-09,-0.27,-0.43,-0.22,0.29,0.13,0.001
2016-06-10,-1.05,-0.4,-0.18,0.07,0.59,0.001
2016-06-13,-0.83,-0.37,0.1,-0.28,-0.04,0.001
2016-06-14,-0.19,0.14,-0.71,0.24,0.03,0.001
2016-06-15,-0.11,0.27,-0.05,0,0.05,0.001
2016-06-16,0.24,-0.31,-0.4,0.28,0.35,0.001
2016-06-17,-0.3,0.08,0.94,0.48,0.62,0.001
2016-06-20,0.71,0.6,-0.01,-0.15,0.12,0.001
2016-06-21,0.21,-0.61,0.5,-0.18,-0.01,0.001
2016-06-22,-0.2,-0.3,0.08,0.06,0,0.001
2016-06-23,1.45,0.56,0.43,-0.51,-0.2,0.001
2016-06-24,-3.7,0,-1.14,0.84,0.08,0.001
2016-06-27,-2.07,-1.07,-0.67,0.36,0.42,0.001
2016-06-28,1.76,-0.37,0.15,-0.6,-0.58,0.001
2016-06-29,1.8,0.32,-0.06,-0.04,-0.23,0.001
2016-06-30,1.42,0.38,0.45,-0.11,0.37,0.001
2016-07-01,0.24,0.47,-0.41,-0.03,0.24,0.001
2016-07-05,-0.85,-0.83,-1.37,0.57,-0.68,0.001
2016-07-06,0.62,0.17,-0.13,-0.12,-0.16,0.001
2016-07-07,0.02,0.35,-0.2,0.25,-0.31,0.001
2016-07-08,1.6,0.95,0.35,0.08,0.27,0.001
2016-07-11,0.43,0.69,0.26,0.26,-0.08,0.001
2016-07-12,0.75,0.75,1,-0.52,0.64,0.001
2016-07-13,-0.05,-0.47,0.51,0.47,0,0.001
2016-07-14,0.51,-0.41,0.45,0,0,0.001
2016-07-15,-0.05,0.29,0.01,-0.28,0.01,0.001
2016-07-18,0.25,0.02,-0.12,0.12,-0.24,0.001
2016-07-19,-0.22,-0.64,0.04,0.31,-0.24,0.001
2016-07-20,0.48,0.4,-0.87,0,-0.36,0.001
2016-07-21,-0.38,-0.07,-0.02,0.07,0.02,0.001
2016-07-22,0.48,0.28,-0.08,0.42,-0.25,0.001
2016-07-25,-0.27,-0.01,-0.24,0.51,-0.39,0.001
2016-07-26,0.13,0.62,0.54,-0.42,0.74,0.001
2016-07-27,-0.14,0.52,-0.44,-0.12,-0.56,0.001
2016-07-28,0.18,-0.45,-0.35,-0.07,-0.15,0.001
2016-07-29,0.17,-0.03,0.03,0.06,0.31,0.001
2016-08-01,-0.16,0.06,-0.87,0.65,-0.73,0.001
2016-08-02,-0.7,-0.63,0.17,-0.51,0.16,0.001
2016-08-03,0.45,0.58,0.83,-0.65,0.15,0.001
2016-08-04,0.05,0.07,-0.33,0.11,0.08,0.001
2016-08-05,0.93,0.57,0.87,-0.51,-0.36,0.001
2016-08-08,-0.06,0.11,0.57,0.02,0.44,0.001
2016-08-09,0.05,-0.05,-0.31,-0.19,-0.23,0.001
2016-08-10,-0.29,-0.45,-0.13,0.67,0,0.001
2016-08-11,0.54,0.15,0.04,-0.25,0.16,0.001
2016-08-12,-0.06,0.13,-0.18,-0.13,-0.27,0.001
2016-08-15,0.39,0.8,0.4,-0.26,0.36,0.001
2016-08-16,-0.57,-0.2,0.6,-0.13,0.31,0.001
2016-08-17,0.12,-0.5,0.25,0.01,0.06,0.001
2016-08-18,0.32,0.47,0.37,-0.43,0.35,0.001
2016-08-19,-0.11,0.1,-0.12,0.25,-0.14,0.001
2016-08-22,-0.02,0.22,-0.41,-0.03,-0.36,0.001
2016-08-23,0.27,0.56,-0.01,0.06,0.07,0.001
2016-08-24,-0.56,-0.43,0.4,0.39,-0.07,0.001
2016-08-25,-0.08,0.22,0.49,-0.2,0.29,0.001
2016-08-26,-0.15,0.13,-0.13,-0.34,-0.2,0.001
2016-08-29,0.53,0,0.35,-0.15,0.21,0.001
2016-08-30,-0.14,0.21,0.31,-0.08,-0.3,0.001
2016-08-31,-0.24,-0.35,0.14,0.23,-0.34,0.001
2016-09-01,0.03,0.05,-0.49,0.12,-0.13,0.001
2016-09-02,0.53,0.42,0.36,-0.13,0.19,0.001
2016-09-06,0.26,0,-0.53,-0.59,-0.03,0.001
2016-09-07,0.09,0.61,0.03,-0.01,-0.25,0.001
2016-09-08,-0.18,0.04,0.58,-0.82,0.41,0.001
2016-09-09,-2.47,-0.55,0.3,0.03,-0.43,0.001
2016-09-12,1.44,-0.04,-0.47,-0.07,-0.2,0.001
2016-09-13,-1.48,-0.32,-0.47,0.57,-0.76,0.001
2016-09-14,-0.08,0.05,-0.82,0.09,-0.51,0.001
2016-09-15,1.07,0.31,-0.32,0.09,-0.21,0.001
2016-09-16,-0.36,0.28,-0.46,0.26,-0.19,0.001
2016-09-19,0.05,0.5,0.16,-0.05,0.34,0.001
2016-09-20,-0.02,-0.33,-0.52,-0.46,-0.11,0.001
2016-09-21,1.12,0.2,0.33,-0.33,0.52,0.001
2016-09-22,0.7,0.81,-0.06,0.12,0.13,0.001
2016-09-23,-0.6,-0.08,-0.2,0.41,-0.46,0.001
2016-09-26,-0.88,-0.3,-0.35,-0.21,0.2,0.001
2016-09-27,0.64,-0.13,-0.52,-0.03,-0.41,0.001
2016-09-28,0.56,0.23,1.1,-1.01,1.14,0.001
2016-09-29,-0.98,-0.39,0.55,0.24,0.67,0.001
2016-09-30,0.88,0.42,0.35,-0.12,0.1,0.001
2016-10-03,-0.26,0,-0.21,0,0.1,0.001
2016-10-04,-0.46,0.02,0.17,0.22,-0.26,0.001
2016-10-05,0.58,0.42,0.79,-0.4,0.44,0.001
2016-10-06,-0.06,-0.23,0.37,0.39,0.24,0.001
2016-10-07,-0.38,-0.53,0.16,-0.27,-0.38,0.001
2016-10-10,0.52,0.56,0.01,-0.58,-0.22,0.001
2016-10-11,-1.3,-0.57,0.49,0.31,0.09,0.001
2016-10-12,0.06,-0.21,0.37,0.63,0.15,0.001
2016-10-13,-0.42,-0.74,-0.63,0.32,-0.13,0.001
2016-10-14,0.01,-0.33,0.57,0.06,0.09,0.001
2016-10-17,-0.29,-0.03,0.14,0.06,0.14,0.001
2016-10-18,0.6,-0.14,0.03,-0.13,-0.29,0.001
2016-10-19,0.25,0.12,0.91,-0.1,0.47,0.001
2016-10-20,-0.16,-0.04,-0.11,-0.46,-0.04,0.001
2016-10-21,0.02,-0.17,-0.32,0.32,-0.18,0.001
2016-10-24,0.54,0.07,-0.16,0.52,-0.49,0.001
2016-10-25,-0.46,-0.6,0.22,0,-0.01,0.001
2016-10-26,-0.23,-0.73,0.74,0.08,0.54,0.001
2016-10-27,-0.33,-0.95,0.6,-0.15,-0.04,0.001
2016-10-28,-0.29,-0.1,0.1,0.01,0.33,0.001
2016-10-31,0.02,0.08,0.14,0.51,-0.32,0.001
2016-11-01,-0.68,-0.36,0.17,-0.57,-0.06,0.001
2016-11-02,-0.73,-0.59,0.36,0.81,0.15,0.001
2016-11-03,-0.4,-0.38,1.02,0.11,0.79,0.001
2016-11-04,-0.12,0.84,-0.43,-0.11,-0.07,0.001
2016-11-07,2.23,0.18,-0.15,-0.28,-0.18,0.001
2016-11-08,0.4,-0.11,-0.19,0,0.29,0.001
2016-11-09,1.46,2.06,0.99,-0.85,0.74,0.001
2016-11-10,0.32,1.43,1.8,-0.31,0.37,0.001
2016-11-11,0.18,2.51,-0.04,0.09,-0.35,0.001
2016-11-14,0.21,0.87,1.42,-0.13,0.35,0.001
2016-11-15,0.8,-0.54,0.15,-0.51,0.18,0.001
2016-11-16,-0.12,0.23,-0.56,0.82,-0.17,0.001
2016-11-17,0.56,0.16,-0.13,0.25,-0.47,0.001
2016-11-18,-0.16,0.57,0.39,-0.19,0.1,0.001
2016-11-21,0.77,-0.26,0.09,-0.04,0.31,0.001
2016-11-22,0.31,0.63,0.59,0.76,0.31,0.001
2016-11-23,0.16,0.58,0.18,-0.27,0.18,0.001
2016-11-25,0.4,-0.07,-0.25,0.22,-0.15,0.001
2016-11-28,-0.64,-0.79,0.06,0.58,-0.34,0.001
2016-11-29,0.11,-0.4,-0.07,0.42,-0.49,0.001
2016-11-30,-0.25,-0.17,2.24,-1.44,1.97,0.001
2016-12-01,-0.36,-0.4,2.04,0.28,0.62,0.001
2016-12-02,0,0,-0.32,-0.03,0.08,0.001
2016-12-05,0.75,1.13,0.28,-0.25,-0.18,0.001
2016-12-06,0.48,0.64,0.23,-0.13,-0.1,0.001
2016-12-07,1.26,-0.5,0.53,0.81,-0.01,0.001
2016-12-08,0.36,1.24,0.59,-0.27,-0.1,0.001
2016-12-09,0.46,-0.36,0.13,-0.12,-0.05,0.001
2016-12-12,-0.3,-0.97,-0.1,-0.06,0.07,0.001
2016-12-13,0.6,-0.57,-0.28,0.02,-0.17,0.001
2016-12-14,-0.82,-0.38,-0.28,0.44,-0.52,0.001
2016-12-15,0.46,0.45,0.28,0.04,0.05,0.001
2016-12-16,-0.22,-0.03,-0.42,-0.17,0,0.001
2016-12-19,0.22,0.32,0.09,0.27,0.04,0.001
2016-12-20,0.44,0.5,0.68,0.09,0.07,0.001
2016-12-21,-0.24,-0.35,0.23,0.14,0.06,0.001
2016-12-22,-0.3,-0.77,0.24,-0.23,0.06,0.001
2016-12-23,0.19,0.53,-0.51,-0.28,-0.14,0.001
2016-12-27,0.27,0.23,0.13,0.19,0.03,0.001
2016-12-28,-0.87,-0.31,0.09,0.12,-0.16,0.001
2016-12-29,-0.04,0.09,-0.31,0.26,0.05,0.001
2016-12-30,-0.52,-0.05,0.2,-0.14,0.06,0.001
2017-01-03,0.83,-0.09,0.08,-0.17,0.27,0.002
2017-01-04,0.79,0.97,-0.15,-0.32,-0.03,0.002
2017-01-05,-0.21,-0.99,-0.8,-0.08,-0.09,0.002
2017-01-06,0.29,-0.7,-0.31,-0.23,-0.29,0.002
2017-01-09,-0.37,-0.31,-1.04,0.24,-0.52,0.002
2017-01-10,0.16,1.02,0.56,-0.1,0.06,0.002
2017-01-11,0.31,-0.23,0.53,0.14,0.28,0.002
2017-01-12,-0.3,-0.65,-0.88,0.05,-0.29,0.002
2017-01-13,0.29,0.62,-0.08,-0.22,-0.15,0.002
2017-01-17,-0.49,-0.97,-0.59,0.53,0.42,0.002
2017-01-18,0.24,0.21,0.24,-0.07,-0.1,0.002
2017-01-19,-0.38,-0.53,-0.04,-0.01,-0.03,0.002
2017-01-20,0.33,0.08,0.19,0.07,-0.01,0.002
2017-01-23,-0.29,-0.05,-0.31,0.45,-0.37,0.002
2017-01-24,0.83,0.79,0.81,-0.15,0.5,0.002
2017-01-25,0.84,0.2,0.36,-0.26,-0.14,0.002
2017-01-26,-0.1,-0.58,0.38,-0.12,-0.17,0.002
2017-01-27,-0.12,-0.04,-0.66,0.11,0.07,0.002
2017-01-30,-0.68,-0.74,-0.42,0.58,-0.15,0.002
2017-01-31,0,0.82,-0.55,-0.41,-0.21,0.002
2017-02-01,0.04,-0.05,0.03,0.25,-0.25,0.002
2017-02-02,-0.02,-0.32,-0.31,-0.24,0.2,0.002
2017-02-03,0.82,0.66,0.64,-0.46,0.35,0.002
2017-02-06,-0.27,-0.61,-0.2,0.08,-0.21,0.002
2017-02-07,-0.01,-0.38,-0.52,0.43,-0.23,0.002
2017-02-08,0.06,-0.28,-0.53,0.34,-0.11,0.002
2017-02-09,0.72,0.73,0.02,-0.27,0.03,0.002
2017-02-10,0.38,0.39,0.12,-0.02,0.16,0.002
2017-02-13,0.49,-0.28,0.32,-0.04,0.05,0.002
2017-02-14,0.45,-0.16,0.33,-0.44,-0.07,0.002
2017-02-15,0.54,0.15,-0.44,0.29,-0.08,0.002
2017-02-16,-0.16,-0.21,-0.03,0.25,-0.22,0.002
2017-02-17,0.2,-0.06,-0.57,0.06,-0.38,0.002
2017-02-21,0.6,0.04,0.13,0.34,0.35,0.002
2017-02-22,-0.15,-0.39,0.11,0.44,-0.34,0.002
2017-02-23,-0.11,-0.73,0.26,-0.28,-0.45,0.002
2017-02-24,0.15,-0.1,-0.92,0.31,-0.21,0.002
2017-02-27,0.22,0.85,-0.34,-0.35,-0.11,0.002
2017-02-28,-0.42,-1.35,0.2,-0.02,-0.14,0.002
2017-03-01,1.47,0.53,0.72,-0.51,0.55,0.001
2017-03-02,-0.7,-0.56,-0.88,0.53,-0.47,0.001
2017-03-03,0.09,-0.16,0.13,0.02,-0.08,0.001
2017-03-06,-0.38,-0.41,-0.1,-0.01,0,0.001
2017-03-07,-0.36,-0.35,-0.05,0.08,-0.25,0.001
2017-03-08,-0.19,-0.17,-0.82,0.5,-0.73,0.001
2017-03-09,0.04,-0.51,-0.27,-0.54,-0.16,0.001
2017-03-10,0.34,0.07,-0.38,0.27,0.02,0.001
2017-03-13,0.13,0.33,-0.03,-0.08,0.06,0.001
2017-03-14,-0.36,-0.23,0.02,0.46,-0.25,0.001
2017-03-15,0.86,0.72,-0.41,-0.09,0.55,0.001
2017-03-16,-0.06,0.44,0.24,-0.11,-0.38,0.001
2017-03-17,-0.08,0.55,-0.26,0.13,-0.02,0.001
2017-03-20,-0.25,-0.16,-0.75,-0.12,-0.03,0.001
2017-03-21,-1.48,-1.41,-0.69,0.78,0.29,0.001
2017-03-22,0.16,-0.33,-0.54,0.16,-0.13,0.001
2017-03-23,-0.03,0.74,0.46,-0.06,0.19,0.001
2017-03-24,-0.05,0.11,-0.23,-0.24,-0.32,0.001
2017-03-27,-0.05,0.47,-0.52,-0.18,-0.28,0.001
2017-03-28,0.72,-0.06,0.71,0.02,0.38,0.001
2017-03-29,0.18,0.34,-0.06,-0.19,0.13,0.001
2017-03-30,0.36,0.4,0.92,-0.16,-0.15,0.001
2017-03-31,-0.16,0.55,-0.3,0.16,0.08,0.001
2017-04-03,-0.28,-1.15,-0.11,-0.17,-0.07,0.003
2017-04-04,0.05,-0.24,0.31,-0.1,0.18,0.003
2017-04-05,-0.44,-0.83,-0.31,0.38,-0.09,0.003
2017-04-06,0.32,0.75,0.5,-0.12,0.37,0.003
2017-04-07,-0.08,0.09,-0.26,0.01,-0.04,0.003
2017-04-10,0.08,0.15,0.1,0.2,0.48,0.003
2017-04-11,-0.05,0.8,0.25,0.18,0.19,0.003
2017-04-12,-0.49,-0.95,-0.54,-0.06,-0.54,0.003
2017-04-13,-0.75,-0.33,-0.79,0.04,-0.35,0.003
2017-04-17,0.89,0.29,0.22,0.1,-0.15,0.003
2017-04-18,-0.25,0.31,-0.16,0.33,0.1,0.003
2017-04-19,-0.08,0.56,-0.39,0.38,-0.85,0.003
2017-04-20,0.83,0.58,0.27,0.24,-0.19,0.003
2017-04-21,-0.28,0.06,-0.14,0.4,-0.2,0.003
2017-04-24,1.18,0.27,0.51,-0.02,0.15,0.003
2017-04-25,0.66,0.39,-0.05,-0.3,0.3,0.003
2017-04-26,0.04,0.74,0.31,0.2,0.01,0.003
2017-04-27,0.05,-0.2,-0.96,0.31,-0.59,0.003
2017-04-28,-0.3,-0.74,-0.6,0.07,-0.21,0.003
2017-05-01,0.21,0.26,-0.13,-0.1,-0.51,0.003
2017-05-02,0.03,-0.46,-0.21,0.41,-0.33,0.003
2017-05-03,-0.19,-0.52,0.2,-0.05,0.13,0.003
2017-05-04,0.02,-0.12,-0.36,0.4,-0.7,0.003
2017-05-05,0.46,0.09,0.05,-0.22,0.66,0.003
2017-05-08,-0.04,-0.24,0.28,0.09,0.05,0.003
2017-05-09,-0.05,0.4,-0.78,0.37,-0.37,0.003
2017-05-10,0.21,0.25,0.02,-0.25,0.36,0.003
2017-05-11,-0.26,-0.41,-0.15,-0.32,-0.01,0.003
2017-05-12,-0.18,-0.37,-0.61,-0.23,-0.33,0.003
2017-05-15,0.53,0.26,0.2,-0.3,0.05,0.003
2017-05-16,-0.03,0.11,-0.09,-0.22,-0.14,0.003
2017-05-17,-1.97,-0.99,-0.54,0.5,0.3,0.003
2017-05-18,0.4,0.01,-0.39,-0.29,-0.61,0.003
2017-05-19,0.7,-0.34,0.4,-0.03,0.79,0.003
2017-05-22,0.56,0.24,-0.3,-0.05,-0.32,0.003
2017-05-23,0.18,0,0.61,-0.26,0.07,0.003
2017-05-24,0.24,-0.21,-0.49,0.21,-0.31,0.003
2017-05-25,0.42,-0.35,-0.77,0.63,-0.64,0.003
2017-05-26,0.06,-0.02,0.09,0.18,0.15,0.003
2017-05-30,-0.19,-0.54,-0.32,0.61,-0.03,0.003
2017-05-31,-0.02,-0.05,-0.56,0.26,-0.09,0.003
2017-06-01,0.95,1,0.03,-0.16,0.04,0.003
2017-06-02,0.35,0.43,-0.77,0.27,-0.48,0.003
2017-06-05,-0.17,-0.46,0,-0.19,0.01,0.003
2017-06-06,-0.28,0.11,-0.06,-0.51,0.36,0.003
2017-06-07,0.15,-0.14,0.01,0.53,-0.69,0.003
2017-06-08,0.18,1.21,0.92,-0.7,-0.03,0.003
2017-06-09,-0.12,0.26,2.37,-0.32,1.13,0.003
2017-06-12,-0.11,-0.19,0.36,-0.02,0.61,0.003
2017-06-13,0.55,0.06,-0.14,-0.24,-0.08,0.003
2017-06-14,-0.17,-0.55,-0.55,0.11,-0.52,0.003
2017-06-15,-0.3,-0.3,-0.12,0.02,-0.07,0.003
2017-06-16,-0.03,-0.26,-0.18,-0.49,0.14,0.003
2017-06-19,0.86,0.11,-0.74,-0.02,-0.09,0.003
2017-06-20,-0.73,-0.44,-0.51,-0.23,-0.25,0.003
2017-06-21,-0.07,-0.21,-1.68,-0.1,-1.15,0.003
2017-06-22,0.02,0.47,-0.42,-0.1,-0.04,0.003
2017-06-23,0.24,0.75,-0.5,-0.33,0.04,0.003
2017-06-26,0.04,0.07,0.68,0.26,0.18,0.003
2017-06-27,-0.84,-0.22,1.32,0.29,0.33,0.003
2017-06-28,1.02,0.8,0.22,-0.16,-0.08,0.003
2017-06-29,-0.83,0.07,1.38,-0.26,0.36,0.003
2017-06-30,0.14,-0.1,-0.25,0.21,0.29,0.003
2017-07-03,0.24,0.43,1.2,-0.63,0.65,0.004
2017-07-05,0.12,-0.69,-0.55,0.19,-0.68,0.004
2017-07-06,-0.95,-0.44,0.12,0.21,-0.01,0.004
2017-07-07,0.7,0.41,-0.41,0.24,-0.51,0.004
2017-07-10,0.05,-0.44,-0.09,-0.09,-0.1,0.004
2017-07-11,0,0.3,-0.53,-0.35,0.15,0.004
2017-07-12,0.72,0.06,-0.53,0.16,-0.23,0.004
2017-07-13,0.17,-0.01,0.37,0,0.21,0.004
2017-07-14,0.42,-0.22,-0.5,0.22,0.04,0.004
2017-07-17,0,0.22,0.13,0.16,0.07,0.004
2017-07-18,0.04,-0.35,-0.33,0.08,-0.42,0.004
2017-07-19,0.59,0.47,0.04,-0.27,0.13,0.004
2017-07-20,-0.01,0.04,-0.01,0.09,-0.23,0.004
2017-07-21,-0.08,-0.42,-0.28,0.12,-0.29,0.004
2017-07-24,-0.03,0.12,-0.2,-0.23,-0.39,0.004
2017-07-25,0.38,0.43,0.92,-0.24,0.7,0.004
2017-07-26,-0.06,-0.46,-0.7,-0.19,0.04,0.004
2017-07-27,-0.14,-0.66,0.43,0.19,0.41,0.004
2017-07-28,-0.17,-0.07,0.23,-0.18,0.18,0.004
2017-07-31,-0.11,-0.25,0.44,-0.06,0.14,0.004
2017-08-01,0.24,-0.18,0.18,0.22,-0.47,0.004
2017-08-02,-0.08,-1.15,0.16,0.05,-0.34,0.004
2017-08-03,-0.21,-0.34,-0.29,0.3,-0.28,0.004
2017-08-04,0.25,0.34,0.36,-0.07,0.02,0.004
2017-08-07,0.16,-0.11,-0.59,0.25,-0.37,0.004
2017-08-08,-0.24,-0.11,0.21,-0.34,-0.15,0.004
2017-08-09,-0.14,-0.81,-0.12,0.11,0.04,0.004
2017-08-10,-1.49,-0.32,0.24,0.25,0.12,0.004
2017-08-11,0.2,0.18,-0.86,0.42,-0.11,0.004
2017-08-14,1.03,0.29,0.05,0.01,-0.43,0.004
2017-08-15,-0.11,-0.86,-0.03,-0.17,-0.26,0.004
2017-08-16,0.18,-0.14,-0.45,0.36,-0.13,0.004
2017-08-17,-1.59,-0.18,-0.16,-0.06,0.12,0.004
2017-08-18,-0.15,0.14,0.21,-0.26,-0.01,0.004
2017-08-21,0.06,-0.28,-0.22,0.21,-0.09,0.004
2017-08-22,1.07,-0.02,-0.25,-0.2,0.12,0.004
2017-08-23,-0.32,0.13,0.41,-0.49,0.1,0.004
2017-08-24,-0.14,0.58,0.18,-0.45,0.09,0.004
2017-08-25,0.18,0.16,0.57,0.1,0.24,0.004
2017-08-28,0.08,0.32,-0.74,0.23,-0.19,0.004
2017-08-29,0.1,0.09,-0.39,0.06,0.09,0.004
2017-08-30,0.53,0.02,-0.31,0.17,-0.45,0.004
2017-08-31,0.62,0.4,-0.42,-0.26,-0.09,0.004
2017-09-01,0.27,0.43,0.45,-0.08,0.36,0.005
2017-09-05,-0.81,-0.02,-0.96,-0.04,0.53,0.005
2017-09-06,0.28,-0.01,0.13,-0.3,0.09,0.005
2017-09-07,-0.07,0.01,-0.94,0.03,0.07,0.005
2017-09-08,-0.16,0.13,0.36,0.22,-0.14,0.005
2017-09-11,1.08,-0.09,0.63,-0.41,-0.11,0.005
2017-09-12,0.43,0.34,0.71,0.07,0.18,0.005
2017-09-13,0.11,0.3,0.36,-0.39,0.09,0.005
2017-09-14,-0.12,-0.05,-0.06,-0.35,0.23,0.005
2017-09-15,0.19,0.24,0.12,0.23,0.01,0.005
2017-09-18,0.24,0.41,0.21,-0.47,0.2,0.005
2017-09-19,0.15,-0.21,0.35,0.03,0.07,0.005
2017-09-20,0.16,0.27,0.5,-0.2,0.29,0.005
2017-09-21,-0.28,0.17,0.37,0.01,-0.08,0.005
2017-09-22,0.12,0.44,0.13,0.38,0.28,0.005
2017-09-25,-0.25,0.33,0.63,-0.36,0.65,0.005
2017-09-26,0.05,0.45,0.13,0.57,-0.12,0.005
2017-09-27,0.63,1.42,0.18,-0.26,-0.52,0.005
2017-09-28,0.13,0.16,-0.07,-0.11,-0.19,0.005
2017-09-29,0.35,-0.11,-0.28,-0.03,-0.35,0.005
2017-10-02,0.5,0.87,0.16,-0.25,0.26,0.004
2017-10-03,0.26,-0.02,-0.02,0.03,-0.11,0.004
2017-10-04,0.05,-0.34,-0.44,-0.05,0,0.004
2017-10-05,0.55,-0.31,0.35,-0.24,-0.17,0.004
2017-10-06,-0.08,-0.09,-0.25,0.19,-0.36,0.004
2017-10-09,-0.22,-0.3,-0.04,0.11,-0.17,0.004
2017-10-10,0.24,0,0.42,0.04,0.08,0.004
2017-10-11,0.16,-0.26,-0.21,-0.09,-0.06,0.004
2017-10-12,-0.18,-0.1,-0.51,0.21,0.11,0.004
2017-10-13,0.04,-0.28,0.1,0.23,0.01,0.004
2017-10-16,0.17,-0.26,0.36,0.03,-0.08,0.004
2017-10-17,0.01,-0.37,-0.32,0.36,-0.22,0.004
2017-10-18,0.14,0.36,0.21,0.32,-0.14,0.004
2017-10-19,0.02,-0.34,0.17,0.13,0.04,0.004
2017-10-20,0.57,0.01,0.28,0.08,0.04,0.004
2017-10-23,-0.45,-0.38,0.12,0.25,-0.26,0.004
2017-10-24,0.2,-0.09,0.47,0.05,-0.14,0.004
2017-10-25,-0.51,0.01,0.11,0.25,-0.43,0.004
2017-10-26,0.2,0.05,0.22,0.1,-0.17,0.004
2017-10-27,0.82,-0.06,-1,0.13,-1.32,0.004
2017-10-30,-0.46,-0.75,-0.05,-0.55,-0.41,0.004
2017-10-31,0.23,0.76,-0.22,-0.17,0.22,0.004
2017-11-01,0.05,-0.8,0.14,-0.06,-0.08,0.004
2017-11-02,0.06,0,0.5,-0.25,0.34,0.004
2017-11-03,0.31,-0.52,-0.66,-0.16,-0.15,0.004
2017-11-06,0.06,0.16,0.19,-0.57,0.04,0.004
2017-11-07,-0.2,-1.42,-0.39,0.43,-0.03,0.004
2017-11-08,0.12,-0.02,-0.62,0.62,-0.01,0.004
2017-11-09,-0.41,0,0.22,-0.04,0.08,0.004
2017-11-10,0.01,0.05,-0.38,0.16,0.15,0.004
2017-11-13,0.09,-0.29,0.02,0.08,-0.74,0.004
2017-11-14,-0.22,-0.07,0,0.96,-0.41,0.004
2017-11-15,-0.52,0.04,0.24,-0.09,0.15,0.004
2017-11-16,1.01,0.79,-0.52,0.57,0.34,0.004
2017-11-17,-0.14,0.73,0.29,-0.18,0.35,0.004
2017-11-20,0.21,0.63,0.01,0.26,0,0.004
2017-11-21,0.67,0.35,-0.36,0.03,-0.62,0.004
2017-11-22,-0.05,0.08,-0.04,-0.25,0.16,0.004
2017-11-24,0.21,0.01,-0.44,0.05,-0.08,0.004
2017-11-27,-0.06,-0.31,0.03,0.6,-0.1,0.004
2017-11-28,1.06,0.56,0.84,0.33,0.02,0.004
2017-11-29,0.02,0.29,1.45,0.69,0.59,0.004
2017-11-30,0.82,-0.61,-0.5,-0.25,0.03,0.004
2017-12-01,-0.22,-0.33,0.36,-0.42,0.32,0.004
2017-12-04,-0.1,-0.15,1.22,0.93,0.56,0.004
2017-12-05,-0.43,-0.46,-0.24,0.24,-0.11,0.004
2017-12-06,-0.09,-0.5,-0.51,0.43,-0.51,0.004
2017-12-07,0.42,0.28,-0.17,-0.17,0.07,0.004
2017-12-08,0.51,-0.43,-0.14,-0.05,0.06,0.004
2017-12-11,0.26,-0.42,-0.15,-0.07,0.08,0.004
2017-12-12,0.07,-0.45,0.52,0,0.09,0.004
2017-12-13,0.02,0.63,-0.88,0.29,-0.06,0.004
2017-12-14,-0.47,-0.75,-0.22,-0.1,-0.12,0.004
2017-12-15,0.92,0.68,0.03,0.32,-0.5,0.004
2017-12-18,0.67,0.81,0.26,0.18,0.16,0.004
2017-12-19,-0.3,-0.35,-0.26,0.15,0.38,0.004
2017-12-20,0.01,0.38,0.05,-0.18,0.27,0.004
2017-12-21,0.24,0.31,0.62,-0.71,0.31,0.004
2017-12-22,-0.07,-0.19,-0.2,-0.05,0.21,0.004
2017-12-26,-0.07,0.31,-0.06,-0.17,0.56,0.004
2017-12-27,0.05,-0.16,-0.19,0.06,-0.12,0.004
2017-12-28,0.22,0.1,0.03,-0.09,-0.2,0.004
2017-12-29,-0.57,-0.3,0.02,0.18,0.14,0.004
2018-01-02,0.85,0.33,-0.2,-0.36,0.23,0.005
2018-01-03,0.59,-0.47,-0.21,-0.66,-0.07,0.005
2018-01-04,0.42,-0.23,0.24,-0.03,0.31,0.005
2018-01-05,0.66,-0.36,-0.26,0.43,-0.37,0.005
2018-01-08,0.19,-0.2,0.07,-0.1,0.03,0.005
2018-01-09,0.15,-0.38,-0.03,-0.14,-0.07,0.005
2018-01-10,-0.07,0.13,0.57,-0.32,-0.01,0.005
2018-01-11,0.87,1.13,0.28,-0.11,0.48,0.005
2018-01-12,0.66,-0.32,0.17,-0.12,0.15,0.005
2018-01-16,-0.49,-1,-0.02,0.42,-0.33,0.005
2018-01-17,0.95,-0.06,-0.15,-0.09,-0.02,0.005
2018-01-18,-0.18,-0.44,-0.24,0.27,-0.29,0.005
2018-01-19,0.57,0.93,-0.08,0.09,0.13,0.005
2018-01-22,0.77,-0.36,-0.15,-0.51,0.18,0.005
2018-01-23,0.22,0.09,-0.33,-0.1,-0.25,0.005
2018-01-24,-0.13,-0.71,0.37,0.12,0.13,0.005
2018-01-25,0.07,0.12,-0.51,0.13,-0.19,0.005
2018-01-26,1.11,-0.63,-0.5,0.34,-0.18,0.005
2018-01-29,-0.62,-0.01,-0.26,0.24,-0.3,0.005
2018-01-30,-1.06,0.1,-0.18,0.36,-0.34,0.005
2018-01-31,-0.07,-0.65,0.07,0.18,-0.06,0.005
2018-02-01,0.03,0.13,0.49,-0.62,0.01,0.006
2018-02-02,-2.13,0.01,-0.27,0.72,-0.44,0.006
2018-02-05,-4.03,0.66,-0.56,0.18,-0.16,0.006
2018-02-06,1.67,-0.45,-0.21,0.21,-0.16,0.006
2018-02-07,-0.37,0.58,0.26,0.34,0.32,0.006
2018-02-08,-3.68,0.81,0.47,0.3,0.09,0.006
2018-02-09,1.36,-0.57,0.11,0.11,-0.47,0.006
2018-02-12,1.36,-0.43,-0.28,-0.2,-0.18,0.006
2018-02-13,0.31,0.1,-0.24,0.22,-0.02,0.006
2018-02-14,1.52,0.29,0.46,-0.62,-0.07,0.006
2018-02-15,1.21,-0.16,-0.65,0.28,-0.29,0.006
2018-02-16,0.03,0.35,0.12,-0.01,0.08,0.006
2018-02-20,-0.62,-0.29,-0.26,-0.25,-0.52,0.006
2018-02-21,-0.43,0.81,0.21,0.17,-0.28,0.006
2018-02-22,0.01,-0.06,-0.39,0.04,0.45,0.006
2018-02-23,1.54,-0.36,-0.15,-0.13,-0.1,0.006
2018-02-26,1.12,-0.47,-0.07,-0.17,-0.24,0.006
2018-02-27,-1.25,-0.19,0.01,-0.11,-0.06,0.006
2018-02-28,-1.1,-0.42,-0.32,0.27,-0.27,0.006
2018-03-01,-1.18,0.96,-0.02,-0.27,0.04,0.006
2018-03-02,0.7,1.1,-0.49,-0.39,-0.37,0.006
2018-03-05,1.06,-0.41,0.24,-0.46,0.07,0.006
2018-03-06,0.36,0.7,0.11,0.34,-0.02,0.006
2018-03-07,0.05,0.77,-0.46,-0.1,-0.44,0.006
2018-03-08,0.37,-0.58,-0.33,0,-0.19,0.006
2018-03-09,1.7,-0.19,0.29,-0.19,-0.03,0.006
2018-03-12,-0.09,0.43,-0.05,-0.38,-0.21,0.006
2018-03-13,-0.67,0.09,0,0.42,0.05,0.006
2018-03-14,-0.53,0.16,-0.54,-0.03,-0.42,0.006
2018-03-15,-0.18,-0.39,0.33,0.08,-0.13,0.006
2018-03-16,0.25,0.45,0.17,0.03,0.3,0.006
2018-03-19,-1.38,0.4,0.4,0.32,0.11,0.006
2018-03-20,0.15,-0.12,-0.39,-0.03,-0.11,0.006
2018-03-21,-0.06,0.7,0.46,-1.13,0.81,0.006
2018-03-22,-2.54,0.39,-0.46,0.17,0.04,0.006
2018-03-23,-2.09,0.09,-0.19,0.07,0.73,0.006
2018-03-26,2.67,-0.63,0.02,0.1,-0.61,0.006
2018-03-27,-1.87,-0.24,0.4,0.63,0.55,0.006
2018-03-28,-0.35,0.16,0.64,0.59,0.06,0.006
2018-03-29,1.41,-0.28,-0.22,-0.33,-0.19,0.006
2018-04-02,-2.29,-0.08,0.38,0.06,-0.09,0.007
2018-04-03,1.24,-0.03,0.18,0.25,0.14,0.007
2018-04-04,1.17,0.33,-0.32,0.18,-0.14,0.007
2018-04-05,0.75,0.06,0.48,0.18,0.24,0.007
2018-04-06,-2.19,0.38,-0.06,0.11,0.03,0.007
2018-04-09,0.3,-0.24,-0.49,-0.77,-0.3,0.007
2018-04-10,1.77,0.33,-0.12,-0.89,0.38,0.007
2018-04-11,-0.49,0.79,-0.3,-0.6,0.28,0.007
2018-04-12,0.84,-0.16,0.19,-0.2,0,0.007
2018-04-13,-0.37,-0.1,-0.24,-0.08,0.16,0.007
2018-04-16,0.82,0.14,-0.04,0.82,0.04,0.007
2018-04-17,1.09,0.03,-1.18,0.02,-0.46,0.007
2018-04-18,0.13,0.23,0.01,-0.3,0.41,0.007
2018-04-19,-0.49,-0.31,1.07,-0.51,0.09,0.007
2018-04-20,-0.81,0.1,0.61,-0.57,0.28,0.007
2018-04-23,-0.05,-0.08,0.19,0.24,0.06,0.007
2018-04-24,-1.3,0.63,0.97,-0.01,0.22,0.007
2018-04-25,0.1,-0.29,0.01,0.38,0.16,0.007
2018-04-26,0.96,-0.55,-0.85,-0.4,-0.48,0.007
2018-04-27,0.01,-0.28,0.07,0.49,0.09,0.007
2018-04-30,-0.8,-0.06,-0.08,-0.37,-0.03,0.007
2018-05-01,0.24,0.26,-0.53,-0.02,-0.95,0.006
2018-05-02,-0.63,1.25,-0.28,0.02,-0.02,0.006
2018-05-03,-0.25,-0.58,-0.18,0.06,-0.1,0.006
2018-05-04,1.3,-0.02,-0.22,-0.35,0.06,0.006
2018-05-07,0.42,0.39,-0.36,-0.44,-0.32,0.006
2018-05-08,0.07,0.5,0.28,-0.32,0.15,0.006
2018-05-09,0.89,-0.24,0.24,-0.9,-0.01,0.006
2018-05-10,0.84,-0.38,-0.04,0.2,-0.32,0.006
2018-05-11,0.19,0.11,-0.37,0.24,0.13,0.006
2018-05-14,0.05,-0.28,0.11,-0.15,0.51,0.006
2018-05-15,-0.55,0.7,0.4,-0.13,0.43,0.006
2018-05-16,0.5,0.67,-0.24,0.33,0.1,0.006
2018-05-17,0.02,0.86,0.25,-0.35,0.3,0.006
2018-05-18,-0.23,0.46,-0.59,0.1,-0.21,0.006
2018-05-21,0.72,-0.19,0.44,0.22,0.08,0.006
2018-05-22,-0.42,-0.65,0.6,-0.26,-0.39,0.006
2018-05-23,0.29,-0.05,-0.71,0.09,-0.37,0.006
2018-05-24,-0.16,0.33,-0.3,0.55,0.1,0.006
2018-05-25,-0.21,0.24,-0.38,0.63,-0.51,0.006
2018-05-29,-1.04,1.1,-1.02,0.12,-0.02,0.006
2018-05-30,1.31,0.03,0.34,-0.77,0.2,0.006
2018-05-31,-0.7,0.05,-0.4,-0.49,-0.15,0.006