date,V,TRP,JBLU,AXP,COT,AMGN,GGG,FL
2014-06-27,50.8274,39.9593,10.88,88.9042,6.3508,106.8616,24.289,46.4331
2014-06-30,51.1747,40.0853,10.85,88.848,6.4791,106.6633,24.389,46.5249
2014-07-01,52.0344,40.2029,10.98,89.2976,6.4974,108.4115,24.6607,47.3321
2014-07-02,52.1777,40.3205,10.75,89.1665,6.5524,109.0603,24.5889,47.1578
2014-07-03,52.5833,40.2701,10.89,89.7565,6.5524,110.7003,24.7107,47.4605
2014-07-07,52.6392,40.0433,10.62,89.3444,6.5432,108.2763,24.6857,46.8276
2014-07-08,52.2797,40.3373,10.49,88.5671,6.5157,108.0961,24.5389,46.5157
2014-07-09,52.4983,40.9169,10.66,88.9709,6.5157,107.7446,24.3515,46.5432
2014-07-10,52.3477,41.4965,10.73,88.7079,6.4699,107.186,24.0204,46.424
2014-07-11,52.7023,41.3705,10.82,88.7173,6.4608,107.9249,23.833,45.8461
2014-07-14,53.6811,41.5637,10.71,88.7831,6.4241,107.213,23.9267,45.6534
2014-07-15,53.8632,41.7233,10.82,88.6985,6.3874,105.3027,23.6893,45.4425
2014-07-16,54.0794,42.6726,10.87,88.7173,6.3874,106.0686,23.6049,44.4105
2014-07-17,52.916,42.6222,10.63,87.3274,6.3233,103.978,23.199,43.4246
2014-07-18,53.4795,42.5886,10.83,87.8346,6.3325,106.6003,23.641,44.8436
2014-07-21,53.2415,42.513,10.71,87.2241,6.2866,107.2581,23.4905,44.6685
2014-07-22,53.7369,42.9162,10.78,87.6843,6.305,109.1323,23.6222,44.2907
2014-07-23,53.7224,43.5378,11.28,87.5998,6.2775,109.9433,23.5375,44.6593
2014-07-24,54.0964,43.8486,11.0601,87.4777,6.3508,110.1686,23.9921,45.636
2014-07-25,52.1607,43.4034,11.41,86.332,6.2408,110.6912,24.0987,44.6224
2014-07-28,52.0271,43.3866,11.17,86.2662,6.1858,110.52,24.2022,44.6685
2014-07-29,51.8523,43.2354,11.06,86.1254,6.1217,111.1148,24.2178,44.6962
2014-07-30,51.9883,42.387,11.08,85.3741,6.0759,117.1521,23.989,44.9265
2014-07-31,51.2475,42.1434,10.72,82.6413,6.2958,114.7913,23.246,43.7932
2014-08-01,51.4418,41.4965,10.81,81.6365,6.36,113.1332,23.0673,44.3368
2014-08-04,51.5268,42.0341,10.86,81.6365,6.6899,115.9266,23.2397,44.8989
2014-08-05,51.1334,41.4293,10.78,81.1012,6.6624,115.2328,23.1175,44.6593
2014-08-06,51.1698,41.5385,10.92,81.1387,6.7265,114.5209,23.1864,45.1753
2014-08-07,50.7691,41.4209,11.13,80.7819,6.7265,113.3135,23.061,44.4566
2014-08-08,51.114,41.2445,11.46,82.1436,6.699,114.3948,23.3589,46.2533
2014-08-11,51.1431,41.5889,11.74,81.6552,6.7082,114.7282,23.4686,45.8571
2014-08-12,51.0751,41.7905,11.62,81.7773,6.7174,114.3751,23.3714,46.3362
2014-08-13,51.4474,42.3702,11.88,82.0778,6.6715,115.2986,23.572,46.2533
2014-08-14,51.7126,42.6054,11.8,81.9557,6.754,119.3912,23.7445,46.7232
2014-08-15,51.1457,42.8658,11.91,81.3266,6.8731,120.2423,23.5877,45.8939
2014-08-18,52.1506,42.9582,12.28,81.8525,6.7815,120.6226,23.9827,46.714
2014-08-19,52.3161,43.4118,12.33,82.754,6.9648,120.4415,24.0987,47.8749
2014-08-20,52.6081,43.6302,12.73,83.1015,6.9281,120.1336,24.2241,48.308
2014-08-21,52.4986,43.3698,12.47,83.7119,6.9098,119.9978,24.2617,48.437
2014-08-22,52.5813,42.9498,12.6,83.4677,6.7357,120.2604,24.1457,49.8651
2014-08-25,52.5643,43.9326,12.61,84.1345,6.7357,122.0441,24.3182,50.2889
2014-08-26,52.737,44.2182,12.44,83.7213,6.7542,124.2896,24.2805,51.0168
2014-08-27,52.8344,45.2598,12.38,83.8058,6.7357,124.7967,24.3025,51.9106
2014-08-28,52.2188,45.243,12.41,83.5992,6.9205,125.5753,24.0893,51.5881
2014-08-29,51.7126,45.1758,12.23,84.0969,6.9297,126.2001,24.0956,51.6986
2014-09-02,52.2504,45.4614,12.64,84.2566,6.939,124.9144,24.3558,52.749
2014-09-03,52.2918,46.1334,12.36,84.651,7.0036,125.4757,24.3307,52.6292
2014-09-04,52.136,46.1166,12.525,84.1908,7.0775,124.9596,24.1708,52.8227
2014-09-05,52.1239,46.6122,12.54,84.1533,6.9944,124.8419,24.2022,52.6937
2014-09-08,52.5034,46.2594,12.47,83.5147,6.939,126.1005,24.1865,52.7029
2014-09-09,52.1409,46.6962,12.04,82.5474,7.0221,124.3983,23.9012,52.0488
2014-09-10,52.7735,46.0662,12.29,83.0263,7.0129,126.028,23.9953,52.3252
2014-09-11,52.3039,45.6294,12.24,83.0357,7.0221,125.8198,24.1489,52.6569
2014-09-12,52.0825,45.0918,12.19,82.3032,6.8835,124.851,23.9545,52.6108
2014-09-15,52.2285,44.7138,11.26,82.0591,6.8743,124.9234,23.7978,52.6384
2014-09-16,52.8757,45.0498,11.415,82.9794,6.8835,126.1548,23.6316,53.4216
2014-09-17,52.445,44.949,11.2,83.6461,6.902,127.4043,23.5564,52.8043
2014-09-18,52.6665,46.6374,11.33,84.6134,6.8835,128.5904,23.5971,52.8688
2014-09-19,52.6202,47.2002,11.36,84.2378,6.8004,130.3923,23.4874,52.3528
2014-09-22,52.0436,46.2174,10.9,83.571,6.7357,128.7353,23.2491,52.1685
2014-09-23,51.698,45.2262,10.765,82.9324,6.6525,127.3772,23.1927,51.8184
2014-09-24,52.1725,45.0162,10.645,83.1296,6.5601,128.7896,23.2366,52.4818
2014-09-25,51.2722,43.8234,10.4,81.4768,6.5324,126.6256,22.8259,51.6526
2014-09-26,51.5715,44.1063,10.58,82.9888,6.5786,127.7212,22.8416,52.4818
2014-09-29,51.3257,44.0216,10.53,82.5943,6.4308,126.8248,22.967,52.1133
2014-09-30,51.9195,43.6489,10.62,82.2093,6.3476,127.178,22.8792,51.2748
2014-10-01,51.1019,43.1745,10.245,80.8247,6.3291,125.693,22.3525,50.5101
2014-10-02,51.0313,43.0221,10.585,80.8812,6.3384,124.2262,22.3901,50.6206
2014-10-03,51.5837,42.7171,11.125,82.0963,6.3846,125.9918,22.4999,51.7539
2014-10-06,51.535,43.3778,10.85,81.9738,6.3384,124.5975,22.5406,51.3669
2014-10-07,50.6249,42.9628,10.65,80.3914,6.209,123.1669,21.9669,50.6667
2014-10-08,51.6737,42.5985,10.82,82.3318,6.2552,126.8248,22.2334,51.2287
2014-10-09,50.5422,40.4639,10.68,80.9001,6.1351,124.5703,21.4622,50.768
2014-10-10,49.8779,40.4216,10.06,80.0523,6.1166,124.3983,21.3336,50.8141
2014-10-13,49.7076,39.0239,9.41,77.9707,6.1813,120.9304,21.2678,49.6163
2014-10-14,49.328,37.8635,10.23,77.9331,5.9873,119.699,21.945,49.6532
2014-10-15,48.727,38.3294,10.295,76.2282,5.978,118.522,22.2271,49.3016
2014-10-16,49.3961,39.4475,11.22,75.5783,5.9688,118.1145,22.833,48.7373
2014-10-17,50.1261,39.6084,10.86,77.7824,5.9134,121.0481,22.8298,49.4681
2014-10-20,50.5763,40.1844,11.23,79.1293,6.0058,124.5069,23.0721,50.3008
2014-10-21,51.9049,40.9891,11.56,80.6646,6.052,130.4647,23.6701,51.2537
2014-10-22,51.3233,40.2183,11.18,79.0822,5.9873,130.0573,23.1131,50.5968
2014-10-23,52.1409,40.5995,10.86,80.6363,5.9596,133.3259,24.0037,51.0131
2014-10-24,51.9462,40.9976,10.96,81.3804,5.9965,133.3349,23.8999,50.6061
2014-10-27,51.9292,40.9044,11.08,81.5971,6.0058,134.1861,23.8243,50.9299
2014-10-28,52.7322,41.887,11.38,82.8969,6.015,142.326,24.6678,51.3092
2014-10-29,52.2334,41.6922,11.54,83.2077,5.7748,143.8561,24.2366,51.5035
2014-10-30,57.5842,42.0479,11.18,83.5845,6.1166,146.3008,24.8031,51.5035
2014-10-31,58.7473,41.7515,11.54,84.7242,5.6085,146.8441,24.7055,51.818
2014-11-03,58.7741,41.1077,11.74,85.5719,5.747,146.2827,24.737,51.966
2014-11-04,59.122,40.9722,12.14,86.0711,5.5807,145.2415,24.5985,49.6161
2014-11-05,60.7183,42.3021,12.125,87.0507,5.5992,143.9105,24.6741,48.765
2014-11-06,60.8546,41.6922,12.81,86.2595,5.7655,145.1871,24.8692,50.3933
2014-11-07,61.4239,41.8447,12.56,86.9,5.8856,145.0966,24.8661,50.421
2014-11-10,60.8838,41.887,13.09,87.0319,6.0335,148.2324,25.0423,50.6708
2014-11-11,60.767,42.1157,12.95,86.4102,5.9596,147.6234,25.121,50.6061
2014-11-12,61.4252,42.6578,12.53,86.2312,5.978,147.178,25.0108,51.559
2014-11-13,61.1741,42.0479,12.59,85.7791,6.1166,146.1964,24.8031,51.5035
2014-11-14,60.667,41.8362,12.6,85.4024,6.209,143.3152,24.7118,51.7995
2014-11-17,60.901,42.4376,12.375,84.8937,6.3569,144.6422,24.8661,50.6986
2014-11-18,60.884,41.9886,12.72,85.3176,6.1813,147.4598,24.8849,50.7263
2014-11-19,60.9157,42.9289,13.245,85.2422,6.1536,147.8234,24.63,51.9845
2014-11-20,61.3569,43.0559,13.44,85.3553,6.1166,147.8597,24.6835,52.7339
2014-11-21,61.9786,42.9458,13.25,85.1386,6.1628,147.9779,25.0171,50.4673
2014-11-24,62.0762,41.9717,13.44,85.7509,6.0889,149.2231,25.1745,52.2066
2014-11-25,62.7198,41.8277,13.645,86.0899,6.0889,147.4598,25.4451,52.6507
2014-11-26,62.7198,39.6338,13.6,86.137,6.2288,149.7139,25.2909,52.4841
2014-11-28,62.9465,40.7943,14.63,87.0507,6.1076,150.2501,25.2091,53.0022
2014-12-01,62.9368,40.4894,14.56,86.787,5.9863,151.2499,25.1776,52.1326
2014-12-02,63.3902,40.8028,14.9,87.597,6.1355,153.8584,25.121,52.6414
2014-12-03,63.7779,41.3957,14.82,85.9487,6.1635,152.7587,25.5112,53.2058
2014-12-04,63.6657,42.175,15.09,86.495,6.1449,151.3772,25.5333,53.0207
2014-12-05,64.2045,41.5058,15.19,87.2673,6.2008,153.8221,25.4609,52.4564
2014-12-08,64.1436,38.9901,15.51,88.1245,6.1076,156.0034,25.1808,52.3084
2014-12-09,64.3971,39.6338,15.045,87.9361,6.0796,153.9584,25.3507,52.2621
2014-12-10,63.8071,38.2531,15.15,87.3615,6.0236,150.3228,24.7024,51.8273
2014-12-11,64.1484,38.5157,15.29,87.7194,6.0982,150.95,24.844,52.1603
2014-12-12,62.6028,38.2108,14.81,85.7132,6.0143,149.5412,24.3594,51.9475
2014-12-15,62.5833,37.9821,14.94,84.809,5.9584,145.0603,24.2492,52.8635
2014-12-16,61.7812,38.4734,14.44,83.1135,5.9211,144.9149,23.9943,51.6052
2014-12-17,63.1635,39.4983,15.13,85.1857,6.1355,148.5868,24.1265,52.1141
2014-12-18,64.402,39.8117,15.37,87.7571,6.3127,153.1313,24.8818,53.5481
2014-12-19,63.7949,40.3877,15.37,87.5028,6.3127,154.6674,24.8503,49.8289
2014-12-22,64.4142,40.3284,15.4,88.181,6.2847,149.5412,25.0738,50.5691
2014-12-23,64.6702,41.3279,15.29,88.3693,6.4619,143.1698,25.4263,51.0871
2014-12-24,65.248,41.3279,15.5,88.6142,6.4339,146.0328,25.42,51.1704
2014-12-26,65.0017,41.4635,15.68,88.812,6.3034,148.5687,25.6277,51.3092
2014-12-29,64.7116,41.9269,15.7,88.7932,6.3966,148.0142,25.5994,52.3176
2014-12-30,64.4971,41.9611,15.89,88.7932,6.4339,145.9965,25.4168,52.1326
2014-12-31,63.9242,41.944,15.86,87.6347,6.4153,144.7785,25.2343,51.9753
2015-01-02,64.6117,42.1063,15.79,87.6158,6.5272,145.3239,25.2878,51.8458
2015-01-05,63.1854,40.5686,15.22,85.2987,6.4432,143.597,24.8912,51.707
2015-01-06,62.7783,39.1847,14.97,83.4809,6.5831,138.9707,24.5765,50.3655
2015-01-07,63.6194,38.9712,15.1,85.3041,6.7043,143.8242,24.8755,52.6599
2015-01-08,64.4727,39.5948,14.88,86.5133,6.7976,143.3061,25.2846,53.1965
2015-01-09,63.517,39.8254,14.38,85.4175,6.8442,141.5429,24.9668,52.0123
2015-01-12,63.3927,38.2451,14.55,84.5484,6.9001,141.9882,24.7748,52.5396
2015-01-13,63.578,37.5189,14.81,84.2933,6.9281,141.0066,24.4852,51.4665
2015-01-14,62.3053,37.6044,14.665,82.2528,7.068,141.0248,24.1737,49.4231
2015-01-15,61.7129,37.0235,14.75,81.1287,7.012,138.08,24.082,48.4199
2015-01-16,62.1566,37.8179,14.85,81.2798,7.0493,143.9969,23.9683,48.3642
2015-01-20,62.6174,37.3396,15.22,82.4323,7.1333,143.2425,23.8609,48.1506
2015-01-21,62.7247,37.4164,15.28,82.8196,7.2079,143.0425,24.3727,48.7729
2015-01-22,62.8027,38.134,16.48,79.7022,7.2731,145.033,24.635,49.6738
2015-01-23,62.9709,38.2878,16.55,79.4755,7.385,145.2512,24.4233,49.646
2015-01-26,62.5418,37.9461,16.4,78.6914,7.2358,145.1785,24.3822,50.1475
2015-01-27,61.1912,38.5013,16.25,77.8412,7.2638,144.415,22.616,50.2311
2015-01-28,60.0624,37.7325,15.77,77.2083,7.1612,140.5522,22.6761,49.9618
2015-01-29,60.4622,37.8863,17.155,77.4633,7.1612,142.1246,22.7424,50.4819
2015-01-30,62.1469,37.9973,16.79,76.2258,7.0866,138.389,22.5086,49.4323
2015-02-02,62.2517,38.9712,16.64,77.5861,7.1053,138.6071,22.4328,49.5438
2015-02-03,63.3366,40.3892,16.185,79.0976,7.2079,138.3617,22.6381,50.7699
2015-02-04,64.58,39.8425,16.73,78.9843,7.2265,137.6528,22.6129,50.4633
2015-02-05,66.2646,40.3038,16.88,80.0423,7.2918,139.3888,22.8656,50.5284
2015-02-06,65.1968,39.4923,17.0,80.3068,7.2918,137.6073,23.0489,49.3209
2015-02-09,64.7189,39.3898,16.38,80.2785,7.2638,136.344,23.2985,48.6986
2015-02-10,64.4971,39.4667,16.72,81.0909,7.2918,139.4048,23.3617,49.4974
2015-02-11,64.8776,39.3898,16.555,81.2515,7.3011,139.8983,23.2764,49.581
2015-02-12,66.0776,39.9365,16.74,76.0274,7.4037,139.9622,23.5007,50.2404
2015-02-13,65.7654,39.2445,16.83,73.7602,7.4037,140.2363,23.7566,50.1197
2015-02-17,66.0679,39.3556,16.82,74.7049,7.3664,140.9307,23.7661,49.8317
2015-02-18,65.641,38.9199,16.83,75.3662,7.3477,142.3379,23.7787,49.9432
2015-02-19,65.6362,38.4415,17.02,74.0625,7.3664,142.5846,23.8862,51.16
2015-02-20,66.5874,37.9204,17.49,75.4134,7.4503,144.0556,24.2874,51.6058
2015-02-23,66.5899,37.4762,17.78,75.8574,7.413,144.7501,23.9083,52.0052
2015-02-24,66.4581,37.5787,18.07,76.3864,8.6811,143.7907,23.9778,51.838
2015-02-25,66.5899,37.4591,17.53,77.6239,8.6252,144.4394,24.2653,51.903
2015-02-26,66.7703,36.921,17.35,78.6442,9.0168,145.2526,24.2179,51.8659
2015-02-27,66.1752,37.4421,17.19,77.076,9.0261,144.1105,23.943,52.1724
2015-03-02,67.8777,37.6471,17.57,77.4917,9.0541,145.8556,24.4549,52.1631
2015-03-03,67.1484,37.6898,17.88,77.3783,9.1753,144.878,24.3222,52.4232
2015-03-04,66.7703,38.0144,17.94,76.1691,9.0914,145.4536,23.9178,53.3984
2015-03-05,66.863,37.9717,17.48,76.6604,9.1474,145.8282,23.823,52.9712
2015-03-06,65.6947,37.1345,17.18,75.8668,9.0168,141.5155,23.4501,55.1446
2015-03-09,66.202,37.0833,17.19,76.0558,9.0919,141.6343,23.6429,56.7144
2015-03-10,64.6849,36.1009,16.975,74.7332,8.9418,140.3277,23.1247,56.315
2015-03-11,64.5752,35.8361,17.14,75.0544,8.9511,139.5236,23.3048,56.7701
2015-03-12,65.7532,36.0069,18.1,77.0477,8.923,140.9399,23.5607,57.1138
2015-03-13,64.6435,35.725,18.12,76.1408,8.9511,140.949,23.1121,56.9466
2015-03-16,65.6167,36.3486,18.7,76.991,8.8573,148.9623,23.1721,56.3893
2015-03-17,64.5142,37.1089,19.16,76.5753,8.7259,148.9988,22.8625,56.8723
2015-03-18,65.2874,37.8692,19.24,77.3311,8.7353,152.1694,23.2479,56.8165
2015-03-19,65.1825,37.0747,19.37,77.0288,8.482,154.5176,23.1531,57.6618
2015-03-20,65.7679,37.6556,19.48,78.1246,8.6134,155.4222,22.8056,58.2377
2015-03-23,65.4459,37.8179,19.44,77.6523,8.6321,152.1694,22.7361,57.894
2015-03-24,65.4654,38.1426,19.58,76.8682,8.8104,151.6851,22.6097,58.2098
2015-03-25,64.1288,38.228,18.78,75.6779,8.7541,146.7602,22.3885,57.6896
2015-03-26,63.9922,37.7154,18.52,74.1381,8.9136,146.6963,22.3917,56.9373
2015-03-27,63.9434,37.0925,19.28,73.6563,8.7822,148.5602,22.4738,57.4481
2015-03-30,64.0605,37.2477,19.36,73.7319,8.7916,150.1272,22.6381,59.0829
2015-03-31,63.8166,36.8424,19.25,74.0446,8.7916,146.0567,22.7993,58.5163
2015-04-01,63.5922,36.7389,18.84,74.8124,8.7635,143.544,22.7045,58.0705
2015-04-02,63.6995,37.334,18.91,75.5422,8.8948,142.4292,22.8593,58.1355
2015-04-06,63.6117,37.2391,18.555,75.4759,8.9793,141.881,23.0204,58.089
2015-04-07,64.1971,37.6617,18.58,74.2437,9.0074,143.7084,22.6887,57.1695
2015-04-08,64.88,37.5927,19.29,74.5849,8.9699,146.4952,22.5907,58.1726
2015-04-09,64.8215,37.8256,19.13,75.0304,8.9136,147.5551,22.4264,58.1076
2015-04-10,64.7239,38.0412,19.045,75.438,8.7822,149.2821,22.4328,57.606
2015-04-13,64.0117,37.7997,19.85,75.1346,8.9511,148.4689,22.3822,57.3831
2015-04-14,63.9337,38.2481,19.7,75.3432,9.0356,148.542,22.4391,56.51
2015-04-15,64.08,39.3693,19.43,75.5896,9.0543,151.1917,22.6381,56.7525
2015-04-16,64.0507,39.5331,19.56,76.6891,8.8855,152.4709,23.0094,56.6592
2015-04-17,62.9483,39.7832,19.42,73.2864,8.6603,149.4648,22.6318,55.3162
2015-04-20,63.1434,39.8264,19.57,73.2011,8.5571,151.6486,22.9015,55.8012
2015-04-21,63.7581,39.6108,19.83,73.2485,8.5758,153.9237,22.7873,56.0344
2015-04-22,66.3533,40.1972,19.67,74.3479,8.5477,154.5085,22.8698,55.9597
2015-04-23,66.0703,40.5422,19.75,74.0731,8.4632,154.5724,22.9078,56.6313
2015-04-24,65.8362,40.6457,19.89,73.9214,8.3131,153.4212,22.562,56.7618
2015-04-27,65.4654,41.3787,19.71,73.4475,8.2943,148.3683,22.7841,56.025
2015-04-28,65.1435,40.8958,21.02,73.4475,8.2099,148.4689,22.8602,55.9691
2015-04-29,65.6996,40.2317,20.73,73.1347,8.1255,147.0892,22.9681,55.4561
2015-04-30,64.441,40.0333,20.53,73.4096,8.1724,144.2841,22.7238,55.4468
2015-05-01,64.1678,39.8954,21.56,73.6276,8.3788,146.5227,23.022,56.2209
2015-05-04,63.9825,40.3438,21.58,74.1963,8.6415,148.1216,23.0855,56.5007
2015-05-05,64.3532,39.5418,21.4,73.7792,8.8198,145.682,22.9173,56.6313
2015-05-06,64.0703,38.6793,21.17,73.7887,8.5946,145.2343,22.9681,56.8085
2015-05-07,64.9581,38.2913,21.49,74.3385,8.1911,144.2749,22.8698,57.4613
2015-05-08,67.7777,38.619,21.76,74.8598,8.4445,148.3318,23.0157,57.3028
2015-05-11,67.3387,38.3861,21.83,75.5422,8.9136,147.1531,23.0506,57.5173
2015-05-12,67.0167,38.6362,21.71,74.9546,9.0356,145.2983,23.0728,56.7339
2015-05-13,67.0949,38.5155,21.42,75.6939,8.9793,145.436,23.241,57.2188
2015-05-14,68.4143,38.55,21.48,76.5374,8.9511,148.7324,23.5583,57.1722
2015-05-15,67.994,39.1451,21.42,76.0351,8.9042,149.0813,23.4726,57.5173
2015-05-18,68.4143,38.5931,21.83,75.9877,8.9136,150.073,23.5265,58.5526
2015-05-19,68.5707,38.1964,21.75,77.1156,8.9418,150.1832,23.3869,59.1774
2015-05-20,68.1993,37.9204,20.24,76.7365,9.1951,150.5688,23.4218,59.2147
2015-05-21,67.7986,38.3344,20.18,76.5469,9.1576,150.4403,23.5075,59.6904
2015-05-22,68.0429,37.8687,20.445,77.0114,9.0074,150.2015,23.3393,59.1868
2015-05-26,66.9874,37.4202,19.555,76.0067,8.998,146.0053,23.1553,58.338
2015-05-27,67.9159,37.7048,20.18,75.9308,8.7729,147.3183,23.2695,59.1401
2015-05-28,67.9843,37.8428,19.92,75.9119,8.923,144.4811,23.2568,58.879
2015-05-29,67.1242,37.403,20.16,75.5612,8.998,143.4802,23.0316,58.9443
2015-06-01,67.5445,36.8683,20.7,75.3242,8.923,144.1872,22.9649,58.9629
2015-06-02,67.4761,37.2046,20.6,75.8171,9.0074,143.6455,23.0919,58.3847
2015-06-03,67.3881,36.5751,20.72,76.3953,9.1113,144.2791,23.149,59.3173
2015-06-04,66.6649,35.704,20.38,75.22,9.0735,145.1605,23.0284,58.6738
2015-06-05,66.8212,35.7471,20.49,75.2484,9.1113,144.3892,22.9808,58.45
2015-06-08,66.1469,35.1952,19.01,74.6986,9.1585,143.673,22.9745,58.2914
2015-06-09,66.4107,35.428,18.87,75.0399,9.1113,142.1396,22.9808,57.8251
2015-06-10,68.0527,36.5837,19.15,76.0067,9.1963,142.8283,23.1458,58.2914
2015-06-11,68.0625,36.4888,19.27,76.1109,9.404,145.0412,23.3108,58.907
2015-06-12,67.7595,36.1525,19.525,75.3811,9.5173,143.3517,23.0347,59.1308
2015-06-15,67.0167,36.325,19.54,75.1157,9.64,143.3333,22.7841,58.3567
2015-06-16,67.4467,36.325,19.55,75.22,9.6967,143.4527,22.7841,58.7671
2015-06-17,67.1926,36.7907,19.54,76.1299,9.895,142.9201,22.7809,58.9256
2015-06-18,67.9256,36.6354,19.96,76.5564,9.9233,147.0245,22.9522,59.4386
2015-06-19,67.134,36.3422,20.23,76.0067,9.7722,147.5754,22.7968,59.8676
2015-06-22,67.5249,36.851,21.21,77.0114,9.8194,148.9528,22.8285,60.5111
2015-06-23,67.8474,37.4461,21.15,77.1156,9.6684,148.4661,22.8158,61.4158
2015-06-24,67.3001,37.541,20.9,76.528,9.6023,146.8133,22.819,61.136
2015-06-25,67.0656,37.4978,21.165,75.7128,9.64,145.7757,22.7841,61.6117
2015-06-26,67.1926,36.7553,20.79,75.7128,9.5551,145.0963,22.9808,62.7775
2015-06-29,65.2086,35.8495,20.2,73.7413,9.3285,139.2013,22.4002,61.5837
2015-06-30,65.6289,35.3792,20.76,73.9412,9.234,140.9643,22.5366,62.4977
2015-07-01,66.313,34.813,20.06,74.5881,9.3662,142.3141,22.635,63.3931
2015-07-02,66.6942,35.4053,20.63,74.4073,9.2718,140.7256,22.5683,62.964
2015-07-06,66.5769,34.6127,20.75,73.8175,9.3285,141.8642,22.4668,63.4117
2015-07-07,66.2348,34.6563,21.015,73.7794,9.5362,142.6814,22.5271,64.2325
2015-07-08,65.2184,34.1076,20.67,72.2382,9.4323,139.8533,22.0448,64.2884
2015-07-09,65.5311,33.7417,20.9,72.6283,9.3285,138.935,21.8195,64.3071
2015-07-10,66.8701,34.2992,21.72,73.5511,9.6778,141.4969,21.8576,64.876
2015-07-13,67.9452,34.6127,21.99,74.7118,9.8855,143.0211,22.1241,65.7434
2015-07-14,68.512,34.6127,22.45,75.1304,9.9799,146.2899,22.0765,65.4636
2015-07-15,68.4338,34.6214,22.29,74.7213,9.7533,147.3275,21.35,64.9956
2015-07-16,68.9714,34.9437,22.74,75.0828,9.9327,149.7057,21.3181,65.4542
2015-07-17,69.2744,34.813,22.94,75.3682,10.0177,149.9169,20.9356,65.0143
2015-07-20,71.0531,34.1685,22.88,75.4443,10.0932,150.8994,21.4264,65.5291
2015-07-21,70.3885,33.8027,23.21,75.1114,10.5181,150.3117,21.3595,65.1547
2015-07-22,70.3397,32.9666,23.52,75.1494,10.3576,150.8167,21.2798,65.7631
2015-07-23,70.1247,32.6617,23.22,73.2657,10.216,150.679,22.3093,65.4262
2015-07-24,73.1056,32.9056,22.73,72.2096,10.0177,145.6197,22.1276,64.9862
2015-07-27,72.1869,32.9143,22.35,71.2773,9.7533,152.0012,22.1627,64.3872
2015-07-28,73.0469,33.2279,22.82,71.4581,9.7156,158.6124,22.3571,64.5931
2015-07-29,74.2882,33.1408,22.93,72.0194,9.81,157.4463,22.6885,64.9675
2015-07-30,74.6498,33.6982,22.86,72.4189,10.4709,157.6483,22.7586,65.7912
2015-07-31,73.6333,33.8898,22.98,72.3619,10.6125,162.1475,22.7841,66.0345
2015-08-03,74.0536,32.8533,23.59,72.2858,10.6692,161.2293,22.7873,65.6882
2015-08-04,73.5649,33.1321,23.85,72.0384,10.9996,160.5039,22.7395,67.139
2015-08-05,73.2815,32.6617,23.68,71.9147,10.7919,162.0098,22.9148,67.8129
2015-08-06,71.9132,32.7575,23.27,71.3534,10.7069,155.7843,22.7427,66.7459
2015-08-07,72.5289,32.1043,23.3,75.8439,10.6597,158.2176,22.7586,66.4838
2015-08-10,72.6951,32.3395,23.27,77.309,10.6031,156.6474,23.1729,68.5243
2015-08-11,71.6982,32.0346,23.59,77.3851,10.4426,154.7743,22.8511,68.6273
2015-08-12,71.9919,32.2698,23.15,77.0617,10.5464,156.6658,23.0327,67.5977
2015-08-13,72.3737,31.4336,23.82,76.8333,10.858,155.5126,22.9913,68.0095
2015-08-14,72.6576,31.4249,24.0,76.9761,10.6692,154.7193,22.9562,68.5337
2015-08-17,72.8436,31.5643,24.4,77.0617,10.7636,156.6288,23.0901,69.3012
2015-08-18,72.9023,31.6949,24.04,77.29,10.6031,154.7193,22.9753,69.3761
2015-08-19,72.8338,30.763,23.94,77.0141,10.3765,153.6584,22.5005,69.3199
2015-08-20,72.3933,30.0575,22.97,74.9306,10.2821,148.6586,22.083,67.1297
2015-08-21,69.6914,29.5262,21.67,73.2847,9.961,143.1606,21.4902,64.6025
2015-08-24,66.9209,28.5159,21.22,71.0204,9.6872,136.1958,20.6488,63.4044
2015-08-25,65.5602,28.1849,21.48,69.9454,9.8297,133.9357,20.652,63.6197
2015-08-26,69.2019,28.2894,22.21,71.9528,10.0576,142.0443,20.9803,66.1562
2015-08-27,70.8759,29.7614,22.38,73.142,10.1146,143.6495,21.5794,67.2326
2015-08-28,70.9346,29.9965,22.295,72.9232,10.0861,143.8063,21.793,67.0361
2015-08-31,69.799,30.1533,22.32,72.9898,10.0291,140.0149,21.9874,66.2592
2015-09-01,67.5083,28.9862,22.11,70.402,9.6492,136.0297,21.0089,65.8942
2015-09-02,68.1544,28.8294,23.53,71.2963,9.6208,140.4853,21.2862,66.8676
2015-09-03,68.918,29.2823,23.42,71.6008,9.8297,137.6625,21.5189,66.3528
2015-09-04,67.7041,28.6988,23.72,70.4781,9.6492,135.6238,21.5922,66.2779
2015-09-08,69.0453,28.9426,24.87,71.8196,10.7224,142.5794,22.083,67.6632
2015-09-09,68.1348,28.7162,24.88,71.4676,10.428,139.3691,22.1308,66.5774
2015-09-10,68.7516,28.751,25.38,71.6483,10.7509,141.2695,22.0957,67.0548
2015-09-11,69.2704,28.0717,25.68,71.8291,10.7984,141.334,22.1372,67.5789
2015-09-14,68.5362,28.4026,26.33,71.4866,10.6465,139.2953,21.9013,67.6819
2015-09-15,69.0257,28.1239,26.37,72.7805,10.5705,140.347,22.2933,67.9908
2015-09-16,69.4956,29.021,26.65,73.5606,10.8174,139.4614,22.5674,68.6647
2015-09-17,69.4662,29.1081,27.02,73.3132,10.7794,141.9798,22.4144,68.7957
2015-09-18,68.3208,29.0384,26.91,72.2572,10.6939,138.9171,21.93,68.646
2015-09-21,69.29,30.0836,26.84,73.0088,10.9884,135.6884,22.2997,68.5992
2015-09-22,68.7711,29.4826,26.34,72.0289,10.7319,134.6183,21.6846,68.3933
2015-09-23,69.4564,28.5507,26.62,71.9528,10.7129,134.4246,21.3818,69.1233
2015-09-24,68.7614,28.5507,26.39,71.0585,10.5895,132.3859,20.8815,69.6194
2015-09-25,69.2019,28.873,26.66,71.4485,10.58,127.7919,21.181,70.9111
2015-09-28,65.7854,27.3719,25.48,69.7741,10.1811,121.9895,20.9325,69.1514
2015-09-29,67.0874,27.1691,25.19,69.5458,10.0196,123.447,20.8783,67.3075
2015-09-30,68.1936,27.8391,25.77,70.5257,10.2856,127.5982,21.3627,67.3637
2015-10-01,68.5166,28.1124,26.23,70.2974,10.3141,129.3602,21.2543,66.5961
2015-10-02,69.1823,28.6501,26.22,70.7921,10.2476,131.4265,21.624,66.3434
2015-10-05,70.7095,30.1487,26.49,73.5416,10.523,132.6534,22.4973,67.5321
2015-10-06,70.5626,30.3956,25.5,73.1705,10.2476,130.2734,22.6949,66.2124
2015-10-07,71.6786,31.1096,25.63,73.7054,9.9342,136.574,23.1666,64.7242
2015-10-08,72.3443,31.0655,25.26,73.7054,10.0291,138.2806,23.7211,66.7365
2015-10-09,72.4226,30.6953,26.1,73.8486,10.1621,137.9946,23.4183,66.4932
2015-10-12,73.4114,30.7129,26.86,73.8295,10.1146,141.168,22.9881,66.2405
2015-10-13,73.4212,30.4485,24.75,73.1515,10.1241,136.1404,22.4208,65.5104
2015-10-14,72.638,30.8099,24.32,72.7408,10.0576,136.3526,22.1499,64.3644
2015-10-15,73.754,30.8275,24.38,73.2852,10.3331,140.716,22.2107,64.3926
2015-10-16,74.4001,30.7746,24.1,73.734,10.2761,140.7805,21.9067,65.811
2015-10-19,75.3693,30.0165,24.68,73.5335,10.485,142.4964,22.1211,66.5437
2015-10-20,74.6742,30.4396,24.57,73.4857,10.9029,138.788,21.8426,65.5292
2015-10-21,73.8715,30.0518,24.26,73.0655,10.8554,138.4559,21.577,65.9237
2015-10-22,74.8113,30.184,24.62,69.2361,10.9314,140.5038,22.9341,65.1347
2015-10-23,75.4476,30.0518,24.97,71.232,11.0169,143.6771,23.2702,59.7522
2015-10-26,76.5342,29.6815,26.21,70.85,11.1308,146.2878,23.1806,61.4994
2015-10-27,75.8881,29.4171,25.36,70.6781,10.8649,149.4242,22.8285,62.1099
2015-10-28,77.2097,29.9195,24.64,71.0983,10.1906,150.0607,23.5903,63.8947
2015-10-29,76.8573,29.8578,24.93,70.8786,9.7632,148.1328,23.6287,63.7538
2015-10-30,75.9468,29.611,24.84,69.9618,9.9247,145.9188,23.4943,63.6411
2015-11-02,73.6365,29.7168,25.72,70.6112,9.6682,149.7287,23.8944,64.1014
2015-11-03,76.2601,29.9901,25.41,70.6972,9.5828,149.867,24.3521,64.9938
2015-11-04,76.7006,30.2193,25.03,70.7354,9.5543,149.332,24.4929,64.2517
2015-11-05,77.5915,30.2898,25.74,70.6017,9.4878,148.7231,24.5154,64.7777
2015-11-06,77.0922,28.703,26.09,70.955,9.2978,148.0221,24.3201,62.9178
2015-11-09,76.3972,28.6589,25.75,70.1146,9.0889,147.2564,24.032,63.1432
2015-11-10,77.9467,28.4033,26.34,70.0669,8.9939,146.0941,24.096,61.6684
2015-11-11,77.6525,28.0066,26.36,69.6276,8.785,144.7011,23.9296,58.4089
2015-11-12,76.7993,27.3102,25.76,68.7395,8.7565,139.9818,23.1742,57.6292
2015-11-13,76.6031,27.3366,25.2,67.9946,8.766,140.5103,22.9373,54.52
2015-11-16,77.3779,28.1388,25.02,68.4339,8.8325,143.2454,23.1006,55.5533
2015-11-17,77.3092,28.1212,24.945,67.9086,8.8325,146.1196,22.9117,55.8914
2015-11-18,78.9078,28.5091,25.47,68.9018,8.918,149.1978,23.5935,57.4132
2015-11-19,78.6038,28.8705,25.67,69.4652,9.5638,147.8719,23.7407,57.7983
2015-11-20,78.643,28.7559,25.85,69.1597,9.7347,148.2613,23.8464,61.0767
2015-11-23,78.5645,28.3416,25.79,68.9878,9.6872,150.6348,23.8464,61.1142
2015-11-24,78.2507,28.6942,25.34,68.4052,9.8392,150.9223,24.1216,61.2833
2015-11-25,78.0251,28.4385,25.08,68.4625,9.9722,152.007,24.0384,62.0348
2015-11-27,78.2997,28.1036,25.22,68.6153,10.039,151.6084,24.128,62.2321
2015-11-30,77.4857,27.8479,24.74,68.4148,9.9913,149.3646,24.1537,61.0579
2015-12-01,78.3684,28.5796,25.54,68.9496,10.3351,150.1805,23.9616,61.6966
2015-12-02,77.5152,28.227,25.59,67.9946,10.316,148.8269,23.7471,61.8939
2015-12-03,76.7796,27.5217,24.7,67.2497,10.0199,143.3845,23.6287,60.034
2015-12-04,78.8489,27.5658,25.48,67.8991,9.9722,149.6706,23.6063,61.8845
2015-12-07,78.0153,26.9311,26.49,67.4311,9.848,146.7686,23.3662,62.3072
2015-12-08,77.5446,26.5961,26.1,66.7627,10.3638,147.7421,22.8797,62.5326
2015-12-09,76.3775,28.4385,25.33,66.7149,10.3351,146.3885,22.7197,62.4105
2015-12-10,76.6129,28.8793,25.44,66.9536,10.1154,148.0388,22.6589,63.0023
2015-12-11,74.6417,28.2799,23.435,65.7599,9.8957,143.8481,22.2972,62.373
2015-12-14,75.387,29.7168,23.12,65.7313,9.8957,146.5925,22.0091,62.0254
2015-12-15,77.1033,30.1487,23.2,66.9918,10.0868,150.7693,22.0155,59.9776
2015-12-16,78.3194,30.8099,23.18,67.5266,10.2587,152.5911,22.2299,61.133
2015-12-17,77.1719,29.4435,22.75,66.438,10.0581,149.6706,22.2299,60.1279
2015-12-18,74.8476,28.9146,22.56,64.8145,9.9722,147.2322,22.31,60.3815
2015-12-21,75.6812,28.2534,23.31,65.3206,10.1823,147.6772,22.5596,60.1279
2015-12-22,75.8872,28.6237,23.37,65.7504,10.2205,150.4772,23.0878,62.6078
2015-12-23,77.0444,29.8226,23.31,66.82,10.4211,150.8666,23.4623,62.9366
2015-12-24,76.7502,29.752,23.33,67.0014,10.488,151.6362,23.4495,61.0485
2015-12-28,77.015,29.3113,23.29,66.6194,10.4593,149.9488,23.4719,61.3021
2015-12-29,77.6819,29.6617,23.415,67.3738,10.7172,152.4613,23.4271,61.706
2015-12-30,76.8385,29.0376,23.01,67.0014,10.7459,151.3951,23.3246,61.0015
2015-12-31,76.0539,29.0555,22.65,66.4189,10.4975,150.505,23.0686,61.1424
2016-01-04,74.2396,28.9752,21.88,64.5471,10.5453,146.8057,22.9373,61.3491
2016-01-05,74.7986,28.7256,21.785,63.5539,10.5548,146.6481,22.6589,62.2133
2016-01-06,73.8179,28.262,21.85,61.7891,10.7268,145.3037,22.1627,61.2739
2016-01-07,72.3665,27.1475,20.78,61.2328,10.7459,141.8361,21.5834,60.5318
2016-01-08,71.474,27.3972,20.28,61.0314,10.6599,139.7269,21.1577,58.8974
2016-01-11,72.4939,27.5131,20.49,61.4342,10.2874,136.9315,21.2537,58.8222
2016-01-12,73.3177,28.1461,20.88,61.7699,10.3542,139.8057,21.3657,59.5267
2016-01-13,71.6898,27.4685,19.985,60.2832,9.953,134.8639,20.7351,58.1404
2016-01-14,72.3763,27.9054,20.68,60.7052,9.8289,142.003,21.0472,58.0461
2016-01-15,70.4443,26.2917,20.69,60.3408,9.5328,140.2785,20.9861,57.1973
2016-01-19,70.0128,26.3541,20.26,60.0818,9.3513,140.2785,21.089,59.3098
2016-01-20,69.3165,26.4878,20.83,60.4559,9.5519,143.7275,20.9057,58.6968
2016-01-21,70.1795,27.9767,20.82,60.0818,9.4277,141.6507,20.5421,60.8847
2016-01-22,71.2975,29.528,21.51,52.8113,9.5232,144.7103,20.8703,61.4883
2016-01-25,70.356,28.681,21.57,52.773,9.485,142.2534,20.4488,60.7999
2016-01-26,70.4933,29.8489,21.58,52.8401,9.6856,142.5779,22.4435,62.3654
2016-01-27,69.542,29.9113,21.25,52.2934,9.6092,139.509,22.2086,61.9787
2016-01-28,67.9925,30.8207,19.92,50.7204,9.6665,137.5434,22.6172,63.4782
2016-01-29,73.0529,30.8118,21.31,51.3151,9.8098,141.6044,23.3829,63.714
2016-02-01,72.9451,30.6691,22.38,52.4661,9.7238,141.6229,22.4885,65.1663
2016-02-02,71.984,30.1788,21.29,51.4685,9.8384,139.1752,22.2183,65.204
2016-02-03,72.9451,31.1149,20.84,51.9001,9.9913,139.713,22.5786,64.591
2016-02-04,72.2586,31.8103,20.76,52.1591,9.6951,138.9898,23.3894,64.1761
2016-02-05,70.1599,31.6499,19.7,51.7755,9.5232,134.4745,23.4215,62.0636
2016-02-08,66.4626,31.1328,19.34,50.26,9.0361,132.5831,23.1738,60.8376
2016-02-09,67.0118,30.7048,20.08,50.4806,8.9406,132.7315,23.0516,60.0171
2016-02-10,68.7967,30.8742,20.13,50.1545,9.0074,134.2613,22.865,60.3283
2016-02-11,67.1491,30.8653,20.49,49.0227,8.7686,132.0674,23.0162,60.3378
2016-02-12,69.0615,31.2665,21.25,50.5094,9.017,135.1109,23.4183,62.1956
2016-02-16,69.7283,31.4715,21.44,51.0081,9.3131,137.3796,24.0521,63.8271
2016-02-17,70.7798,32.4968,21.48,51.4206,9.5041,141.0393,24.7631,63.8083
2016-02-18,70.0035,32.5949,21.3,51.9385,10.1823,139.3868,24.5572,63.1858
2016-02-19,70.2884,32.372,21.36,52.4756,10.7172,140.1524,24.4671,63.6574
2016-02-22,71.7919,33.0317,22.39,53.3581,10.8032,138.696,25.043,63.4216
2016-02-23,70.8977,32.9158,22.53,52.8593,10.9273,137.4823,24.657,62.4408
2016-02-24,70.6029,33.0585,23.37,52.4085,11.2521,137.3422,24.6795,62.9689
2016-02-25,71.9982,32.06,23.2,53.1279,11.9112,137.0061,24.657,63.2141
2016-02-26,71.4676,32.7732,22.3,53.1183,11.6819,137.7997,24.7599,60.4887
2016-02-29,71.1335,32.7197,22.0,53.3101,11.6915,132.8329,25.1975,58.942
2016-03-01,73.3445,32.7643,22.3,54.4803,12.0258,138.5372,25.5578,59.8568
2016-03-02,73.0104,32.479,22.4,54.7872,11.7392,137.697,25.6382,59.9794
2016-03-03,72.6271,32.8178,22.25,55.7176,12.1022,136.1566,25.7154,59.6399
2016-03-04,72.6173,32.9783,21.98,55.9094,12.1595,136.2873,26.2849,59.4136
2016-03-07,70.6913,33.2011,21.9,56.5904,12.1787,137.529,26.6163,58.81
2016-03-08,69.3942,32.9693,19.91,57.0029,12.0636,135.0269,26.391,59.8285
2016-03-09,69.4532,33.0942,20.09,56.6384,12.4762,131.5446,26.1723,59.1401
2016-03-10,69.0012,31.7925,20.0,56.3507,12.1883,131.6659,25.9953,59.7719
2016-03-11,70.3867,32.06,20.16,57.0317,12.4474,134.9709,26.1851,60.4887
2016-03-14,70.2491,31.8906,20.11,57.1372,12.4282,135.0176,25.9439,60.6207
2016-03-15,70.6619,32.3185,20.26,56.811,12.4282,133.7012,25.9889,59.5362
2016-03-16,71.1139,32.7197,20.26,57.2619,12.4762,134.4201,26.391,59.9134
2016-03-17,71.8705,33.95,19.87,57.6263,12.5626,134.5601,26.9605,61.4129
2016-03-18,72.4994,33.5667,20.31,58.7198,12.3899,135.8485,27.1407,61.5072
2016-03-21,72.4896,33.0228,20.17,58.7102,12.3899,137.2489,27.0892,62.8558
2016-03-22,71.6936,33.7004,20.13,58.1347,12.3419,140.6192,26.6227,62.422
2016-03-23,72.6271,33.5043,20.57,58.1539,12.1883,138.8827,26.1691,60.1586
2016-03-24,72.8531,33.6915,20.24,58.0004,12.2651,139.3308,26.4844,59.8568
2016-03-28,72.7942,33.8957,20.79,57.8182,12.4378,138.5186,26.2784,61.4883
2016-03-29,74.0716,34.2224,21.04,58.1251,12.5434,139.5642,27.1021,62.0636
2016-03-30,75.4473,35.3045,21.28,57.8278,13.2248,139.5549,27.0152,61.9976
2016-03-31,75.1525,35.4488,21.12,58.8924,13.3304,139.975,27.012,60.8282
2016-04-01,76.2433,34.4027,21.33,58.6047,13.6183,143.9241,27.6747,60.1209
2016-04-04,76.4791,34.1502,20.41,58.1443,13.4935,144.3909,26.7643,59.8945
2016-04-05,75.634,33.4198,20.09,57.7318,13.3784,142.7945,26.568,59.2249
2016-04-06,76.8525,33.9158,19.99,57.7126,13.4455,149.0589,26.761,59.6588
2016-04-07,76.2334,33.8797,19.44,56.7295,13.388,146.9303,26.4361,58.8194
2016-04-08,76.6756,34.8806,19.37,57.3463,13.7047,146.0714,26.6677,58.3856
2016-04-11,76.4693,35.2504,19.15,57.6355,13.4839,146.0061,26.7771,56.0751
2016-04-12,77.1571,35.4127,19.11,58.4836,13.3592,148.0693,27.234,56.5655
2016-04-13,78.3265,35.2504,19.98,59.91,13.3208,149.4324,27.5654,58.7114
2016-04-14,78.9357,35.4307,20.6,60.2474,13.0425,149.4884,27.2488,58.1903
2016-04-15,78.69,35.3045,20.83,59.8908,12.9273,149.4977,27.3748,58.1714
2016-04-18,80.0363,36.0259,20.99,60.3245,12.8889,150.9635,27.4103,59.2135
2016-04-19,79.3484,36.7113,21.28,61.269,12.9657,151.3369,27.5944,58.5124
2016-04-20,79.7415,36.8465,20.99,62.6665,12.8697,151.9531,26.5577,58.0956
2016-04-21,79.3877,36.7113,20.53,63.2352,12.6202,153.4375,25.8504,57.2808
2016-04-22,77.7369,36.2423,20.44,63.5436,12.4762,152.3546,26.0183,57.2334
2016-04-25,76.7837,36.1251,20.37,63.3219,12.4762,152.6066,25.718,57.186
2016-04-26,77.1669,36.4137,20.33,63.8038,12.8889,152.0371,26.028,58.0577
2016-04-27,77.393,36.9457,20.6,63.8327,12.7162,150.31,25.9699,58.6735
2016-04-28,76.3317,37.3786,20.12,63.4568,12.9753,149.8992,25.4854,58.2377
2016-04-29,75.8993,37.4146,19.79,63.0617,12.7258,147.7892,25.3175,58.2092
2016-05-02,77.0982,37.577,19.84,63.3026,12.8217,148.4334,25.3982,58.7777
2016-05-03,75.8502,36.594,19.93,62.5027,12.6778,145.9687,25.2852,58.285
2016-05-04,75.7323,36.1161,19.33,61.934,12.8217,143.9428,24.9945,58.5977
2016-05-05,76.0173,36.1972,19.33,61.6063,13.4455,144.0082,24.959,57.2429
2016-05-06,76.371,35.9357,19.0,62.175,13.7814,143.0185,25.5953,57.584
2016-05-09,76.8623,35.557,19.46,61.6642,13.9158,145.0911,25.4854,58.8914
2016-05-10,77.8256,35.9989,19.34,62.493,14.0981,146.7996,26.0183,57.8208
2016-05-11,76.0931,36.3235,19.06,62.2521,14.1557,143.9428,25.8504,55.6796
2016-05-12,76.6738,36.3686,18.17,62.0111,13.9638,142.7478,26.196,55.9355
2016-05-13,75.6304,36.062,18.28,61.7991,13.6951,143.1706,25.8536,54.4385
2016-05-16,76.5853,36.8375,18.32,61.7509,14.1653,144.0352,25.999,56.1913
2016-05-17,75.591,36.8375,18.33,60.4883,13.6855,141.0656,25.8342,55.5281
2016-05-18,76.221,36.1882,18.29,61.2208,13.9158,141.7422,25.4854,54.1164
2016-05-19,75.6796,36.3686,17.92,60.469,13.983,139.7124,25.1819,55.4712
2016-05-20,76.4573,36.7563,18.11,61.6063,13.9542,141.1314,25.5048,51.89
2016-05-23,76.0045,36.4317,17.71,61.2883,13.8582,140.3044,25.6469,51.2363
2016-05-24,78.1406,36.7654,18.07,62.5219,13.9638,143.5184,26.0248,51.2647
2016-05-25,77.8256,37.2974,18.04,62.946,13.8102,146.1966,25.9279,51.9563
2016-05-26,77.7665,37.4687,17.67,62.8689,13.8198,146.1778,25.8762,51.8331
2016-05-27,78.4162,37.7393,18.25,63.1484,13.935,147.2961,26.0216,52.1553
2016-05-31,77.7075,37.3876,17.93,63.3797,13.8968,148.4332,25.9247,52.9795
2016-06-01,77.9831,38.118,17.93,63.5243,14.0125,148.5272,26.0377,52.0131
2016-06-02,78.7017,38.2713,17.97,64.0062,14.292,150.2376,26.422,52.1837
2016-06-03,78.6918,38.7132,17.73,63.1195,14.3209,149.5985,26.1798,51.9658
2016-06-06,79.2825,39.5789,17.96,63.5532,14.1185,150.5383,26.3801,51.7194
2016-06-07,79.3415,39.4707,18.55,63.505,15.5544,149.3166,26.309,52.2784
2016-06-08,80.3751,39.0108,18.35,63.8616,15.7857,148.4802,26.3607,52.3732
2016-06-09,79.9912,39.146,18.43,63.3315,15.8821,147.3337,26.2024,52.7237
2016-06-10,78.9281,38.632,18.09,62.6183,15.4773,145.4542,25.8504,52.7616
2016-06-13,77.1759,38.623,17.31,61.3654,15.2461,143.8567,25.7018,52.1268
2016-06-14,77.3432,38.6952,16.77,58.8595,15.1304,143.7721,25.7503,51.7668
2016-06-15,76.9495,38.4968,16.66,59.1968,15.4002,142.7478,25.6146,51.3879
2016-06-16,77.1267,38.632,16.47,59.6884,15.2075,143.1237,25.5016,50.4973
2016-06-17,75.7879,39.11,16.3,59.6209,15.2171,140.6051,25.6566,50.8289
2016-06-20,76.1324,39.4977,16.31,60.045,15.2846,141.5731,26.1927,50.8952
2016-06-21,76.1226,40.2642,16.34,60.0353,15.2268,140.4172,26.0086,51.1226
2016-06-22,75.3351,40.12,16.2,59.7076,14.6871,140.7837,26.0668,50.7341
2016-06-23,77.0085,40.5438,16.29,60.9606,14.7353,143.0955,26.6578,50.3457
2016-06-24,73.8782,39.7593,15.46,57.886,13.6848,137.6261,25.0236,50.3173
2016-06-27,72.1949,39.4898,15.15,55.5826,12.7693,135.8688,24.2129,49.0667
2016-06-28,73.9865,39.8976,15.73,55.8043,13.6848,139.4774,24.4842,49.4362
2016-06-29,75.5418,40.7083,16.41,57.7609,13.3764,141.0562,24.9751,52.1837
2016-06-30,73.0119,41.1911,16.56,58.8555,13.4535,142.9827,25.5113,51.9753
2016-07-01,73.3171,41.8379,16.64,58.7877,13.4535,144.9844,25.3304,52.0321
2016-07-05,73.5041,41.9745,16.46,57.296,13.6077,144.975,24.9913,52.0226
2016-07-06,72.9036,42.4573,16.4,57.6156,13.7812,146.6477,24.7652,52.9132
2016-07-07,73.3466,42.0929,16.65,57.9353,13.9065,147.1552,25.0624,52.4395
2016-07-08,75.2268,42.1111,17.11,59.5626,13.8197,151.3934,25.6825,54.3912
2016-07-11,75.3252,41.8287,17.24,60.2116,13.7619,150.5289,25.986,55.0544
2016-07-12,76.2703,42.1293,18.01,61.0253,14.3402,152.2016,26.0894,55.3019
2016-07-13,76.2506,42.603,18.21,61.1222,14.2149,150.8484,25.9408,55.1734
2016-07-14,76.9199,42.8854,18.57,61.6162,14.0703,152.9346,26.0316,54.945
2016-07-15,77.0774,43.0494,18.64,61.7809,14.0221,153.4421,26.0511,54.8783
2016-07-18,77.0873,42.521,18.51,61.9843,13.9739,153.1132,25.9376,55.9826
2016-07-19,77.4909,42.3662,18.29,62.1489,13.8776,152.6997,25.8306,55.6304
2016-07-20,78.1209,42.0565,18.13,62.4589,13.8005,153.4139,26.0349,55.5161
2016-07-21,77.5598,42.0565,17.4,61.4418,13.6752,154.2973,23.794,55.8017
2016-07-22,78.6623,41.7103,17.58,62.2652,13.733,155.6881,23.9269,56.3348
2016-07-25,77.7075,41.5828,17.28,62.3136,13.7234,156.5245,24.1085,56.3824
2016-07-26,77.2645,41.4735,18.67,62.3524,13.6752,157.5676,24.2642,56.6299
2016-07-27,77.3039,41.0909,18.56,62.5655,13.7619,160.3962,24.1312,56.7346
2016-07-28,77.9536,41.7923,18.71,62.7592,14.1571,160.9601,23.7745,56.4204
2016-07-29,76.8314,42.2204,18.33,62.4395,14.3883,161.6649,24.0015,56.7536
2016-08-01,77.0381,41.6466,18.2,62.1199,14.1571,163.6666,23.9237,56.944
2016-08-02,77.0578,42.1658,17.01,61.4806,14.2534,163.6572,23.7259,55.4209
2016-08-03,77.481,42.0838,16.9,61.8293,13.9161,162.9805,23.7518,55.7446
2016-08-04,78.239,42.3571,17.03,61.9358,15.3039,162.2663,23.8005,55.4971
2016-08-05,78.8887,42.1385,17.26,63.4663,16.0556,163.1967,23.9756,55.9635
2016-08-08,78.7017,42.7305,17.15,63.7666,16.017,161.9562,23.9853,56.1158
2016-08-09,78.81,42.9218,17.0,63.3404,16.47,161.7119,23.9172,55.5637
2016-08-10,78.4359,42.7852,17.13,62.7108,16.4314,160.9131,23.8361,55.6304
2016-08-11,78.869,43.4502,17.07,63.4276,16.3736,162.0408,24.0112,57.4485
2016-08-12,78.7706,43.5959,16.89,63.3307,16.2869,162.5952,23.8913,58.2005
2016-08-15,79.6467,43.8783,17.05,63.5729,16.4314,165.015,23.9756,58.2386
2016-08-16,79.5482,43.5048,16.81,63.2532,16.1712,162.7276,23.781,57.9626
2016-08-17,79.7159,43.2498,16.71,63.6213,16.152,164.7598,23.8102,57.4961
2016-08-18,79.1538,43.5777,16.65,63.5729,16.5182,165.1757,23.9334,58.7146
2016-08-19,79.351,43.3955,16.16,63.476,16.3061,164.1076,24.2156,65.1972
2016-08-22,79.9328,43.4046,16.05,63.3113,16.123,164.7976,24.3064,64.9687
2016-08-23,79.6764,43.2042,15.96,63.6213,15.8522,164.8449,24.5139,65.1496
2016-08-24,79.1735,42.5939,16.11,63.1176,15.6394,161.4799,24.2674,64.9402
2016-08-25,79.2031,42.521,16.01,62.9626,15.4944,160.9034,24.3518,63.6931
2016-08-26,79.4496,42.1293,15.81,62.7592,15.5137,162.548,24.4134,63.3409
2016-08-29,79.7454,42.1111,15.76,63.4663,15.4847,162.1132,24.4977,63.2457
2016-08-30,80.0413,41.6283,16.09,63.3985,15.5427,161.4043,24.2739,62.4461
2016-08-31,79.775,41.4006,15.95,63.5244,15.417,160.7427,23.8913,62.4842
2016-09-01,80.1695,42.0656,15.81,62.827,15.475,160.8088,23.7421,62.3795
2016-09-02,80.8597,42.5301,15.85,63.1467,15.8425,160.4686,24.3453,62.8269
2016-09-06,81.3824,42.1111,16.27,63.6988,15.6781,161.4799,24.1312,62.8174
2016-09-07,82.0825,42.3206,16.73,64.1153,15.2622,161.2815,24.2415,63.2362
2016-09-08,81.8162,43.022,16.75,64.1637,14.9527,161.6028,23.8167,62.7317
2016-09-09,80.199,42.5393,16.22,63.0789,14.6239,157.425,23.2621,61.4847
2016-09-12,81.8162,42.9583,16.78,63.8344,14.6819,162.6142,23.8588,62.2272
2016-09-13,80.7513,41.9745,17.19,62.3427,14.3821,160.0243,23.4956,61.6084
2016-09-14,80.3568,42.0838,17.18,61.4903,14.2564,160.8183,23.6513,61.9511
2016-09-15,80.8696,42.603,17.53,61.8293,14.7109,163.1813,24.1021,62.7317
2016-09-16,80.9288,42.6668,17.15,61.6646,14.6045,163.4838,23.8069,62.9221
2016-09-19,81.3626,42.8034,17.22,62.0521,14.4014,161.9904,23.9691,63.4171
2016-09-20,81.3331,42.7123,17.24,61.7227,14.5562,163.8808,23.7259,62.6365
2016-09-21,82.0628,43.4046,17.19,62.2652,14.6239,164.325,24.0048,63.3219
2016-09-22,82.2008,43.9785,17.3,62.6042,14.7496,165.9981,24.595,63.8645
2016-09-23,81.3922,43.5412,17.27,61.8487,14.5368,165.223,23.8491,63.8454
2016-09-26,80.6724,42.9127,16.94,61.4321,14.1693,164.0226,23.6902,64.3309
2016-09-27,81.0175,42.8672,17.33,62.2652,14.121,162.2267,23.7745,64.8069
2016-09-28,81.8162,43.7985,17.555,62.2071,14.266,160.4119,24.0599,64.5879
2016-09-29,80.7808,43.7617,17.15,61.3837,13.7728,156.3853,23.7226,63.617
2016-09-30,81.55,43.7249,17.24,62.0327,13.7824,157.6707,23.9983,64.4642
2016-10-03,81.7078,43.679,17.66,61.8099,13.4439,158.1717,23.9561,64.2738
2016-10-04,81.5796,43.1733,17.83,61.9068,13.2311,158.3702,23.8556,63.7788
2016-10-05,82.191,43.1457,17.86,62.6564,13.7051,158.0772,24.4653,64.7212
2016-10-06,82.2008,42.8516,17.62,60.3005,13.4826,157.7558,24.3291,64.6831
2016-10-07,81.7275,42.5757,17.39,60.1252,13.3085,158.3229,23.3886,65.7303
2016-10-10,81.9642,43.5595,17.84,60.2615,13.3085,159.0886,23.2945,65.5589
2016-10-11,80.8992,41.9782,17.86,59.249,13.1054,155.3172,22.7335,65.2353
2016-10-12,81.1062,42.4194,17.77,59.0835,13.4342,154.9013,22.8308,66.1671
2016-10-13,80.7315,42.5206,18.22,58.811,13.2215,155.2888,23.1631,65.4599
2016-10-14,81.3035,42.3275,17.84,58.5578,13.0377,153.0298,23.2706,65.5554
2016-10-17,81.0076,42.8056,17.77,58.3145,13.0377,153.7103,23.4336,64.8864
2016-10-18,80.4456,43.4583,17.78,58.4897,13.3375,153.8804,23.2576,64.8864
2016-10-19,81.6585,43.7985,18.24,59.6287,13.8598,152.2547,23.6095,65.1062
2016-10-20,81.3528,43.3296,18.6,65.0123,13.4342,152.6517,24.8118,65.0107
2016-10-21,81.2049,43.3572,18.57,65.577,13.589,149.8255,24.9193,64.9246
2016-10-24,82.0135,42.539,18.75,65.3141,13.3569,150.0618,24.6978,65.8135
2016-10-25,80.8893,42.0701,18.07,64.9734,13.2698,149.2442,24.4469,64.9915
2016-10-26,80.6132,42.1896,17.55,65.0318,13.0667,150.2792,24.4501,65.8039
2016-10-27,80.7808,42.1528,17.36,65.1584,12.7185,151.7726,24.3459,63.8064
2016-10-28,81.0767,41.7575,17.26,64.6911,12.7089,137.2258,24.31,64.1792
2016-10-31,81.3626,41.6288,17.48,64.6619,12.6798,133.4261,24.4045,63.816
2016-11-01,80.485,41.6012,17.28,64.4964,12.6218,133.048,24.3817,62.8889
2016-11-02,79.4595,39.6062,16.96,63.7175,12.6508,131.1008,24.2807,64.2078
2016-11-03,79.5285,39.5326,16.93,63.6007,12.4671,127.8115,24.2807,62.7168
2016-11-04,79.2425,39.7349,17.01,63.776,12.4187,127.9816,24.4762,63.2425
2016-11-07,81.3626,40.1394,17.85,65.2265,12.4187,131.5829,24.8672,64.2747
2016-11-08,81.7275,40.2314,18.25,65.2947,12.6702,130.8645,24.8542,64.4754
2016-11-09,82.0825,41.2059,18.47,66.9205,12.7572,138.3979,25.5254,66.2054
2016-11-10,80.7315,41.068,19.2,68.2542,13.3279,143.2657,25.8023,68.4609
2016-11-11,80.7414,39.9647,19.25,68.6339,12.1285,140.8743,25.9294,68.3654
2016-11-14,77.2901,39.7073,19.73,70.503,11.79,139.3328,26.5354,68.2889
2016-11-15,77.4774,40.4888,20.44,70.5517,11.9254,139.9418,26.7831,66.9604
2016-11-16,79.1326,41.0312,20.21,69.7826,11.5772,140.1036,26.5192,66.6354
2016-11-17,80.1109,41.1507,20.74,69.88,11.5289,140.2273,26.4051,68.1933
2016-11-18,79.8638,41.068,20.73,69.1206,11.5676,138.2004,26.3465,68.6043
2016-11-21,80.7236,41.8586,20.67,69.6463,11.5869,138.5049,26.3041,69.8659
2016-11-22,78.9844,41.8219,20.72,69.8216,11.7997,137.344,26.6365,70.0857
2016-11-23,78.6286,41.7483,20.98,70.9509,11.6442,138.0101,26.8548,70.9077
2016-11-25,79.182,41.8311,21.06,70.9314,11.5761,138.3907,27.0307,70.6592
2016-11-28,78.1444,41.7023,20.6,70.2207,11.5956,138.0481,26.6984,69.8659
2016-11-29,78.2136,41.2978,20.7,69.5977,11.4984,138.9331,26.4898,69.2351
2016-11-30,76.4053,41.2151,20.09,70.1331,11.0318,137.0966,26.467,68.4992
2016-12-01,74.5376,40.6727,20.4,70.6101,10.6917,135.4979,26.7472,70.4203
2016-12-02,74.8242,40.6267,20.93,69.9579,10.7403,137.0395,26.6136,70.9459
2016-12-05,76.3954,40.5991,20.9,70.1234,10.7208,138.2575,26.8808,72.695
2016-12-06,76.1977,40.9117,21.19,70.396,10.1085,138.0862,27.1024,73.4213
2016-12-07,78.3717,41.6564,21.89,72.3235,10.4681,134.356,27.3924,75.0557
2016-12-08,78.3421,41.4357,21.83,72.9271,10.0988,133.785,27.4641,75.696
2016-12-09,78.2037,41.022,21.9,72.7908,10.2446,136.5066,27.5748,74.6447
2016-12-12,77.5713,41.2886,21.62,71.6323,10.2446,138.7047,27.4803,74.1573
2016-12-13,78.263,42.4103,22.53,71.8855,10.5945,141.1884,27.4478,73.6507
2016-12-14,78.1938,41.7023,22.15,72.1094,10.5847,141.4929,27.2392,72.9626
2016-12-15,78.5595,41.3622,22.49,72.9563,10.7597,143.1106,27.3989,72.8861
2016-12-16,77.4231,42.4654,22.18,73.0148,11.0513,142.14,27.06,72.1024
2016-12-19,77.176,42.2907,22.51,72.5767,10.8083,140.5889,27.4119,71.9973
2016-12-20,77.433,42.1896,22.79,73.0732,10.9832,140.0941,27.3663,72.2649
2016-12-21,77.2156,42.3643,22.71,73.3263,11.1874,139.0949,27.1741,71.7583
2016-12-22,76.9784,42.5298,22.19,72.6059,11.061,139.2757,27.4771,68.9388
2016-12-23,77.2254,42.208,22.27,72.9856,11.0416,140.4081,27.3696,68.5756
2016-12-27,77.4231,42.4011,22.28,72.9953,11.1485,141.1789,27.4999,68.7286
2016-12-28,77.3737,41.7414,22.03,72.4014,11.0707,140.5223,27.1447,67.9926
2016-12-29,77.4033,41.9548,22.14,71.9633,11.1096,140.627,27.0796,67.7537
2016-12-30,77.097,41.8899,22.42,72.1191,11.0124,139.133,27.0731,67.7537
2017-01-03,78.5595,41.8621,22.39,73.3555,11.0416,143.4342,27.1643,68.5565
2017-01-04,79.2018,42.2796,22.65,74.5581,10.9541,145.4706,27.6237,69.7703
2017-01-05,80.1307,42.8177,22.27,73.639,11.2554,145.5753,27.1513,68.5948
2017-01-06,81.2374,42.6507,21.83,73.7857,11.1679,149.1913,27.4771,67.6581
2017-01-09,80.7828,42.7435,22.05,74.167,10.7111,151.1516,27.4054,67.7346
2017-01-10,80.3481,42.4651,22.51,74.9393,10.7889,151.0755,27.7801,67.8015
2017-01-11,80.8323,42.7991,22.78,75.1935,10.6139,149.0391,27.9886,67.5185
2017-01-12,80.4073,42.9383,21.82,75.1642,10.7986,147.8401,27.9396,67.4993
2017-01-13,80.2097,43.2259,21.76,74.91,10.6333,148.5633,28.2668,67.6912
2017-01-17,80.2986,43.9218,21.34,74.8905,10.818,147.3072,28.0541,66.9044
2017-01-18,80.6247,43.3651,21.49,75.7606,10.5459,148.2302,28.2995,66.5398
2017-01-19,80.7631,43.1424,21.36,74.9785,10.332,146.3556,28.185,65.7722
2017-01-20,80.8718,43.5135,21.41,74.4994,10.5167,147.1835,28.2013,66.3383
2017-01-23,81.1781,43.764,21.04,74.2745,10.5459,145.3279,28.3878,66.0025
2017-01-24,82.2453,45.3134,21.42,75.7019,10.818,144.5,28.9342,66.0696
2017-01-25,82.9074,45.7773,21.77,75.174,10.8083,146.6411,28.9997,66.3959
2017-01-26,82.2552,45.0073,21.1,75.2131,10.575,145.5753,28.9015,66.3863
2017-01-27,82.7789,44.265,19.65,75.1349,10.2931,149.553,29.3007,65.2541
2017-01-30,82.7098,43.6156,19.36,75.5553,10.2154,146.9551,29.2549,65.1677
2017-01-31,81.7315,43.8104,19.61,74.6754,10.3029,149.0962,29.3138,65.7626
2017-02-01,81.4647,43.7455,19.38,75.0469,10.1376,151.9415,29.5363,65.5419
2017-02-02,81.3263,44.0424,19.37,74.8025,10.2057,151.8558,29.1077,66.4726
2017-02-03,85.0616,44.4877,19.5,76.2983,10.4001,159.421,29.713,66.7221
2017-02-06,84.8146,43.9032,19.5,76.0832,10.2834,158.517,29.5396,65.9353
2017-02-07,84.7652,43.2816,18.86,75.9855,10.2737,158.7454,29.5003,65.5611
2017-02-08,84.0833,43.6063,19.29,76.0637,10.3709,159.9825,29.5101,66.8468
2017-02-09,84.5675,43.7919,19.97,76.4352,10.4584,159.3639,29.5886,68.4012
2017-02-10,84.8837,43.9403,19.8,76.7285,10.4973,159.7636,29.7784,68.334
2017-02-13,85.4174,44.3022,19.84,77.1489,10.5167,160.6451,29.9944,67.576
2017-02-14,85.8225,44.2094,19.66,77.6378,10.4778,161.0188,29.7097,67.7775
2017-02-15,86.669,44.1073,19.91,77.8235,10.6333,164.6023,29.8602,67.5185
2017-02-16,86.5403,44.1259,19.84,77.7355,10.7403,164.909,29.7882,67.6432
2017-02-17,86.5898,44.0702,20.11,77.9311,10.7694,166.0396,29.834,68.1229
2017-02-21,87.0452,43.8383,20.1,78.1853,11.0027,165.8959,30.1416,68.3148
2017-02-22,86.9264,43.8104,19.92,78.0777,11.3234,165.388,30.0827,68.1421
2017-02-23,87.3027,43.7084,19.61,78.2635,11.2651,166.7295,29.8275,65.801
2017-02-24,87.5502,42.9383,19.57,77.9799,10.6139,167.2564,30.2136,71.9704
2017-02-27,87.1244,42.9012,19.97,78.3808,10.4098,168.7608,30.459,72.9299
2017-02-28,87.065,42.6692,19.96,78.2732,10.3612,169.144,29.6966,72.6037
2017-03-01,88.1046,42.4466,20.5,80.0917,10.2737,170.7825,30.796,72.9107
2017-03-02,87.6492,42.3445,19.89,78.3124,10.264,170.6196,30.4263,73.496
2017-03-03,87.9066,42.1868,20.2,78.0973,10.5167,172.6605,30.5964,73.4672
2017-03-06,88.0551,42.5857,19.41,77.7257,10.7403,171.9514,30.5343,72.9491
2017-03-07,88.1739,43.0775,19.26,77.804,10.7694,169.9585,30.4197,72.6517
2017-03-08,88.0749,42.4095,19.38,77.276,11.2943,170.3417,30.5048,74.1293
2017-03-09,88.2234,42.3538,19.075,77.5302,11.4109,171.434,30.1547,73.3809
2017-03-10,88.8372,42.6692,20.04,77.6084,11.9971,173.8486,30.5179,73.8702
2017-03-13,89.2134,43.0125,20.04,77.4422,11.5477,173.4749,30.5964,72.8915
2017-03-14,88.659,42.0198,19.625,77.9115,11.5282,172.5838,30.5343,72.786
2017-03-15,89.0253,42.595,20.09,77.4618,11.8212,174.9601,31.0021,73.1506
2017-03-16,89.1441,42.7806,20.02,77.9897,11.958,172.5742,30.8222,72.7284
2017-03-17,89.3422,42.5765,20.16,77.4813,11.8603,161.5554,30.8385,72.6037
2017-03-20,88.2927,42.326,20.29,77.0902,11.8799,162.159,30.8222,70.9822
2017-03-21,87.1838,42.4373,19.76,75.7997,11.8505,159.869,30.1383,70.4737
2017-03-22,87.6393,42.8362,19.8,75.9366,11.831,160.4439,30.3805,69.8788
2017-03-23,87.9759,42.9197,19.92,76.1028,11.831,159.0929,30.639,69.9076
2017-03-24,88.3026,42.8734,19.94,76.4548,11.8212,158.8055,30.6161,69.6485
2017-03-27,88.065,43.2723,20.29,75.8681,11.8701,158.0102,30.3968,69.85
2017-03-28,88.2333,43.2074,20.82,76.8849,11.8603,157.8186,30.6324,70.1762
2017-03-29,88.2927,43.4578,20.64,76.5036,12.0166,156.2376,30.5997,72.335
2017-03-30,88.1244,43.0641,20.73,77.4422,12.1436,157.5024,30.7927,72.3159
2017-03-31,87.9858,43.2516,20.61,77.3444,12.0753,157.2053,30.8026,71.7785
2017-04-03,88.4709,42.9611,20.64,76.8361,11.9678,157.0329,30.5801,71.3372
2017-04-04,87.8967,43.2047,20.51,76.5134,11.8212,157.4832,30.4983,69.5142
2017-04-05,88.1442,43.2797,20.57,76.3367,11.7333,155.4519,30.3837,68.3148
2017-04-06,88.2036,43.7577,20.91,76.4938,11.9287,155.4615,30.7077,69.3607
2017-04-07,87.8571,44.0013,21.1,76.3465,12.0362,156.5442,30.7764,69.3319
2017-04-10,87.9759,44.5262,21.25,76.0717,12.3293,155.9789,30.8974,69.6197
2017-04-11,87.966,44.6949,21.54,75.8459,12.3488,156.2855,31.1167,69.8413
2017-04-12,87.7977,44.8073,21.2,75.2765,12.4172,156.228,30.5714,69.957
2017-04-13,87.9858,44.6386,20.73,74.4126,12.3586,154.8483,30.3875,69.4655
2017-04-17,88.9164,44.8542,20.92,75.2667,12.5149,155.3273,30.7422,69.8895
2017-04-18,88.8372,44.5262,20.79,74.4028,12.5637,154.5033,30.8835,69.9473
2017-04-19,88.857,44.0013,21.2,74.1672,12.5833,154.5129,30.913,70.0051
2017-04-20,90.2431,44.2075,21.39,78.5554,12.5344,155.2603,31.3827,73.7631
2017-04-21,90.2431,43.9545,21.53,78.1332,12.5051,153.6985,31.4352,73.079
2017-04-24,90.9361,44.1044,21.75,78.9775,12.554,156.3143,31.8031,73.6379
2017-04-25,91.1935,44.3387,22.47,79.1542,12.9154,157.809,32.3023,73.8113
2017-04-26,90.9064,43.842,22.25,79.0462,12.847,157.7227,32.7786,74.1197
2017-04-27,90.6886,43.5515,22.14,78.8597,12.9643,155.9118,35.5572,73.8981
2017-04-28,90.3124,43.5234,21.83,77.7994,12.8666,156.4867,35.4225,74.5244
2017-05-01,90.352,43.4484,21.62,77.7798,13.1108,155.7968,35.4455,73.6764
2017-05-02,91.6193,43.917,22.06,78.0841,13.0327,156.6496,35.5506,73.9366
2017-05-03,91.5203,43.7108,21.9,77.3871,12.4074,156.9562,35.5835,74.033
2017-05-04,91.6985,42.6705,21.54,76.8963,12.7591,157.4161,35.8824,73.3584
2017-05-05,91.1737,43.9357,21.51,76.8865,12.4465,156.9562,36.1155,73.9655
2017-05-08,91.0054,44.1138,21.41,76.7294,12.1925,156.2089,36.0104,73.7439
2017-05-09,91.0846,43.5609,21.84,77.0043,12.1925,156.3909,36.0893,73.8788
2017-05-10,91.3322,43.8608,21.63,77.2104,12.1241,153.7943,36.2732,74.534
2017-05-11,91.1836,43.3828,21.58,76.4938,12.1827,153.3823,36.2075,73.0501
2017-05-12,91.8074,43.514,21.23,76.0717,12.339,153.5164,36.0761,72.1539
2017-05-15,92.3024,43.7483,21.26,76.8963,12.5344,154.3851,36.421,70.5447
2017-05-16,92.2232,43.3922,21.51,76.6999,12.72,154.4044,36.6575,69.1764
2017-05-17,91.0082,42.5955,20.96,74.9722,12.2511,151.5767,36.0827,68.2803
2017-05-18,90.9586,42.633,21.01,74.982,12.3195,152.4452,36.1911,67.8852
2017-05-19,91.7223,43.4765,21.28,75.3943,12.7396,151.0459,36.3093,56.5823
2017-05-22,92.5455,43.7202,21.57,75.571,12.8568,147.6777,36.3717,58.0758
2017-05-23,93.091,44.0576,22.08,75.787,12.9838,148.691,36.1911,57.6904
2017-05-24,94.0332,44.5168,22.37,75.7084,13.189,149.2025,35.8889,57.4591
2017-05-25,94.2613,44.3481,22.81,76.0226,13.1499,150.0036,35.9875,57.488
2017-05-26,93.8944,44.0576,22.95,76.0422,13.1792,149.5982,35.9251,57.6422
2017-05-30,93.944,43.8701,22.49,75.679,12.8861,148.4787,35.9612,57.488
2017-05-31,94.4498,43.5327,22.42,75.5317,12.945,149.8202,36.086,57.2471
2017-06-01,94.6184,43.7858,22.65,76.8472,13.4455,150.7853,36.9104,57.199
2017-06-02,95.3622,43.9826,22.85,77.0534,13.5142,153.5937,37.2979,55.927
2017-06-05,95.759,44.1419,22.74,77.5246,13.6026,154.6263,37.1436,55.503
2017-06-06,95.0052,44.6199,22.62,77.4068,13.74,153.9604,37.183,53.0748
2017-06-07,95.3027,43.5702,23.01,78.3492,14.3288,156.0161,36.7429,53.2771
2017-06-08,95.3027,44.1138,22.77,78.4866,14.0246,156.9715,36.9498,51.9185
2017-06-09,93.7853,44.4887,22.77,78.84,13.7792,158.3323,37.0647,52.7857
2017-06-12,92.7339,44.6855,22.81,78.7026,13.8872,159.1236,36.3192,52.8628
2017-06-13,94.301,45.2103,23.05,79.1149,14.2111,158.6894,36.5097,53.0941
2017-06-14,94.539,44.3668,23.36,79.3603,14.0933,159.336,36.756,51.8125
2017-06-15,93.3985,44.4137,23.03,79.2229,14.0638,158.3805,36.8513,50.9067
2017-06-16,93.3985,44.9948,22.79,79.9592,13.9264,156.7495,37.1107,50.1455
2017-06-19,94.0134,45.1635,22.92,80.3813,14.1227,159.3263,37.3472,49.5769
2017-06-20,93.6067,44.2731,22.47,80.9998,14.162,160.4844,36.9202,48.4977
2017-06-21,93.7654,44.0201,22.54,80.7053,14.005,165.3678,36.3356,46.0791
2017-06-22,93.1803,43.9732,22.33,80.7445,14.0638,167.7515,36.4407,45.7707
2017-06-23,94.7969,44.0388,22.4,80.7151,13.8872,166.4776,36.5458,46.2814
2017-06-26,94.4399,44.4981,22.64,81.4415,14.0835,167.6068,36.6049,46.6091
2017-06-27,94.1225,44.6574,22.71,81.5593,14.0835,164.8852,36.1714,46.7343
2017-06-28,95.4416,45.2546,22.96,82.4331,14.2503,167.9928,36.4276,46.9367
2017-06-29,93.6464,45.0558,22.85,82.0993,14.0638,166.5645,35.7411,46.927
2017-06-30,93.0117,45.1221,22.83,82.6981,14.1718,166.217,35.8922,47.4859
2017-07-03,92.5852,45.6711,23.02,83.5424,14.2405,166.7671,35.9875,48.7964
2017-07-05,93.2398,45.1978,23.04,83.6507,13.7596,168.1762,35.8988,48.4688
2017-07-06,92.486,45.6616,22.88,82.5175,13.5535,165.7248,35.5638,48.2568
2017-07-07,93.1505,45.7468,23.36,83.0989,13.9068,165.445,35.636,48.1604
2017-07-10,94.3109,45.7752,23.11,83.0694,14.2209,166.1881,35.7181,46.638
2017-07-11,94.6283,45.5386,22.93,82.9314,14.054,167.269,35.8561,46.5609
2017-07-12,95.392,46.523,23.29,83.5818,14.2405,167.2207,36.0564,46.784
2017-07-13,95.154,46.5893,23.75,84.1237,14.1914,168.9289,35.6676,47.104
2017-07-14,96.1358,47.4033,23.43,84.035,14.5349,170.946,35.6149,46.9585
2017-07-17,96.0367,47.2518,23.525,83.9759,14.5349,171.2065,35.6083,47.4725
2017-07-18,96.7805,47.7251,23.26,84.2715,14.2896,171.2837,35.5984,47.1137
2017-07-19,97.445,48.2647,23.33,84.6756,14.3386,172.9244,36.1157,47.0749
2017-07-20,97.3062,48.5865,23.33,84.104,14.4564,173.0595,35.8422,46.5318
2017-07-21,98.784,48.7095,23.45,84.3405,14.2798,173.9184,35.5687,45.785
2017-07-24,99.5477,48.7001,22.76,83.7591,14.4564,174.7388,35.4863,43.6902
2017-07-25,99.1708,48.7379,22.77,84.1631,15.3986,174.5747,35.5127,44.3691
2017-07-26,100.0237,48.596,22.07,84.0548,15.2121,169.7493,34.8998,44.7086
2017-07-27,98.7542,47.8671,21.71,82.6259,15.1042,166.1398,38.0237,45.8238
2017-07-28,98.3377,48.3972,22.06,83.5621,15.2023,168.4464,37.4602,44.631
2017-07-31,98.7443,48.3877,21.93,83.9858,15.2514,168.4174,38.2379,45.7657
2017-08-01,100.0436,48.0091,21.98,84.715,15.6145,168.0507,37.7798,45.4553
2017-08-02,100.4502,48.7001,22.13,84.0548,15.114,168.3692,37.4767,46.2118
2017-08-03,99.7659,48.454,22.13,84.2913,15.693,168.099,37.4404,47.0846
2017-08-04,100.0634,48.0091,22.43,84.715,15.6145,167.7805,37.7798,47.521
2017-08-07,100.6585,48.0848,22.14,84.5967,15.4182,168.485,38.1851,47.3658
2017-08-08,100.4502,47.4033,21.81,84.6854,15.2906,167.6261,38.1851,48.5296
2017-08-09,100.1427,47.1099,21.85,84.4391,15.1827,167.491,37.6513,48.2969
2017-08-10,98.6749,46.4567,21.46,83.3256,14.8882,163.206,37.0615,47.6083
2017-08-11,99.27,46.6555,21.32,83.0595,14.8981,163.5148,37.1241,47.812
2017-08-14,101.0354,46.9395,21.67,84.2223,15.1434,165.6766,37.6282,47.8314
2017-08-15,101.7891,46.6271,21.82,85.523,15.1336,165.2102,37.9017,45.7075
2017-08-16,102.6385,46.6555,21.81,86.1142,15.1925,166.5219,38.0863,47.104
2017-08-17,101.4862,46.381,20.49,84.8332,14.8981,163.0436,37.3646,46.2603
2017-08-18,101.8339,46.8638,20.28,84.1336,14.8981,162.5383,37.0285,33.3423
2017-08-21,102.5392,46.6461,20.2,84.0548,15.0853,163.3836,37.2262,30.8596
2017-08-22,103.3836,47.1572,20.3,84.0548,15.1444,165.2394,37.5557,32.1785
2017-08-23,102.4995,47.7819,19.64,84.035,14.9867,164.1998,36.9725,34.186
2017-08-24,102.5392,47.8955,19.34,84.1139,14.7798,165.1228,37.0186,33.7205
2017-08-25,102.6683,47.6683,19.85,84.2223,14.7503,164.9188,37.3745,34.797
2017-08-28,103.0955,47.479,19.59,84.1631,14.7306,166.9008,37.6513,34.6225
2017-08-29,103.0856,47.5737,19.71,84.173,15.0459,167.338,37.2789,34.0988
2017-08-30,103.0458,47.3276,19.72,84.4391,14.9966,168.7177,37.4536,34.1763
2017-08-31,102.8372,48.0848,19.81,84.8431,14.9572,172.7207,38.0632,34.1666
2017-09-01,103.2147,48.1321,19.82,84.8825,15.5582,173.634,38.4488,35.2431
2017-09-05,102.3306,47.6778,19.16,84.0646,15.7257,171.7199,37.7205,35.2334
2017-09-06,102.4995,48.2647,18.85,83.9858,15.5582,173.3134,37.6579,35.5923
2017-09-07,103.8704,48.6811,18.25,83.1777,15.4597,175.5772,38.0204,35.0686
2017-09-08,103.7412,48.4161,18.7,83.0201,15.1838,175.5092,38.1028,34.6516
2017-09-11,105.4499,48.8894,19.38,84.4391,15.0853,181.193,38.4191,33.9339
2017-09-12,105.5095,49.0124,19.78,85.2865,15.0459,185.5749,38.63,34.6225
2017-09-13,105.132,48.7569,19.35,85.3752,15.0163,184.3118,38.6333,35.0104
2017-09-14,105.3803,48.6149,19.37,84.9318,15.0064,184.0592,39.0452,35.5147
2017-09-15,104.6055,48.5392,19.38,85.7201,15.0656,182.1452,39.5131,35.8153
2017-09-18,104.1386,47.8766,19.16,86.5872,15.0557,181.1736,39.7537,35.1656
2017-09-19,104.7148,48.2173,19.04,87.7007,14.7207,181.0278,40.1557,33.9921
2017-09-20,104.2777,47.9712,19.25,87.1391,14.7207,182.8253,40.4094,33.5266
2017-09-21,104.6154,47.2708,18.9,87.1292,14.7404,181.3387,40.2578,32.6828
2017-09-22,104.8638,46.9679,18.62,87.1095,14.7207,180.4837,40.3336,32.5858
2017-09-25,102.3405,47.4033,18.87,86.9223,14.5631,180.9987,40.3204,33.6138
2017-09-26,102.261,47.5453,18.7,87.3953,14.6222,180.3283,40.0667,34.06
2017-09-27,103.2048,47.1288,18.55,88.1836,14.5236,179.6287,40.5676,34.0115
2017-09-28,103.8902,47.5266,18.51,88.8241,14.7404,180.1923,40.6763,33.8078
2017-09-29,104.5459,47.3828,18.53,89.1394,14.7897,181.1541,40.7587,34.1569
2017-10-02,104.7446,47.1911,18.51,89.2183,14.8291,181.8537,41.1278,33.7011
2017-10-03,104.8936,47.0186,19.82,90.0953,15.0656,181.912,40.9762,33.3423
2017-10-04,104.6154,46.8173,19.33,89.6814,15.174,183.2333,41.1443,32.8283
2017-10-05,105.5393,46.9323,19.29,90.176,15.2134,181.5428,41.0619,33.3423
2017-10-06,106.026,47.2007,19.64,90.5618,15.302,180.542,41.164,33.3714
2017-10-09,106.3042,47.2199,19.49,90.7003,15.2429,180.1923,40.8477,32.3822
2017-10-10,106.6022,47.4212,20.23,90.8981,14.967,180.5129,40.8378,32.5858
2017-10-11,107.7248,48.1018,20.53,90.9674,14.8291,178.9195,40.963,31.9361
2017-10-12,107.3969,48.0155,20.34,90.6212,14.8882,177.5689,41.2135,30.771
2017-10-13,107.9433,48.0922,20.37,91.8577,14.7798,177.8118,41.4514,30.9864
2017-10-16,107.5857,48.073,20.24,90.9674,14.9966,176.7334,42.0132,30.3011
2017-10-17,106.8307,48.4373,20.18,90.7003,14.8882,180.9015,41.382,30.3696
2017-10-18,107.089,47.6321,20.07,91.0861,14.8094,180.989,41.9041,30.5263
2017-10-19,106.3141,47.8238,20.34,90.908,14.7601,178.8903,41.6265,30.3402
2017-10-20,106.8406,46.9994,20.35,91.096,14.6222,177.7633,42.2875,30.6242
2017-10-23,106.8208,46.5776,19.88,91.3829,14.6025,175.4023,42.0462,30.957
2017-10-24,107.695,46.06,20.62,92.8469,14.5138,175.2468,42.6973,30.4773
2017-10-25,108.8274,44.7276,19.72,92.5501,14.5532,172.4583,42.2908,30.634
2017-10-26,109.0758,44.7755,19.59,94.6571,14.8784,171.5062,44.1183,32.3766
2017-10-27,108.9864,45.667,19.38,94.756,14.8586,170.3014,43.9101,30.8885
2017-10-30,109.3142,45.667,18.94,94.0438,14.5433,169.631,43.2095,29.9388
2017-10-31,109.2546,45.5136,19.15,94.489,14.7798,170.2431,43.5532,29.4493
2017-11-01,110.3374,45.9929,18.95,94.756,14.8784,170.4374,43.1236,29.2829
2017-11-02,110.248,45.8587,18.92,94.944,14.5236,167.5129,43.312,29.3808
2017-11-03,110.6255,45.9066,19.19,95.3891,14.5236,168.5137,43.6589,29.2241
2017-11-06,111.1818,46.5393,19.32,95.2507,14.3463,165.9487,43.6755,29.0283
2017-11-07,111.3507,46.9323,18.92,94.3406,14.1788,168.5525,43.5763,28.6269
2017-11-08,111.7282,46.6064,18.8,94.1032,14.2576,168.6497,43.7548,29.2535
2017-11-09,111.4004,46.6543,18.83,92.7381,14.7897,169.0578,42.998,29.9682
2017-11-10,111.1421,47.3253,18.99,92.5106,15.9129,167.4546,43.0178,29.7039
2017-11-13,110.6652,47.4308,18.95,92.8864,16.0804,166.6288,42.5717,29.0185
2017-11-14,111.2414,47.5266,19.63,92.748,16.2381,165.2977,42.7468,29.371
2017-11-15,109.5228,47.239,20.15,99.2537,16.2972,164.569,42.4031,30.5458
2017-11-16,110.4832,47.4116,20.26,92.5501,16.2578,167.0536,42.8526,31.1822
2017-11-17,109.289,46.9515,19.99,92.6787,16.7111,166.3004,42.9848,39.9641
2017-11-20,109.4184,47.565,19.78,92.9359,16.9278,165.1167,43.4507,39.8369
2017-11-21,110.9111,48.1785,19.98,93.3909,16.8391,166.1439,43.6556,39.8369
2017-11-22,110.2842,47.5266,19.9,92.8073,16.918,166.2613,43.2492,39.69
2017-11-24,111.4286,47.8046,19.84,92.471,16.9968,166.4178,43.193,39.2592
2017-11-27,111.8366,47.68,19.68,92.4611,17.1253,166.0167,42.9815,38.5739
2017-11-28,112.8119,47.5841,20.12,94.2516,17.0067,166.5547,43.5697,39.6019
2017-11-29,109.3288,46.2134,20.96,95.5573,16.7397,168.4819,42.5783,41.697
2017-11-30,112.0456,46.0408,21.47,96.6553,16.977,171.8372,43.4871,41.9418
2017-12-01,110.1946,46.5489,21.31,96.8037,17.3725,173.3437,42.7832,42.4019
2017-12-04,106.9106,46.6256,21.97,97.5258,17.1451,174.8013,42.532,44.8006
2017-12-05,108.055,46.7406,21.66,97.6445,17.1945,174.7817,42.1487,42.49
2017-12-06,109.2094,46.7598,21.62,97.1499,17.244,172.385,42.5056,41.9222
2017-12-07,110.8614,47.1048,21.87,97.5159,17.3033,170.1742,42.5552,42.3138
2017-12-08,112.0556,46.9323,22.08,97.4863,17.422,171.5927,42.9881,44.0271
2017-12-11,111.8267,46.846,22.19,97.9314,17.3429,172.9818,43.2492,43.4789
2017-12-12,112.9114,46.568,21.59,98.2974,16.9177,172.4242,42.7336,43.6355
2017-12-13,112.7621,46.731,21.49,96.7246,16.888,173.5198,43.5499,44.3992
2017-12-14,112.374,46.4722,21.18,96.1014,16.7892,171.1133,43.2128,43.4005
2017-12-15,113.2697,45.8874,21.29,97.4566,16.3936,173.1872,44.5711,44.6929
2017-12-18,113.001,46.0504,21.82,98.6041,16.4727,172.3068,44.0985,45.5936
2017-12-19,111.5978,45.9737,21.59,98.0798,16.7793,173.0209,44.4323,45.2411
2017-12-20,111.5779,45.9066,21.96,97.4467,16.6804,173.2557,44.0753,45.3195
2017-12-21,111.8665,46.5297,22.43,97.4368,16.5518,172.835,44.5777,46.974
2017-12-22,112.1451,46.4914,22.44,97.6742,16.3838,172.5807,44.4785,46.2691
2017-12-26,112.4437,46.568,22.58,97.506,16.2354,172.2579,44.4356,47.5321
2017-12-27,113.4687,46.5393,22.5,98.06,16.4134,172.3752,44.7793,46.6803
2017-12-28,113.7971,47.1559,22.54,98.6238,16.2948,171.4361,45.2387,46.1027
2017-12-29,113.4687,47.2336,22.34,98.2381,16.4727,170.1155,44.8322,45.8971
2018-01-02,113.9563,47.9036,22.38,97.872,16.4134,173.1481,44.7529,46.8859
2018-01-03,115.0908,47.9328,21.59,98.4755,16.3145,176.4154,45.5163,46.8663
2018-01-04,115.5187,48.0881,21.69,100.1134,16.2552,175.6719,45.9327,45.339
2018-01-05,118.2853,48.0396,21.38,100.3418,16.3936,176.7186,45.8137,45.9754
2018-01-08,118.763,47.8939,21.28,99.4185,16.5716,176.6697,46.6366,45.9852
2018-01-09,118.5341,47.5346,21.47,99.7858,16.6408,179.3892,46.3986,45.0355
2018-01-10,118.4047,46.0974,21.59,100.4807,16.5518,178.8805,46.0715,45.3097
2018-01-11,119.2605,46.379,22.34,99.9943,16.5024,178.0001,46.6167,45.3292
2018-01-12,119.5093,46.4761,22.93,100.2326,16.5617,181.0131,46.5176,46.4551
2018-01-16,119.8079,46.6218,22.3,99.6072,16.2157,181.5022,46.2003,45.9754
2018-01-17,121.3902,46.7092,22.45,100.0241,16.7397,183.9184,46.7655,47.0621
2018-01-18,122.5147,46.8257,22.48,99.1307,16.6013,183.5076,46.6564,47.88
2018-01-19,122.1067,46.4761,22.57,97.314,16.8485,185.1608,47.6432,49.4763
2018-01-22,123.7288,46.6509,22.59,97.6019,17.0561,188.1444,47.6432,49.634
2018-01-23,124.0473,46.4761,22.53,97.2644,16.9177,187.8118,48.7667,50.7672
2018-01-24,123.9478,46.6704,22.05,98.5747,16.6309,186.4814,48.7269,51.4865
2018-01-25,124.6145,45.4856,20.69,98.9619,16.9572,185.9434,48.5181,51.6738
2018-01-26,125.7092,45.1166,20.5,98.9023,17.0067,191.7443,48.7865,50.8362
2018-01-29,124.2364,44.4369,20.28,98.6839,16.5518,193.691,48.0409,50.5307
2018-01-30,122.9526,44.0776,20.65,97.9891,16.5815,187.1075,45.9431,49.1709
2018-01-31,123.6293,44.7088,20.86,98.674,16.4727,182.0011,46.5297,48.4318
2018-02-01,125.1121,44.0096,20.94,99.2696,16.4826,181.5218,46.1419,48.4909
2018-02-02,120.3254,43.0676,20.33,95.9739,16.4134,182.9402,45.0184,47.6731
2018-02-05,115.7078,42.1937,19.82,91.338,15.7707,170.947,42.8908,44.9633
2018-02-06,119.3899,42.417,20.35,93.4921,15.7608,172.8057,43.3283,46.9439
2018-02-07,119.0715,42.2519,20.385,92.9263,15.4148,173.6078,43.1294,47.3085
2018-02-08,113.3095,40.8244,19.83,87.6948,15.1379,169.3525,41.1608,45.2096
2018-02-09,115.7576,40.8633,19.89,91.0501,15.0588,169.6851,41.4392,45.5643
2018-02-12,117.8972,41.5139,19.87,94.0083,15.0292,171.0644,41.7375,45.6629
2018-02-13,117.7778,41.7081,19.96,93.8694,15.5137,172.1111,41.996,45.9585
2018-02-14,120.2458,41.679,20.14,95.5272,15.306,176.9408,43.0598,47.8702
2018-02-15,121.9006,43.8057,20.3,95.8548,15.4247,180.9622,43.6464,48.5205
2018-02-16,121.472,44.4272,20.3,96.0831,15.4543,180.9129,43.7856,48.4515
2018-02-20,121.6315,43.7086,20.02,96.4802,15.3159,180.3511,43.7061,47.4661
2018-02-21,120.0564,44.0484,20.74,96.7879,14.8116,179.809,44.0242,47.7125
2018-02-22,120.0065,43.9319,20.85,96.639,14.7424,179.8287,44.6108,47.5548
2018-02-23,122.5486,44.6602,21.32,98.0784,14.604,183.9881,44.7401,47.545
2018-02-26,124.2034,44.6602,21.73,100.8977,14.6732,185.7918,45.0781,48.5993
2018-02-27,122.9872,43.592,21.35,98.8527,14.3964,183.1207,44.6406,46.8454
2018-02-28,122.5586,41.9703,21.05,96.7978,14.3865,181.1297,44.0938,45.2392
2018-03-01,120.0264,42.3685,21.08,94.4451,15.4345,180.6566,43.537,45.2096
2018-03-02,120.3953,42.349,21.29,94.9018,15.6125,182.4209,43.8254,39.4549
2018-03-05,121.5019,42.6501,21.27,95.954,15.6916,187.3984,44.3026,41.0217
2018-03-06,120.6844,42.8928,21.44,95.3683,15.751,187.6152,44.8792,41.4848
2018-03-07,121.472,41.912,21.5,94.9415,15.395,184.8357,45.3664,40.125
2018-03-08,121.8408,42.0771,21.71,95.8845,15.7213,184.471,45.5056,40.2531
2018-03-09,124.1237,42.5335,22.0,98.3266,15.5928,188.3544,46.5396,41.9381
2018-03-12,123.8545,42.9802,22.04,96.9567,15.3843,186.5803,46.2712,42.687
2018-03-13,122.8178,42.9317,22.35,94.6735,15.2454,187.0238,46.0624,43.2191
2018-03-14,122.1997,42.8249,22.34,93.8396,15.166,187.832,46.132,42.6279
2018-03-15,123.0271,41.5819,22.26,93.7006,15.0369,187.0238,46.1121,42.825
2018-03-16,124.1436,41.4848,22.59,94.9117,15.1064,185.5355,46.3209,43.4655
2018-03-19,122.8277,40.7273,22.17,94.1473,15.1362,179.9273,46.3606,43.1797
2018-03-20,124.5225,39.3775,22.3,94.2565,15.4836,179.4147,46.6788,42.9826
2018-03-21,122.8377,40.7662,21.78,94.0481,15.3645,178.9811,46.4402,43.1206
2018-03-22,119.6177,39.7271,21.27,90.7424,15.3148,173.5502,44.9091,41.2681
2018-03-23,116.637,39.6106,20.84,89.7894,14.6995,166.9958,44.2131,43.1009
2018-03-26,120.2657,39.3095,20.48,91.9435,14.6697,172.673,45.3962,44.5987
2018-03-27,117.0358,39.562,19.95,90.7523,14.4513,168.691,44.3424,43.4655
2018-03-28,116.627,39.7596,20.17,91.5365,14.3322,168.011,44.3324,44.1257
2018-03-29,119.2489,40.8067,20.32,92.5987,14.6101,168.0307,45.4559,44.8746
2018-04-02,118.0227,39.8979,19.73,90.3354,14.4414,163.6643,44.4915,43.1797
2018-04-03,118.8302,39.4435,20.15,92.0627,14.6498,165.8031,44.9687,45.1702
2018-04-04,119.4383,40.2041,20.48,92.8965,14.7292,171.027,45.6448,47.0917
2018-04-05,120.814,41.4784,20.64,93.863,14.6895,169.5288,45.9431,47.2099
2018-04-06,117.3348,40.9647,19.95,91.5812,14.63,165.7243,44.8295,45.7811
2018-04-09,118.4214,41.2611,19.48,91.8104,14.5605,167.183,44.8494,44.9436
2018-04-10,120.3455,41.5772,19.36,92.6673,14.4613,170.6426,45.5851,45.9585
2018-04-11,119.4084,41.5871,19.33,91.2723,14.6002,169.9329,45.3664,45.4362
2018-04-12,120.6944,41.7155,19.55,93.0161,14.6498,168.5629,45.7939,45.2589
2018-04-13,120.3754,41.8439,19.51,92.6972,14.4017,169.0163,45.6469,44.5395
2018-04-16,121.5019,42.4761,19.77,93.2652,14.4712,168.9177,46.1055,42.7166
2018-04-17,123.4159,43.2169,19.81,93.5243,14.2528,172.3675,46.7138,41.7509
2018-04-18,124.0938,43.8887,19.97,94.8096,14.1337,172.5942,47.0528,41.8002
2018-04-19,123.5754,43.0787,19.66,102.0038,14.1834,170.4455,46.8234,41.368
2018-04-20,123.8147,42.8416,19.86,100.4295,14.5506,169.0952,46.7736,40.613
2018-04-23,124.0739,42.7823,19.91,100.2501,14.2826,172.1506,46.4146,40.9408
2018-04-24,120.8937,42.3872,19.53,100.0807,14.3422,169.4697,44.6697,41.4376
2018-04-25,120.8339,42.1304,19.17,98.4267,14.1238,172.3182,44.1313,41.666
2018-04-26,126.6857,41.913,19.17,99.8715,14.3521,172.8504,45.8463,42.8781
2018-04-27,125.619,41.6858,19.28,99.2537,14.4017,174.9104,44.5401,44.1199
2018-04-30,126.4863,41.9328,19.19,98.3968,14.1933,171.9732,43.8621,42.7986
2018-05-01,127.1144,42.2489,19.44,98.2274,14.1238,166.8479,44.231,42.3317
2018-05-02,125.9879,42.1995,19.34,97.2808,14.0642,166.9958,43.9618,42.3217
2018-05-03,126.7854,42.318,19.21,96.7925,14.9377,163.9994,44.4504,41.3779
2018-05-04,127.7624,42.3971,19.36,97.9982,15.3049,165.5666,45.0486,41.3978
2018-05-07,128.859,42.5847,19.25,98.2274,15.3744,165.6454,44.9788,40.2553
2018-05-08,129.497,42.5847,19.25,99.3832,15.5828,166.0693,45.0087,41.6561
2018-05-09,130.4341,42.9305,18.71,100.1405,15.6622,167.2027,45.3178,41.1892
2018-05-10,130.5936,43.1972,18.81,101.0174,16.0692,168.3165,45.6269,41.5866
2018-05-11,131.411,43.2466,18.98,101.0572,15.8806,171.3917,45.6668,42.3118
2018-05-14,130.8029,43.2663,18.87,100.9277,15.7317,173.4319,45.5272,43.1562
2018-05-15,130.6933,42.7428,19.01,100.3797,15.7119,169.864,45.4774,43.3351
2018-05-16,130.4839,42.2588,19.47,100.2302,15.9501,172.6251,45.7067,43.8616
2018-05-17,129.735,41.6463,19.32,100.8579,15.8012,173.4694,45.956,43.643
2018-05-18,129.735,42.2686,19.04,100.6288,15.4935,175.1082,46.1354,43.1562
2018-05-21,130.4639,42.7132,19.18,101.675,15.8707,175.2771,47.1824,43.802
2018-05-22,130.5138,42.4465,18.89,102.3326,15.7516,177.1543,46.5443,43.9808
2018-05-23,131.682,41.7451,18.67,101.5654,15.7913,178.7236,46.5243,44.7359
2018-05-24,131.692,41.35,19.04,101.6451,15.7218,176.757,46.275,46.087
2018-05-25,131.0829,41.1228,19.41,100.7384,15.7119,177.0351,45.7765,55.3759
2018-05-29,129.4953,40.8857,19.2,97.3705,15.7317,176.2405,45.4873,54.2036
2018-05-30,130.4439,41.5673,18.98,98.6359,15.8905,179.0216,46.3349,54.2036
2018-05-31,130.5238,41.3203,18.89,97.9484,15.7212,178.4058,45.268,53.6175
2018-06-01,130.6536,40.9746,18.77,97.8986,16.1197,182.3291,45.6868,54.3427
2018-06-04,132.8703,41.182,19.11,99.0943,15.9901,184.1864,46.1354,55.3858
2018-06-05,133.3595,41.429,18.86,98.9548,16.0798,180.5015,46.4246,56.6873
2018-06-06,136.0754,40.8264,18.77,100.6088,16.0599,182.3092,47.2322,56.6277
2018-06-07,133.6391,41.024,18.77,101.117,15.8507,182.0609,47.5513,57.2734
2018-06-08,134.5378,41.2512,18.84,100.6387,15.9403,183.0541,47.8405,58.5351
2018-06-11,133.709,41.8538,19.08,100.838,16.0699,183.362,47.3918,57.6311
2018-06-12,134.6576,41.3697,18.94,100.3697,16.1894,183.8189,46.8234,57.5615
2018-06-13,134.1983,40.9944,18.99,99.6622,16.4584,182.4383,46.3648,56.8462
2018-06-14,134.7974,41.1425,19.04,99.4032,16.3887,184.5341,46.4047,57.2734
2018-06-15,134.8972,41.0635,19.19,98.1676,16.4484,183.7593,46.3149,56.4985
2018-06-18,135.9956,42.3378,19.18,98.1178,16.1994,182.7065,46.1953,55.5349
2018-06-19,134.9072,42.1205,18.97,96.7925,16.1496,184.9314,45.6967,55.664
2018-06-20,135.2966,43.0984,19.02,96.0751,16.2193,185.2492,45.6768,56.3396
2018-06-21,134.3281,42.7527,19.27,96.2844,16.3887,184.7327,45.0985,56.4389
2018-06-22,135.1269,42.8811,18.98,96.8822,16.4385,183.8984,45.1882,54.2235
2018-06-25,130.7335,42.0414,18.79,98.1875,16.6577,184.107,44.909,52.8227
2018-06-26,132.351,42.4662,18.75,97.8587,16.5481,183.3422,44.9389,53.379
2018-06-27,130.8233,42.1995,18.92,96.6132,16.3887,182.2893,44.7993,52.9916
2018-06-28,132.5408,42.47,18.86,96.6231,16.3289,182.1006,44.8991,53.7168
2018-06-29,132.2512,43.2,18.98,97.6495,16.4883,183.3422,45.0885,52.3061
2018-07-02,132.3011,42.47,19.1,98.6459,16.4684,184.0374,44.9988,51.7001
2018-07-03,131.2527,43.45,19.12,97.49,16.6377,184.4546,44.7794,51.8392
2018-07-05,133.0899,42.86,19.28,98.53,16.6477,186.0934,45.0087,51.7895
2018-07-06,133.8887,43.56,19.45,98.52,16.7174,189.7188,44.7894,51.9584
2018-07-09,135.3166,43.39,19.64,99.91,16.9366,192.8574,45.6369,53.1108
2018-07-10,136.4848,43.29,19.5,99.91,16.9266,194.3671,45.946,52.6737
2018-07-11,137.9426,43.32,19.29,100.3,16.568,191.8443,45.4375,51.6901
2018-07-12,139.69,43.65,19.15,101.15,16.6178,192.768,45.88,51.5809
2018-07-13,139.2107,43.47,19.28,100.5,16.6875,194.5856,46.21,52.326
2018-07-16,138.2522,43.43,19.4,100.69,16.7872,193.5626,45.9,52.465
2018-07-17,139.4304,42.9,19.52,101.15,16.7374,192.6091,46.17,52.2167
2018-07-18,140.6885,42.84,19.97,102.98,16.7075,191.4967,46.91,52.475
2018-07-19,139.9197,44.78,19.83,100.17,16.4883,190.4637,47.0,53.1
2018-07-20,140.7784,44.27,19.84,100.15,16.4385,189.2023,47.29,52.41
2018-07-23,139.8198,44.25,19.81,101.22,16.299,188.6858,46.91,51.72
2018-07-24,139.8198,44.28,17.79,101.71,16.1695,190.1061,47.25,49.62
2018-07-25,142.4259,44.73,17.22,102.63,16.1595,191.7351,48.22,49.21
2018-07-26,142.2861,44.77,17.98,102.5,16.1894,192.7382,47.09,48.6
2018-07-27,140.4988,44.12,18.05,103.85,16.2093,191.1391,45.95,47.35
2018-07-30,136.2751,44.31,17.91,100.85,15.9104,189.3413,45.39,48.29
2018-07-31,136.5348,44.95,18.0,99.52,15.9304,195.2213,46.14,48.81
2018-08-01,138.0425,44.87,17.55,99.45,15.8307,194.5161,46.01,47.85
2018-08-02,138.7115,45.29,17.81,99.73,15.7909,195.0525,46.3,47.66
2018-08-03,139.6101,45.23,18.25,100.79,15.492,196.6516,46.68,47.16
2018-08-06,139.5003,45.61,18.35,100.92,15.4024,196.2742,46.89,46.99
2018-08-07,140.0694,44.44,18.21,101.97,15.4522,199.0453,47.07,47.56
2018-08-08,140.4688,44.4,18.46,102.78,15.2928,194.8737,46.63,47.0
2018-08-09,139.7998,44.58,18.5,102.99,15.492,192.6588,46.91,47.61
2018-08-10,139.5203,44.08,18.45,101.58,15.3127,193.1057,46.65,47.97
2018-08-13,139.9995,43.86,18.17,101.81,15.492,194.2877,45.99,48.09
2018-08-14,140.5487,44.26,18.32,102.18,15.5219,194.4367,46.03,48.89
2018-08-15,139.71,43.76,18.5,101.51,15.4522,193.94,45.62,48.35
2018-08-16,140.65,43.8,18.66,102.65,15.5817,196.44,46.12,49.75
2018-08-17,141.33,44.37,18.8,103.03,15.9104,197.42,46.48,50.7
2018-08-20,140.94,44.78,19.26,103.83,16.03,197.56,46.59,51.76
2018-08-21,140.04,44.11,19.3,104.81,16.1,197.31,46.94,52.33
2018-08-22,141.14,44.56,18.95,105.83,15.85,197.84,46.86,52.13
2018-08-23,142.1,44.44,18.9,105.37,15.4,196.6,46.29,53.2
2018-08-24,144.2,44.36,18.63,105.76,15.27,196.64,46.37,48.32
