date,AMGN,AXP,FL,GGG,JBLU,V,TRP,COT,
2015-06-04,1.22E+11,81185280000,8939511000,452792073.7,6980150000,1.68E+11,29350000000,896200000,
2015-06-05,1.21E+11,81215970000,8905407000,451856295,7017825000,1.68E+11,29390000000,899900000,
2015-06-08,1.20E+11,80622630000,8881250000,451731524.6,6510925000,1.66E+11,28930000000,904600000,
2015-06-09,1.19E+11,80990910000,8810200000,451856295,6462975000,1.67E+11,29130000000,899900000,
2015-06-10,1.20E+11,82034370000,8881250000,455100327.5,6558875000,1.71E+11,30080000000,908300000,
2015-06-11,1.22E+11,82146900000,8975036000,458344360,6599975000,1.71E+11,30000000000,928800000,
2015-06-12,1.20E+11,81359190000,9009140000,452916844.1,6687312500,1.71E+11,29720000000,940000000,
2015-06-15,1.20E+11,81072750000,8891197000,447988410.2,6692450000,1.69E+11,29860000000,952100000,
2015-06-16,1.20E+11,81185280000,8953721000,447988410.2,6695875000,1.70E+11,29860000000,957700000,
2015-06-17,1.20E+11,82167360000,8977878000,447926024.9,6692450000,1.69E+11,30250000000,977300000,
2015-06-18,1.23E+11,82627710000,9056033000,451294827.9,6836300000,1.71E+11,30120000000,980100000,
2015-06-19,1.24E+11,82034370000,9121399000,448237951.1,6928775000,1.69E+11,29880000000,965200000,
2015-06-22,1.25E+11,83118750000,9219448000,448861803.5,7264425000,1.70E+11,30300000000,969900000,
2015-06-23,1.25E+11,83231280000,9357285000,448612262.6,7243875000,1.71E+11,30780000000,954900000,
2015-06-24,1.23E+11,82597020000,9314655000,448674647.8,7158250000,1.69E+11,30860000000,948400000,
2015-06-25,1.22E+11,81717240000,9387126000,447988410.2,7249012500,1.69E+11,30830000000,952100000,
2015-06-26,1.22E+11,81717240000,9564751000,446141152.9,7120575000,1.69E+11,29920000000,943700000,
2015-06-29,1.17E+11,79589400000,9382863000,434869051.5,6918500000,1.64E+11,29180000000,921400000,
2015-06-30,1.18E+11,78730360000,9522121000,437517687.3,7172580000,1.64E+11,28800000000,912000000,
2015-07-01,1.19E+11,79419200000,9658537000,439427169,6930730000,1.66E+11,28340000000,925100000,
2015-07-02,1.18E+11,79226730000,9593171000,438133649.2,7127665000,1.67E+11,28820000000,915800000,
2015-07-03,1.18E+11,79226730000,9593171000,438133649.2,7127665000,1.67E+11,28820000000,915800000,
2015-07-06,1.19E+11,78598670000,9661379000,436162571.3,7169125000,1.67E+11,28180000000,1083000000,
2015-07-07,1.19E+11,78558150000,9786427000,437332898.8,7260682500,1.66E+11,28210000000,1107000000,
2015-07-08,1.17E+11,76917090000,9794953000,427970279,7141485000,1.63E+11,27760000000,1095000000,
2015-07-09,1.16E+11,77332420000,9797795000,423596950,7220950000,1.64E+11,27470000000,1083000000,
2015-07-10,1.18E+11,78315030000,9884476000,424336104.2,7504260000,1.67E+11,27920000000,1123000000,
2015-07-13,1.20E+11,79550890000,10016629000,429510183.6,7597545000,1.70E+11,28180000000,1147000000,
2015-07-14,1.22E+11,79996610000,9973999000,428586240.8,7756475000,1.72E+11,28180000000,1158000000,
2015-07-15,1.23E+11,79561020000,9867424000,414480714.9,7701195000,1.71E+11,28180000000,1132000000,
2015-07-16,1.25E+11,79945960000,9937053000,413864753.1,7856670000,1.73E+11,28450000000,1153000000,
2015-07-17,1.25E+11,80249860000,9870266000,406440060.3,7925770000,1.74E+11,28340000000,1163000000,
2015-07-20,1.26E+11,80330900000,9948421000,415968416.1,7905040000,1.78E+11,27810000000,1171000000,
2015-07-21,1.26E+11,79976350000,9891581000,414669094.8,8019055000,1.76E+11,27520000000,1221000000,
2015-07-22,1.26E+11,80016870000,9983946000,413122283.8,8126160000,1.76E+11,26840000000,1202000000,
2015-07-23,1.26E+11,78011130000,9932790000,433107082,8022510000,1.76E+11,26590000000,1186000000,
2015-07-24,1.22E+11,76886700000,9866003000,429580352.9,7853215000,1.83E+11,26790000000,1163000000,
2015-07-27,1.27E+11,75893960000,9775059000,430260949.8,7721925000,1.81E+11,26790000000,1132000000,
2015-07-28,1.33E+11,76086430000,9806321000,434035168.6,7884310000,1.83E+11,27050000000,1128000000,
2015-07-29,1.32E+11,76684100000,9863161000,440469902.4,7922315000,1.86E+11,26980000000,1139000000,
2015-07-30,1.32E+11,77109560000,9988209000,441831096.1,7898130000,1.87E+11,27430000000,1215000000,
2015-07-31,1.36E+11,77048780000,10025155000,442326075.6,7939590000,1.84E+11,27590000000,1233000000,
2015-08-03,1.35E+11,76967740000,9916434000,442387948.1,8150345000,1.85E+11,26740000000,1239000000,
2015-08-04,1.34E+11,76704360000,10135449000,441459861.5,8240175000,1.84E+11,26970000000,1278000000,
2015-08-05,1.36E+11,76572670000,10237185000,444862845.7,8181440000,1.84E+11,26590000000,1253000000,
2015-08-06,1.30E+11,75975000000,10076103000,441521733.9,8039785000,1.80E+11,26670000000,1244000000,
2015-08-07,1.32E+11,80756360000,10036539000,441831096.1,8050150000,1.82E+11,26130000000,1238000000,
2015-08-10,1.31E+11,82316380000,10344573000,449874513.3,8039785000,1.82E+11,26330000000,1231000000,
2015-08-11,1.29E+11,82397420000,10360116000,443625396.9,8150345000,1.80E+11,26080000000,1213000000,
2015-08-12,1.31E+11,82053000000,10204686000,447152126,7998325000,1.80E+11,26270000000,1225000000,
2015-08-13,1.29E+11,81809880000,10266858000,446347784.2,8229810000,1.81E+11,25590000000,1261000000,
2015-08-14,1.29E+11,81961830000,10345986000,445667187.4,8292000000,1.82E+11,25580000000,1239000000,
2015-08-17,1.30E+11,82053000000,10461852000,448265829.9,8430200000,1.82E+11,25690000000,1250000000,
2015-08-18,1.29E+11,82296120000,10473156000,446038422,8305820000,1.82E+11,25800000000,1231000000,
2015-08-19,1.28E+11,82002350000,10464678000,436819428.4,8271270000,1.82E+11,25040000000,1205000000,
2015-08-20,1.24E+11,79783880000,10134036000,428714138.8,7936135000,1.81E+11,24470000000,1194000000,
2015-08-21,1.19E+11,78031390000,9752526000,417205864.9,7486985000,1.74E+11,24040000000,1157000000,
2015-08-24,1.13E+11,75620450000,9571662000,400871540.6,7331510000,1.67E+11,23210000000,1125000000,
2015-08-25,1.12E+11,74475760000,9604161000,400933413.1,7421340000,1.64E+11,22940000000,1135000000,
2015-08-26,1.18E+11,76613190000,9987084000,407306274.4,7673555000,1.73E+11,23030000000,1161000000,
2015-08-27,1.20E+11,77879440000,10149579000,418938293.2,7732290000,1.77E+11,24230000000,1168000000,
2015-08-28,1.20E+11,77646450000,10119906000,423083746.7,7702922500,1.77E+11,24420000000,1165000000,
2015-08-31,1.17E+11,77717360000,10002627000,426857965.6,7711560000,1.75E+11,24550000000,1158000000,
2015-09-01,1.13E+11,74962000000,9947520000,407863126.4,7639005000,1.69E+11,23600000000,1114000000,
2015-09-02,1.17E+11,75914220000,10094472000,413246028.7,8129615000,1.70E+11,23470000000,1111000000,
2015-09-03,1.15E+11,76238380000,10016757000,417762716.8,8091610000,1.72E+11,23840000000,1135000000,
2015-09-04,1.13E+11,75043040000,10005453000,419185783,8195260000,1.69E+11,23360000000,1114000000,
2015-09-08,1.19E+11,76471370000,10214577000,428714138.8,8592585000,1.73E+11,23560000000,1238000000,
2015-09-09,1.16E+11,76096560000,10050669000,429642225.4,8596040000,1.70E+11,23380000000,1204000000,
2015-09-10,1.18E+11,76289030000,10122732000,428961628.5,8768790000,1.72E+11,23400000000,1241000000,
2015-09-11,1.18E+11,76481500000,10201860000,429765970.2,8872440000,1.73E+11,22850000000,1247000000,
2015-09-14,1.16E+11,76116820000,10217403000,425187409.7,9097015000,1.71E+11,23120000000,1229000000,
2015-09-15,1.17E+11,77494500000,10264032000,432797719.8,9110835000,1.73E+11,22890000000,1221000000,
2015-09-16,1.16E+11,78325160000,10365768000,438118749.7,9207575000,1.74E+11,23620000000,1249000000,
2015-09-17,1.18E+11,78061780000,10385550000,435148872.6,9335410000,1.74E+11,23690000000,1245000000,
2015-09-18,1.16E+11,76937350000,10362942000,425744261.6,9297405000,1.71E+11,23640000000,1235000000,
2015-09-21,1.13E+11,77737620000,10355877000,432921464.7,9273220000,1.73E+11,24490000000,1269000000,
2015-09-22,1.12E+11,76694230000,10324791000,420980083.7,9100470000,1.72E+11,24000000000,1239000000,
2015-09-23,1.12E+11,76613190000,10435005000,415102201.9,9197210000,1.74E+11,23240000000,1237000000,
2015-09-24,1.10E+11,75660970000,10509894000,405388228.8,9117745000,1.72E+11,23240000000,1223000000,
2015-09-25,1.06E+11,76076300000,10704888000,404778620.3,9211030000,1.73E+11,23500000000,1222000000,
2015-09-28,1.02E+11,74293420000,10439244000,400027983.5,8803340000,1.65E+11,22010000000,1176000000,
2015-09-29,1.03E+11,74050300000,10160883000,398992588.3,8703145000,1.68E+11,21850000000,1157000000,
2015-09-30,1.06E+11,73907610000,10169361000,408250239.5,8797878000,1.71E+11,22390000000,1188000000,
2015-10-01,1.07E+11,73668330000,10053495000,406179449.1,8954922000,1.72E+11,22610000000,1191000000,
2015-10-02,1.09E+11,74186770000,10015344000,413244498.7,8951508000,1.74E+11,23040000000,1183000000,
2015-10-05,1.10E+11,77068100000,10194795000,429932633.3,9043686000,1.77E+11,24250000000,1215000000,
2015-10-06,1.08E+11,76679270000,9995562000,433708780.5,8705700000,1.77E+11,24450000000,1184000000,
2015-10-07,1.13E+11,76948460000,9770895000,442722809.3,8750082000,1.80E+11,25020000000,1147000000,
2015-10-08,1.15E+11,76948460000,10074690000,453320383.8,8623764000,1.82E+11,24990000000,1158000000,
2015-10-09,1.14E+11,77098010000,10037952000,447534351.8,8910540000,1.82E+11,24690000000,1174000000,
2015-10-12,1.17E+11,77078070000,9999801000,439312095.7,9170004000,1.84E+11,24700000000,1168000000,
2015-10-13,1.13E+11,76370200000,9889587000,428470898.8,8449650000,1.84E+11,24490000000,1169000000,
2015-10-14,1.13E+11,75941490000,9681876000,423293922.8,8302848000,1.82E+11,24780000000,1162000000,
2015-10-15,1.17E+11,76509780000,9686115000,424451129.2,8323332000,1.85E+11,24790000000,1193000000,
2015-10-16,1.17E+11,76978370000,9899478000,418640081.9,8227740000,1.87E+11,24750000000,1187000000,
2015-10-19,1.18E+11,76769000000,10009692000,422738399.5,8425752000,1.89E+11,24140000000,1211000000,
2015-10-20,1.15E+11,76719150000,9857088000,417416703.5,8388198000,1.87E+11,24480000000,1259000000,
2015-10-21,1.15E+11,76280470000,9916434000,412339683.3,8282364000,1.85E+11,24170000000,1254000000,
2015-10-22,1.16E+11,72282500000,9797742000,438275304.9,8405268000,1.88E+11,24280000000,1263000000,
2015-10-23,1.19E+11,74366230000,8988093000,444698041.4,8524758000,1.89E+11,24170000000,1272000000,
2015-10-26,1.21E+11,73967430000,9250911000,442985311.7,8948094000,1.92E+11,23870000000,1286000000,
2015-10-27,1.24E+11,73787970000,9342756000,436256730.6,8657904000,1.90E+11,23660000000,1255000000,
2015-10-28,1.24E+11,74226650000,9611226000,450814933.3,8412096000,1.94E+11,24060000000,1177000000,
2015-10-29,1.23E+11,73997340000,9590031000,451548960.4,8511102000,1.93E+11,24010000000,1128000000,
2015-10-30,1.21E+11,73040220000,9573075000,448979865.8,8480376000,1.91E+11,23820000000,1146000000,
2015-10-31,1.21E+11,73040220000,9545975000,448979865.8,8480376000,1.91E+11,23820000000,1146000000,
2015-11-02,1.24E+11,73718180000,9615016000,456625980.6,8780808000,1.85E+11,23900000000,1117000000,
2015-11-03,1.24E+11,73807910000,9748871000,465373136.1,8674974000,1.91E+11,24120000000,1107000000,
2015-11-04,1.24E+11,73847790000,9637560000,468064568.5,8545242000,1.93E+11,24300000000,1103000000,
2015-11-05,1.23E+11,73708210000,9716464000,468492750.9,8787636000,1.95E+11,24360000000,1096000000,
2015-11-06,1.23E+11,74077100000,9437482000,464761446.9,8907126000,1.93E+11,23090000000,1074000000,
2015-11-09,1.22E+11,73199740000,9471298000,459256244.2,8791050000,1.92E+11,23050000000,1050000000,
2015-11-10,1.21E+11,73149890000,9250085000,460479622.5,8992476000,1.95E+11,22840000000,1039000000,
2015-11-11,1.20E+11,72691270000,8761162000,457298838.7,8999304000,1.95E+11,22520000000,1015000000,
2015-11-12,1.15E+11,71764060000,8644215000,442862973.9,8794464000,1.92E+11,21960000000,1011000000,
2015-11-13,1.16E+11,70986400000,8177836000,438336473.8,8603280000,1.92E+11,21990000000,1012000000,
2015-11-16,1.18E+11,71445020000,8332826000,441456088.7,8541828000,1.94E+11,22630000000,1020000000,
2015-11-17,1.20E+11,70896670000,8383550000,437847122.5,8516223000,1.94E+11,22620000000,1020000000,
2015-11-18,1.23E+11,71933550000,8611808000,450876102.2,8695458000,1.98E+11,22930000000,1030000000,
2015-11-19,1.22E+11,72521780000,8669577000,453689872.5,8763738000,1.97E+11,23220000000,1105000000,
2015-11-20,1.22E+11,72202740000,9161318000,455708446.9,8825190000,1.97E+11,23130000000,1124000000,
2015-11-23,1.24E+11,72023280000,9166954000,455708446.9,8804706000,1.97E+11,22790000000,1119000000,
2015-11-24,1.24E+11,71415110000,9192316000,460968973.9,8651076000,1.96E+11,23080000000,1136000000,
2015-11-25,1.25E+11,71474930000,9305036000,459378582,8562312000,1.95E+11,22870000000,1152000000,
2015-11-27,1.25E+11,71634450000,9334625000,461091311.7,8610108000,1.96E+11,22600000000,1153000000,
2015-11-30,1.23E+11,71425080000,9158500000,461580663.1,8446236000,1.94E+11,22400000000,1147000000,
2015-12-01,1.24E+11,71983400000,9254312000,457910527.9,8719356000,1.96E+11,22990000000,1187000000,
2015-12-02,1.23E+11,70986400000,9283901000,453812210.4,8736426000,1.94E+11,22700000000,1185000000,
2015-12-03,1.18E+11,70208740000,9004919000,451548960.4,8432580000,1.92E+11,22130000000,1151000000,
2015-12-04,1.23E+11,70886700000,9282492000,451120777.9,8698872000,1.98E+11,22170000000,1145000000,
2015-12-07,1.21E+11,70398170000,9345897000,446533109,9043686000,1.95E+11,21660000000,1131000000,
2015-12-08,1.22E+11,69700270000,9379713000,437235433.3,8910540000,1.94E+11,21390000000,1190000000,
2015-12-09,1.21E+11,69650420000,9361396000,434176987.3,8647662000,1.91E+11,22870000000,1187000000,
2015-12-10,1.22E+11,69899670000,9450163000,433014777.9,8685216000,1.92E+11,23230000000,1162000000,
2015-12-11,1.19E+11,68653420000,9355760000,426102690,8000709000,1.87E+11,22740000000,1136000000,
2015-12-14,1.21E+11,68623510000,9303627000,420597487.3,7893168000,1.89E+11,23900000000,1136000000,
2015-12-15,1.24E+11,69939550000,8996465000,420719825.2,7920480000,1.93E+11,24250000000,1158000000,
2015-12-16,1.26E+11,70497870000,9169772000,424818142.7,7913652000,1.96E+11,24780000000,1178000000,
2015-12-17,1.23E+11,69361290000,9019009000,424818142.7,7766850000,1.93E+11,23680000000,1155000000,
2015-12-18,1.21E+11,67666390000,9057052000,426347365.7,7701984000,1.88E+11,23260000000,1145000000,
2015-12-21,1.22E+11,68194800000,9019009000,431118541.4,7958034000,1.90E+11,22720000000,1169000000,
2015-12-22,1.24E+11,68643450000,9390985000,441211413,7978518000,1.90E+11,23020000000,1174000000,
2015-12-23,1.24E+11,69760090000,9440300000,448368176.6,7958034000,1.93E+11,23990000000,1197000000,
2015-12-24,1.25E+11,69949520000,9157091000,448123500.9,7964862000,1.92E+11,23930000000,1204000000,
2015-12-25,1.25E+11,69949520000,9157091000,12661452540,7964862000,1.92E+11,23930000000,1204000000,
2015-12-28,1.24E+11,69550720000,9195134000,12673550570,7951206000,1.93E+11,23570000000,1201000000,
2015-12-29,1.26E+11,70338350000,9255721000,12649354510,7993881000,1.95E+11,23590000000,1231000000,
2015-12-30,1.25E+11,69949520000,9150046000,12594049230,7855614000,1.93E+11,23090000000,1234000000,
2015-12-31,1.24E+11,69758650000,9171181000,12455786030,7744035000,1.88E+11,22900000000,1205000000,
2016-01-01,1.24E+11,69758650000,9171181000,12455786030,7744035000,1.88E+11,22900000000,1205000000,
2016-01-04,1.21E+11,67792770000,9202179000,12384926140,7480772000,1.84E+11,22830000000,1211000000,
2016-01-05,1.21E+11,66749650000,9331807000,12234564910,7448291500,1.85E+11,22640000000,1212000000,
2016-01-06,1.20E+11,64613260000,9190907000,11966679960,7470515000,1.83E+11,22270000000,1232000000,
2016-01-07,1.17E+11,64031520000,9079596000,11653859470,7104682000,1.79E+11,21390000000,1234000000,
2016-01-08,1.15E+11,63820890000,8834430000,11423996900,6933732000,1.77E+11,21590000000,1224000000,
2016-01-11,1.13E+11,64242150000,8823158000,11475845600,7005531000,1.80E+11,21680000000,1181000000,
2016-01-12,1.16E+11,64593200000,8928833000,11536335750,7138872000,1.82E+11,22180000000,1189000000,
2016-01-13,1.11E+11,63038550000,8686485000,11195862620,6832871500,1.78E+11,21650000000,1143000000,
2016-01-14,1.17E+11,63479870000,8672395000,11306473180,7070492000,1.79E+11,21990000000,1129000000,
2016-01-15,1.16E+11,63098730000,8545585000,11273635670,7073911000,1.75E+11,20720000000,1095000000,
2016-01-19,1.16E+11,62827920000,8861201000,11328940950,6926894000,1.73E+11,20770000000,1074000000,
2016-01-20,1.19E+11,63219090000,8769616000,11230428420,7121777000,1.72E+11,20870000000,1097000000,
2016-01-21,1.17E+11,62827920000,9096504000,11035131650,7118358000,1.74E+11,22050000000,1083000000,
2016-01-22,1.20E+11,55225180000,9186680000,11211417230,7354269000,1.77E+11,23270000000,1094000000,
2016-01-25,1.18E+11,55185060000,9083823000,10985011240,7374783000,1.74E+11,22600000000,1089000000,
2016-01-26,1.18E+11,55255270000,9317717000,12056551040,7378202000,1.75E+11,23520000000,1112000000,
2016-01-27,1.15E+11,54683560000,9259948000,11930385870,7265375000,1.72E+11,23570000000,1104000000,
2016-01-28,1.14E+11,53038640000,9483979000,12149878700,6810648000,1.68E+11,24290000000,1110000000,
2016-01-29,1.17E+11,53660500000,9519204000,12561211720,7285889000,1.81E+11,24280000000,1127000000,
2016-01-31,1.17E+11,53660500000,9512448000,12561211720,7285889000,1.81E+11,24280000000,1127000000,
2016-02-01,1.17E+11,54864100000,9729280000,12080747100,7651722000,1.81E+11,24170000000,1117000000,
2016-02-02,1.15E+11,53820980000,9734912000,11935570740,7279051000,1.78E+11,23780000000,1130000000,
2016-02-03,1.15E+11,54272330000,9643392000,12129139220,7125196000,1.81E+11,24520000000,1147000000,
2016-02-04,1.15E+11,54543140000,9581440000,12564668300,7097844000,1.79E+11,25070000000,1113000000,
2016-02-05,1.11E+11,54141940000,9266048000,12581951200,6735430000,1.74E+11,24940000000,1094000000,
2016-02-08,1.10E+11,52557200000,9083008000,12448872870,6612346000,1.65E+11,24540000000,1038000000,
2016-02-09,1.10E+11,52787890000,8960512000,12383197850,6865352000,1.66E+11,24200000000,1027000000,
2016-02-10,1.11E+11,52446870000,9006976000,12282957030,6882447000,1.70E+11,24330000000,1034000000,
2016-02-11,1.08E+11,51263330000,9008384000,12364186660,7005531000,1.66E+11,24320000000,1007000000,
2016-02-12,1.11E+11,52817980000,9285760000,12580222910,7265375000,1.71E+11,24640000000,1036000000,
2016-02-16,1.13E+11,53339540000,9529344000,12920696040,7330336000,1.73E+11,24800000000,1070000000,
2016-02-17,1.16E+11,53770830000,9526528000,13302648130,7344012000,1.75E+11,25610000000,1091000000,
2016-02-18,1.14E+11,54312450000,9433600000,13192037570,7282470000,1.73E+11,25690000000,1169000000,
2016-02-19,1.15E+11,54874130000,9504000000,13143645450,7302984000,1.74E+11,25510000000,1233000000,
2016-02-22,1.14E+11,55796890000,9468800000,13453009360,7655141000,1.78E+11,26030000000,1243000000,
2016-02-23,1.13E+11,55275330000,9322368000,13245614560,7703007000,1.75E+11,25930000000,1257000000,
2016-02-24,1.13E+11,54803920000,9401216000,13257712590,7990203000,1.75E+11,26040000000,1295000000,
2016-02-25,1.12E+11,55556170000,9437824000,13245614560,7932080000,1.78E+11,25260000000,1371000000,
2016-02-26,1.13E+11,55546140000,9030912000,13300919840,7624370000,1.77E+11,25820000000,1344000000,
2016-02-29,1.09E+11,55746740000,8800000000,13535967280,7521800000,1.76E+11,25780000000,1345000000,
2016-03-01,1.14E+11,56970400000,8936576000,13729535760,7624370000,1.81E+11,25810000000,1384000000,
2016-03-02,1.13E+11,57291360000,8954880000,13772743010,7658560000,1.81E+11,25590000000,1351000000,
2016-03-03,1.12E+11,58264270000,8904192000,13814221970,7607275000,1.80E+11,25850000000,1393000000,
2016-03-04,1.12E+11,58464870000,8870400000,14120129300,7514962000,1.80E+11,25980000000,1399000000,
2016-03-07,1.13E+11,59177000000,8780288000,14298143170,7487610000,1.75E+11,26150000000,1395000000,
2016-03-08,1.11E+11,59608290000,8932352000,14177162870,6807229000,1.72E+11,25970000000,1382000000,
2016-03-09,1.08E+11,59227150000,8829568000,14059639150,6868771000,1.72E+11,26070000000,1429000000,
2016-03-10,1.08E+11,58926250000,8923904000,13964583200,6838000000,1.71E+11,25050000000,1396000000,
2016-03-11,1.11E+11,59638380000,9030912000,14066552310,6892704000,1.74E+11,25260000000,1425000000,
2016-03-14,1.11E+11,59748710000,9050624000,13936930560,6875609000,1.74E+11,25120000000,1423000000,
2016-03-15,1.10E+11,59407690000,8888704000,13961126620,6926894000,1.75E+11,25460000000,1589000000,
2016-03-16,1.10E+11,59879100000,8945024000,14177162870,6926894000,1.76E+11,25780000000,1595000000,
2016-03-17,1.10E+11,60260240000,9168896000,14483070200,6793553000,1.78E+11,26750000000,1606000000,
2016-03-18,1.11E+11,61403660000,9182976000,14579854440,6943989000,1.79E+11,26440000000,1584000000,
2016-03-21,1.13E+11,61393630000,9384320000,14552201800,6896123000,1.79E+11,26010000000,1584000000,
2016-03-22,1.15E+11,60791830000,9319552000,14301599750,6882447000,1.77E+11,26550000000,1578000000,
2016-03-23,1.14E+11,60811890000,8981632000,14057910860,7032883000,1.80E+11,26390000000,1558000000,
2016-03-24,1.14E+11,60651410000,8936576000,14227283280,6920056000,1.80E+11,26540000000,1568000000,
2016-03-25,1.14E+11,60651410000,8936576000,489035119.1,6920056000,1.80E+11,26540000000,1568000000,
2016-03-28,1.14E+11,60460840000,9180160000,485233096.8,7108101000,1.80E+11,26700000000,1590000000,
2016-03-29,1.15E+11,60781800000,9266048000,500441186,7193576000,1.83E+11,26650000000,1603000000,
2016-03-30,1.15E+11,60470870000,9256192000,498837207.8,7275632000,1.87E+11,27500000000,1690000000,
2016-03-31,1.14E+11,59128200000,9081600000,498777801.2,7166016000,1.84E+11,27600000000,1704000000,
2016-04-01,1.17E+11,58839300000,8976000000,511015560.5,7237269000,1.86E+11,26780000000,1741000000,
2016-04-04,1.18E+11,58377060000,8942208000,494203493.2,6925113000,1.87E+11,26580000000,1725000000,
2016-04-05,1.16E+11,57962970000,8842240000,490579690.7,6816537000,1.85E+11,26020000000,1710000000,
2016-04-06,1.21E+11,57664440000,8907008000,494144086.6,6782607000,1.88E+11,26400000000,1719000000,
2016-04-07,1.20E+11,56682180000,8781696000,488144020.1,6595992000,1.86E+11,26370000000,1711000000,
2016-04-08,1.19E+11,57298500000,8716928000,492421295.2,6572241000,1.87E+11,27150000000,1752000000,
2016-04-11,1.19E+11,57587400000,8371968000,494441119.6,6497595000,1.87E+11,27440000000,1724000000,
2016-04-12,1.21E+11,58434840000,8445184000,502876856.5,6484023000,1.89E+11,27570000000,1708000000,
2016-04-13,1.22E+11,59860080000,8725376000,508995736.2,6779214000,1.91E+11,27440000000,1703000000,
2016-04-14,1.22E+11,60197130000,8647936000,503173889.5,6989580000,1.93E+11,27580000000,1667000000,
2016-04-15,1.22E+11,59840820000,8645120000,505499808.9,7067619000,1.92E+11,27480000000,1652000000,
2016-04-18,1.23E+11,60274170000,8800000000,506155837.4,7121907000,1.96E+11,28040000000,1648000000,
2016-04-19,1.23E+11,61217910000,8695808000,509555258.1,7220304000,1.94E+11,28580000000,1657000000,
2016-04-20,1.24E+11,62614260000,8633856000,490411152.5,7121907000,1.95E+11,28680000000,1645000000,
2016-04-21,1.25E+11,63182430000,8512768000,477350220.7,6965829000,1.94E+11,28580000000,1613000000,
2016-04-22,1.24E+11,63490590000,8505728000,480451446.5,6935292000,1.90E+11,28210000000,1595000000,
2016-04-25,1.24E+11,63269100000,8498688000,474905023.4,6911541000,1.88E+11,28120000000,1595000000,
2016-04-26,1.24E+11,63750600000,8628224000,480630363.4,6897969000,1.89E+11,28350000000,1648000000,
2016-04-27,1.22E+11,63779490000,8719744000,479556862.1,6989580000,1.89E+11,28760000000,1625000000,
2016-04-28,1.22E+11,63403920000,8654976000,470611018.4,6826716000,1.87E+11,29100000000,1659000000,
2016-04-29,1.20E+11,63009090000,8650752000,467509792.6,6714747000,1.85E+11,29130000000,1627000000,
2016-04-30,1.20E+11,63009090000,8466432000,467509792.6,6714747000,1.85E+11,29130000000,1627000000,
2016-05-02,1.21E+11,63249840000,8549112000,469000766.5,6731712000,1.88E+11,29250000000,1639000000,
2016-05-03,1.19E+11,62450550000,8477456000,466913403,6762249000,1.85E+11,28490000000,1621000000,
2016-05-04,1.17E+11,61882380000,8522930000,461545896.8,6558669000,1.85E+11,28120000000,1639000000,
2016-05-05,1.17E+11,61554960000,8325876000,460889868.2,6558669000,1.86E+11,28180000000,1719000000,
2016-05-06,1.16E+11,62123130000,8375484000,472638743,6446700000,1.87E+11,27970000000,1762000000,
2016-05-09,1.18E+11,61612740000,8565648000,470611018.4,6602778000,1.88E+11,27680000000,1779000000,
2016-05-10,1.20E+11,62440920000,8409934000,480451446.5,6562062000,1.90E+11,28020000000,1802000000,
2016-05-11,1.17E+11,62200170000,8098506000,477350220.7,6467058000,1.86E+11,28280000000,1809000000,
2016-05-12,1.16E+11,61959420000,8135712000,483731589.2,6165081000,1.87E+11,28310000000,1785000000,
2016-05-13,1.16E+11,61747560000,7917988000,477409859.6,6202404000,1.84E+11,28070000000,1751000000,
2016-05-16,1.16E+11,61699410000,8172918000,480093612.8,6215976000,1.87E+11,28680000000,1811000000,
2016-05-17,1.14E+11,60437880000,8076458000,477052025.9,6219369000,1.84E+11,28680000000,1749000000,
2016-05-18,1.15E+11,61169760000,7871136000,470611018.4,6205797000,1.86E+11,28170000000,1779000000,
2016-05-19,1.13E+11,60418620000,8068190000,465004956.4,6080256000,1.85E+11,28310000000,1787000000,
2016-05-20,1.14E+11,61554960000,7547306000,470968852.2,6144723000,1.86E+11,28610000000,1784000000,
2016-05-23,1.13E+11,61237170000,7452224000,473592966.3,6009003000,1.85E+11,28360000000,1771000000,
2016-05-24,1.16E+11,62469810000,7456358000,480570724.4,6131151000,1.91E+11,28620000000,1785000000,
2016-05-25,1.18E+11,62893530000,7556952000,478781555.7,6120972000,1.90E+11,29030000000,1765000000,
2016-05-26,1.18E+11,62816490000,7539038000,477827332.3,5995431000,1.90E+11,29170000000,1767000000,
2016-05-27,1.19E+11,63095760000,7585890000,480511085.5,6192225000,1.91E+11,29380000000,1781000000,
2016-05-31,1.20E+11,63326880000,7705776000,478721916.7,6083649000,1.90E+11,29100000000,1776000000,
2016-06-01,1.20E+11,63471330000,7565220000,480809280.2,6083649000,1.90E+11,29670000000,1784000000,
2016-06-02,1.22E+11,63952830000,7590024000,487906316.3,6097221000,1.92E+11,29790000000,1819000000,
2016-06-03,1.21E+11,63066870000,7558330000,483433394.4,6015789000,1.92E+11,30140000000,1823000000,
2016-06-06,1.22E+11,63500220000,7522502000,487131009.8,6093828000,1.93E+11,30810000000,1797000000,
2016-06-07,1.21E+11,63452070000,7603804000,485818952.7,6294015000,1.94E+11,30730000000,1980000000,
2016-06-08,1.20E+11,63808380000,7617584000,486773176.1,6226155000,1.96E+11,30370000000,2009000000,
2016-06-09,1.19E+11,63278730000,7668570000,483850867.1,6253299000,1.95E+11,30470000000,2022000000,
2016-06-10,1.18E+11,62566110000,7674082000,477350220.7,6137937000,1.93E+11,30070000000,1970000000,
2016-06-13,1.16E+11,61314210000,7581756000,474606828.6,5873283000,1.88E+11,30070000000,1941000000,
2016-06-14,1.16E+11,58810410000,7529392000,475501413,5690061000,1.89E+11,30120000000,1926000000,
2016-06-15,1.15E+11,59147460000,7474272000,472996576.7,5652738000,1.88E+11,29970000000,1960000000,
2016-06-16,1.16E+11,59638590000,7344740000,470909213.2,5588271000,1.88E+11,30070000000,1936000000,
2016-06-17,1.14E+11,59571180000,7392970000,473771883.2,5530590000,1.85E+11,30450000000,1937000000,
2016-06-20,1.14E+11,59994900000,7402616000,483671950.2,5533983000,1.86E+11,30750000000,1946000000,
2016-06-21,1.14E+11,59985270000,7435688000,480272529.6,5544162000,1.86E+11,31340000000,1938000000,
2016-06-22,1.14E+11,59657850000,7379190000,481346030.9,5496660000,1.84E+11,31230000000,1870000000,
2016-06-23,1.16E+11,60909750000,7322692000,492259960.2,5527197000,1.88E+11,31560000000,1876000000,
2016-06-24,1.11E+11,57837780000,7318558000,464084666.3,5245578000,1.80E+11,30950000000,1742000000,
2016-06-27,1.10E+11,55536210000,7136662000,449050431.5,5140395000,1.76E+11,30740000000,1625000000,
2016-06-28,1.13E+11,55757700000,7190404000,454081808.9,5337189000,1.80E+11,30750000000,1742000000,
2016-06-29,1.14E+11,57423690000,7590024000,463186206.1,5567913000,1.84E+11,31370000000,1703000000,
2016-06-30,1.15E+11,57175160000,7559708000,473129166.1,5655240000,1.77E+11,31790000000,1713000000,
2016-07-01,1.17E+11,57109290000,7567976000,469774914.5,5682560000,1.78E+11,32290000000,1713000000,
2016-07-05,1.17E+11,55660150000,7566598000,463485692.8,5621090000,1.78E+11,32390000000,1947000000,
2016-07-06,1.18E+11,55970680000,7696130000,459292878.3,5600600000,1.77E+11,32770000000,1971000000,
2016-07-07,1.18E+11,56281210000,7627230000,464803434.5,5685975000,1.78E+11,32490000000,1989000000,
2016-07-08,1.22E+11,57862090000,7911098000,476303725.7,5843065000,1.82E+11,32500000000,1977000000,
2016-07-11,1.21E+11,58492560000,8007558000,481934076.6,5887460000,1.83E+11,32280000000,1969000000,
2016-07-12,1.22E+11,59283000000,8043386000,483850791.7,6150415000,1.85E+11,32510000000,2051000000,
2016-07-13,1.21E+11,59377100000,7986888000,481095513.7,6218715000,1.85E+11,32880000000,2033000000,
2016-07-14,1.23E+11,59857010000,7953816000,482772639.5,6341655000,1.86E+11,33100000000,2013000000,
2016-07-15,1.23E+11,60016980000,7944170000,483133501,6365560000,1.87E+11,33220000000,2006000000,
2016-07-18,1.23E+11,60214590000,8104018000,481028475.2,6321165000,1.87E+11,32820000000,1999000000,
2016-07-19,1.23E+11,60374560000,8053032000,479043736.5,6246035000,1.88E+11,32700000000,1985000000,
2016-07-20,1.23E+11,60675680000,8036496000,482832783,6191395000,1.89E+11,32460000000,1974000000,
2016-07-21,1.24E+11,59687630000,8077836000,441273558.7,5942100000,1.88E+11,32460000000,1956000000,
2016-07-22,1.25E+11,60487480000,8155004000,443739446.1,6003570000,1.91E+11,36630000000,1965000000,
2016-07-25,1.26E+11,60534530000,8161894000,447107487.4,5901120000,1.88E+11,36520000000,1963000000,
2016-07-26,1.27E+11,60572170000,8197722000,449994380,6375805000,1.87E+11,36420000000,1956000000,
2016-07-27,1.29E+11,60779190000,8212880000,447528492.6,6338240000,1.87E+11,36090000000,1969000000,
2016-07-28,1.29E+11,60967390000,8167406000,440912697.1,6389465000,1.89E+11,36700000000,2025000000,
2016-07-29,1.30E+11,60656860000,8215636000,445122748.8,6259695000,1.86E+11,37080000000,2058000000,
2016-07-31,1.30E+11,60656860000,8078510000,445122748.8,6259695000,1.86E+11,37080000000,2058000000,
2016-08-01,1.32E+11,60346330000,8105610000,443679302.5,6215300000,1.87E+11,36580000000,2025000000,
2016-08-02,1.32E+11,59725270000,7888810000,440010543.2,5808915000,1.87E+11,37030000000,2039000000,
2016-08-03,1.31E+11,60064030000,7934880000,440491692,5771350000,1.88E+11,36960000000,1991000000,
2016-08-04,1.31E+11,60167540000,7899650000,441393845.9,5815745000,1.90E+11,37200000000,2189000000,
2016-08-05,1.31E+11,61654320000,7966045000,444641600,5894290000,1.91E+11,37010000000,2297000000,
2016-08-08,1.30E+11,61946030000,7987725000,444822030.8,5856725000,1.91E+11,37530000000,2291000000,
2016-08-09,1.30E+11,61531990000,7909135000,443559015.3,5805500000,1.91E+11,37700000000,2356000000,
2016-08-10,1.29E+11,60920340000,7918620000,442055425.4,5849895000,1.90E+11,37580000000,2351000000,
2016-08-11,1.30E+11,61616680000,8177425000,445303179.6,5829405000,1.91E+11,38160000000,2342000000,
2016-08-12,1.31E+11,61522580000,8284470000,443077866.6,5767935000,1.91E+11,38290000000,2330000000,
2016-08-15,1.32E+11,61757830000,8289890000,444641600,5822575000,1.93E+11,38540000000,2351000000,
2016-08-16,1.30E+11,61447300000,8250595000,441032984.3,5740615000,1.93E+11,38210000000,2313000000,
2016-08-17,1.32E+11,61804880000,8184200000,441574276.7,5706465000,1.93E+11,37980000000,2311000000,
2016-08-18,1.32E+11,61757830000,8357640000,443859733.3,5685975000,1.92E+11,38270000000,2363000000,
2016-08-19,1.31E+11,61663730000,9280395000,449092226.1,5518640000,1.92E+11,38110000000,2333000000,
2016-08-22,1.32E+11,61503760000,9247875000,450776246.8,5481075000,1.93E+11,38120000000,2306000000,
2016-08-23,1.32E+11,61804880000,9273620000,454625436.9,5450340000,1.93E+11,37940000000,2260000000,
2016-08-24,1.29E+11,61315560000,9243810000,450054523.6,5501565000,1.92E+11,37410000000,2229000000,
2016-08-25,1.29E+11,61165000000,9066305000,451618257.1,5467415000,1.92E+11,37340000000,2209000000,
2016-08-26,1.30E+11,60967390000,9016170000,452760985.4,5399115000,1.92E+11,37000000000,2211000000,
2016-08-29,1.30E+11,61654320000,9002620000,454324718.9,5382040000,1.93E+11,36980000000,2207000000,
2016-08-30,1.29E+11,61588450000,8888800000,450174810.8,5494735000,1.94E+11,36560000000,2215000000,
2016-08-31,1.29E+11,61710780000,8894220000,443077866.6,5446925000,1.93E+11,36360000000,2197000000,
2016-09-01,1.29E+11,61033260000,8879315000,440311261.2,5399115000,1.94E+11,36940000000,2206000000,
2016-09-02,1.28E+11,61343790000,8943000000,451497969.9,5412775000,1.96E+11,37350000000,2258000000,
2016-09-06,1.29E+11,61880160000,8941645000,447528492.6,5556205000,1.97E+11,36980000000,2235000000,
2016-09-07,1.29E+11,62284790000,9001265000,449573374.8,5713295000,1.99E+11,37170000000,2175000000,
2016-09-08,1.29E+11,62331840000,8929450000,441694563.9,5720125000,1.98E+11,37780000000,2131000000,
2016-09-09,1.26E+11,61277920000,8751945000,431410009.1,5539130000,1.94E+11,37360000000,2084000000,
2016-09-12,1.30E+11,62011900000,8857635000,442476430.6,5730370000,1.98E+11,37730000000,2093000000,
2016-09-13,1.28E+11,60562760000,8769560000,435740347.9,5870385000,1.95E+11,36860000000,2050000000,
2016-09-14,1.29E+11,59734680000,8818340000,438627240.5,5866970000,1.94E+11,36960000000,2032000000,
2016-09-15,1.31E+11,60064030000,8929450000,446987200.2,5986495000,1.96E+11,37420000000,2097000000,
2016-09-16,1.31E+11,59904060000,8956550000,441514133.1,5856725000,1.96E+11,37470000000,2082000000,
2016-09-19,1.30E+11,60280460000,9027010000,444521312.8,5880630000,1.97E+11,37590000000,2053000000,
2016-09-20,1.31E+11,59960520000,8915900000,440010543.2,5887460000,1.97E+11,37510000000,2075000000,
2016-09-21,1.31E+11,60487480000,9013460000,445182892.4,5870385000,1.99E+11,38120000000,2084000000,
2016-09-22,1.33E+11,60816830000,9090695000,456129026.7,5907950000,1.99E+11,38620000000,2102000000,
2016-09-23,1.32E+11,60082850000,9087985000,442693504.9,5897705000,1.97E+11,38240000000,2072000000,
2016-09-26,1.31E+11,59678220000,9157090000,439743820.2,5785010000,1.95E+11,37690000000,2020000000,
2016-09-27,1.30E+11,60487480000,9224840000,441308959,5918195000,1.96E+11,37650000000,2013000000,
2016-09-28,1.28E+11,60431020000,9193675000,446606352.1,5995032500,1.98E+11,38110000000,2033000000,
2016-09-29,1.25E+11,59631170000,9055465000,440345796.7,5856725000,1.95E+11,38080000000,1963000000,
2016-09-30,1.26E+11,59108920000,9176060000,445462596.8,5915044000,2.00E+11,39140000000,1965000000,
2016-10-03,1.26E+11,58896630000,9148960000,444680027.3,6059146000,2.00E+11,39100000000,1923000000,
2016-10-04,1.26E+11,58988930000,9078500000,442813900.2,6117473000,2.00E+11,38650000000,1893000000,
2016-10-05,1.26E+11,59404280000,9212645000,454131058.1,6127766000,2.01E+11,38620000000,1960000000,
2016-10-06,1.26E+11,57170620000,9207225000,451602756.9,6045422000,2.01E+11,38360000000,1929000000,
2016-10-07,1.26E+11,57004480000,9356275000,434145438.9,5966509000,2.00E+11,38110000000,1904000000,
2016-10-10,1.27E+11,57133700000,9331885000,432399707.1,6120904000,2.01E+11,38990000000,1904000000,
2016-10-11,1.24E+11,56173780000,9285815000,421985514,6127766000,1.98E+11,37580000000,1875000000,
2016-10-12,1.23E+11,56016870000,9380665000,423791443.4,6096887000,1.99E+11,37970000000,1922000000,
2016-10-13,1.24E+11,55758430000,9280395000,429931603.5,6251282000,1.98E+11,38060000000,1891000000,
2016-10-14,1.22E+11,55518450000,9293945000,431927347.4,6120904000,1.99E+11,37890000000,1865000000,
2016-10-17,1.22E+11,55287700000,9199095000,434951201.6,6096887000,1.98E+11,38320000000,1865000000,
2016-10-18,1.23E+11,55453840000,9199095000,431685439,6100318000,1.97E+11,38900000000,1908000000,
2016-10-19,1.21E+11,56533750000,9230260000,438216964.3,6258144000,2.00E+11,39210000000,1982000000,
2016-10-20,1.22E+11,61637940000,9216710000,460533009,6381660000,1.99E+11,38790000000,1922000000,
2016-10-21,1.19E+11,62173280000,9204515000,462528752.8,6371367000,1.99E+11,38810000000,1944000000,
2016-10-24,1.20E+11,61924070000,9330530000,458416311,6433125000,2.01E+11,38080000000,1911000000,
2016-10-25,1.19E+11,61601020000,9214000000,453759575.4,6199817000,1.98E+11,37660000000,1898000000,
2016-10-26,1.20E+11,61656400000,9329175000,453820052.4,6021405000,1.97E+11,37770000000,1869000000,
2016-10-27,1.21E+11,61776390000,9045980000,451884785.7,5956216000,1.98E+11,37730000000,1819000000,
2016-10-28,1.09E+11,61333350000,9098825000,451219537.7,5921906000,1.98E+11,36340000000,1818000000,
2016-10-31,1.06E+11,61305660000,8947180000,452973373.2,5997388000,1.99E+11,36220000000,1814000000,
2016-11-01,1.06E+11,61148750000,8817200000,452550033.6,5928768000,1.97E+11,36360000000,1805000000,
2016-11-02,1.04E+11,60410350000,9002120000,450675244,5818976000,1.95E+11,34610000000,1810000000,
2016-11-03,1.02E+11,60299590000,8793080000,450675244,5808683000,1.95E+11,34550000000,1784000000,
2016-11-04,1.02E+11,60465730000,8866780000,454303869.1,5836131000,1.94E+11,34720000000,1777000000,
2016-11-07,1.05E+11,61841000000,9011500000,461561119.4,6124335000,1.99E+11,35080000000,1777000000,
2016-11-08,1.04E+11,61905610000,9039640000,461319211.1,6261575000,2.00E+11,35160000000,1813000000,
2016-11-09,1.10E+11,63447020000,9282180000,473777490.8,6337057000,2.01E+11,36010000000,1825000000,
2016-11-10,1.14E+11,64711530000,9598420000,478918043.1,6587520000,1.98E+11,35890000000,1907000000,
2016-11-11,1.12E+11,65071500000,9585020000,481276649.4,6604675000,1.98E+11,34930000000,1735000000,
2016-11-14,1.10E+11,66843660000,9574300000,492525387.4,6769363000,1.89E+11,34700000000,1687000000,
2016-11-15,1.11E+11,66889810000,9388040000,497121645.9,7012964000,1.90E+11,35380000000,1706000000,
2016-11-16,1.11E+11,66160640000,9342480000,492223002,6934051000,1.93E+11,38540000000,1656000000,
2016-11-17,1.11E+11,66252940000,9560900000,490106304,7115894000,1.96E+11,38660000000,1649000000,
2016-11-18,1.09E+11,65533000000,9618520000,489017716.4,7112463000,1.95E+11,38580000000,1655000000,
2016-11-21,1.10E+11,66031420000,9795400000,488231514.3,7091877000,1.97E+11,39320000000,1658000000,
2016-11-22,1.09E+11,66197560000,9826220000,494400177.1,7109032000,1.93E+11,39290000000,1688000000,
2016-11-23,1.09E+11,67268240000,9941460000,498452141.8,7198238000,1.92E+11,39220000000,1658000000,
2016-11-25,1.10E+11,67249780000,9906620000,501717904.5,7225686000,1.93E+11,39300000000,1648000000,
2016-11-28,1.09E+11,66575990000,9795400000,495549241.7,7067860000,1.91E+11,39180000000,1651000000,
2016-11-29,1.10E+11,65985270000,9706960000,491678708.2,7102170000,1.91E+11,38800000000,1637000000,
2016-11-30,1.08E+11,66492920000,9603780000,491255368.6,6892879000,1.87E+11,38720000000,1571000000,
2016-12-01,1.07E+11,66945190000,9873120000,496456398,6999240000,1.82E+11,38210000000,1522000000,
2016-12-02,1.08E+11,66326780000,9946820000,493976837.5,7181083000,1.83E+11,38160000000,1529000000,
2016-12-05,1.09E+11,66483690000,10192040000,498935958.5,7170790000,1.87E+11,38140000000,1526000000,
2016-12-06,1.09E+11,66742130000,10293880000,503048400.3,7270289000,1.86E+11,38430000000,1439000000,
2016-12-07,1.06E+11,68569670000,10523020000,508430861,7510459000,1.91E+11,39130000000,1490000000,
2016-12-08,1.06E+11,69141930000,10612800000,509761356.9,7489873000,1.91E+11,38920000000,1438000000,
2016-12-09,1.08E+11,69012710000,10465400000,511817577.8,7513890000,1.91E+11,38540000000,1458000000,
2016-12-12,1.10E+11,67914340000,10397060000,510063742.3,7417822000,1.89E+11,38790000000,1458000000,
2016-12-13,1.12E+11,68154320000,10326040000,509458971.4,7730043000,1.91E+11,39840000000,1508000000,
2016-12-14,1.12E+11,68366610000,10229560000,505588438,7599665000,1.91E+11,39180000000,1507000000,
2016-12-15,1.13E+11,69169620000,10218840000,508551815.2,7716319000,1.92E+11,38860000000,1532000000,
2016-12-16,1.12E+11,69225000000,10108960000,502262198.2,7609958000,1.89E+11,39890000000,1573000000,
2016-12-19,1.11E+11,68809650000,10094220000,508793723.5,7723181000,1.89E+11,39730000000,1539000000,
2016-12-20,1.11E+11,69280380000,10131740000,507947044.3,7819249000,1.89E+11,39630000000,1564000000,
2016-12-21,1.10E+11,69520360000,10060720000,504378896.2,7791801000,1.89E+11,39800000000,1593000000,
2016-12-22,1.10E+11,68837340000,9665420000,510003265.2,7613389000,1.88E+11,39950000000,1575000000,
2016-12-23,1.11E+11,69197310000,9614500000,508007521.4,7640837000,1.89E+11,39650000000,1572000000,
2016-12-27,1.12E+11,69206540000,9635940000,510426604.8,7644268000,1.89E+11,39830000000,1587000000,
2016-12-28,1.11E+11,68643510000,9532760000,503834602.5,7558493000,1.89E+11,38860000000,1576000000,
2016-12-29,1.11E+11,68228160000,9499260000,502625060.7,7596234000,1.89E+11,39050000000,1582000000,
2016-12-30,1.10E+11,68375840000,9499260000,13863649590,7692302000,1.88E+11,38990000000,1568000000,
2016-12-31,1.10E+11,69264800000,9499260000,13863649590,7320130000,1.89E+11,38990000000,1568000000,
2017-01-03,1.14E+11,70452250000,9611820000,13910367870,7310335000,1.92E+11,38970000000,1574000000,
2017-01-04,1.15E+11,71303100000,9782000000,14145627780,7395225000,1.94E+11,39360000000,1562000000,
2017-01-05,1.15E+11,70424200000,9617180000,13903693830,7271155000,1.96E+11,39860000000,1605000000,
2017-01-06,1.18E+11,70564450000,9485860000,14070544830,7127495000,1.99E+11,39710000000,1592000000,
2017-01-09,1.20E+11,70929100000,9496580000,14033837610,7199325000,1.98E+11,39790000000,1527000000,
2017-01-10,1.20E+11,71667750000,9505960000,14225716260,7349515000,1.97E+11,39530000000,1538000000,
2017-01-11,1.18E+11,71910850000,9429580000,14332500900,7437670000,1.98E+11,39850000000,1513000000,
2017-01-12,1.17E+11,71882800000,9426900000,14247406890,7124230000,1.97E+11,39970000000,1540000000,
2017-01-13,1.18E+11,71639700000,9453700000,14414257890,7104640000,1.97E+11,40240000000,1516000000,
2017-01-17,1.17E+11,71621000000,9343820000,14305804740,6967510000,1.97E+11,40890000000,1543000000,
2017-01-18,1.17E+11,72453150000,9292900000,14430942990,7016485000,1.98E+11,40370000000,1504000000,
2017-01-19,1.16E+11,71705150000,9185700000,14372545140,6974040000,1.98E+11,40160000000,1473000000,
2017-01-20,1.17E+11,71247000000,9264760000,14380887690,6990365000,1.98E+11,40510000000,1500000000,
2017-01-23,1.15E+11,71031950000,9217860000,14475992760,6869560000,1.99E+11,40740000000,1504000000,
2017-01-24,1.14E+11,72397050000,9227240000,14754633930,6993630000,2.02E+11,42190000000,1543000000,
2017-01-25,1.16E+11,71892150000,9272800000,14788004130,7107905000,2.03E+11,42620000000,1541000000,
2017-01-26,1.15E+11,71929550000,9271460000,14737948830,6889150000,2.02E+11,41900000000,1508000000,
2017-01-27,1.18E+11,71854750000,9113340000,14941507050,6415725000,2.03E+11,41210000000,1468000000,
2017-01-30,1.16E+11,72256800000,9175992000,14918147910,6321040000,2.03E+11,40610000000,1457000000,
2017-01-31,1.18E+11,71415300000,9259754000,14948181090,6402665000,2.00E+11,40790000000,1469000000,
2017-02-01,1.20E+11,71770600000,9228681000,15061639770,6327570000,2.00E+11,40730000000,1446000000,
2017-02-02,1.20E+11,71536850000,9359728000,14843064960,6324305000,1.99E+11,41000000000,1455000000,
2017-02-03,1.26E+11,72967400000,9394854000,15151739310,6366750000,2.08E+11,41420000000,1483000000,
2017-02-06,1.26E+11,72761700000,9284072000,15063308280,6366750000,2.08E+11,40870000000,1466000000,
2017-02-07,1.26E+11,72668200000,9231383000,15043286160,6157790000,2.08E+11,40290000000,1465000000,
2017-02-08,1.27E+11,72743000000,9412417000,15048291690,6298185000,2.06E+11,40600000000,1479000000,
2017-02-09,1.26E+11,73098300000,9631279000,15088335930,6520205000,2.07E+11,40770000000,1491000000,
2017-02-10,1.27E+11,73378800000,9621822000,15185109510,6464700000,2.08E+11,40910000000,1497000000,
2017-02-13,1.26E+11,73780850000,9515093000,15295231170,6477760000,2.09E+11,41240000000,1500000000,
2017-02-14,1.27E+11,74248350000,9543464000,15150070800,6418990000,2.10E+11,41160000000,1494000000,
2017-02-15,1.30E+11,74426000000,9506987000,15226822260,6500615000,2.12E+11,41060000000,1516000000,
2017-02-16,1.30E+11,74341850000,9524550000,15190115040,6477760000,2.12E+11,41080000000,1531000000,
2017-02-17,1.31E+11,74528850000,9592100000,15213474180,6565915000,2.12E+11,41030000000,1536000000,
2017-02-21,1.31E+11,74771950000,9619120000,15370314120,6562650000,2.13E+11,40810000000,1569000000,
2017-02-22,1.30E+11,74669100000,9594802000,15340280940,6503880000,2.13E+11,40790000000,1618000000,
2017-02-23,1.31E+11,74846750000,9265158000,15210137160,6402665000,2.13E+11,40690000000,1610000000,
2017-02-24,1.32E+11,74575600000,10133851000,15407021340,6389605000,2.14E+11,39970000000,1517000000,
2017-02-27,1.33E+11,74958950000,10268951000,15532159590,6520205000,2.13E+11,39940000000,1488000000,
2017-02-28,1.33E+11,74856100000,10223017000,15143396760,6516940000,2.13E+11,39870000000,1481000000,
2017-03-01,1.34E+11,76595200000,10266249000,15704016120,6693250000,2.15E+11,39660000000,1468000000,
2017-03-02,1.34E+11,74893500000,10348660000,15515474490,6494085000,2.14E+11,39570000000,1467000000,
2017-03-03,1.36E+11,74687800000,10344607000,15602237010,6595300000,2.15E+11,39420000000,1503000000,
2017-03-06,1.35E+11,74332500000,10271653000,15570535320,6337365000,2.15E+11,39790000000,1535000000,
2017-03-07,1.34E+11,74407300000,10229772000,15512137470,6288390000,2.16E+11,40250000000,1539000000,
2017-03-08,1.34E+11,73902400000,10437826000,15555518730,6327570000,2.15E+11,39630000000,1614000000,
2017-03-09,1.35E+11,74145500000,10332448000,15376988160,6227987500,2.16E+11,39580000000,1631000000,
2017-03-10,1.37E+11,74220300000,10401349000,15562192770,6543060000,2.17E+11,39870000000,1706000000,
2017-03-13,1.37E+11,74061350000,10263547000,15602237010,6543060000,2.18E+11,40190000000,1642000000,
2017-03-14,1.36E+11,74510150000,10248686000,15570535320,6407562500,2.17E+11,39270000000,1639000000,
2017-03-15,1.38E+11,74080050000,10300024000,15809132250,6559385000,2.18E+11,39800000000,1681000000,
2017-03-16,1.36E+11,74584950000,10240580000,15717364200,6536530000,2.18E+11,39980000000,1700000000,
2017-03-17,1.27E+11,74098750000,10223017000,15725706750,6582240000,2.18E+11,39790000000,1686000000,
2017-03-20,1.28E+11,73724750000,9994698000,15717364200,6624685000,2.16E+11,39550000000,1689000000,
2017-03-21,1.26E+11,72490550000,9923095000,15368645610,6451640000,2.13E+11,39660000000,1685000000,
2017-03-22,1.26E+11,72621450000,9839333000,15492115350,6464700000,2.14E+11,40030000000,1682000000,
2017-03-23,1.25E+11,72780400000,9843386000,15623927640,6503880000,2.15E+11,40110000000,1682000000,
2017-03-24,1.25E+11,73117000000,9806909000,15612248070,6510410000,2.16E+11,40060000000,1681000000,
2017-03-27,1.24E+11,72556000000,9835280000,15500457900,6624685000,2.15E+11,40440000000,1688000000,
2017-03-28,1.24E+11,73528400000,9881214000,15620590620,6797730000,2.16E+11,40380000000,1686000000,
2017-03-29,1.23E+11,73163750000,10185189000,15603905520,6738960000,2.16E+11,40200000000,1708000000,
2017-03-30,1.24E+11,74061350000,10182487000,15702347610,6768345000,2.15E+11,39840000000,1726000000,
2017-03-31,1.22E+11,71436330000,10106831000,15749998560,6931143000,2.14E+11,40010000000,1717000000,
2017-04-03,1.21E+11,70966770000,10044685000,15636231840,6941232000,2.15E+11,39740000000,1702000000,
2017-04-04,1.22E+11,70668780000,9787995000,15594405840,6897513000,2.14E+11,39970000000,1681000000,
2017-04-05,1.20E+11,70217280000,9619120000,15535849440,6917691000,2.14E+11,40040000000,1668000000,
2017-04-06,1.20E+11,70361760000,9766379000,15701480400,7032033000,2.14E+11,40480000000,1696000000,
2017-04-07,1.21E+11,70226310000,9762326000,15736614240,7095930000,2.14E+11,40710000000,1711000000,
2017-04-10,1.21E+11,69973470000,9802856000,15798516720,7146375000,2.14E+11,41190000000,1753000000,
2017-04-11,1.21E+11,69765780000,9792048000,15910610400,7243902000,2.14E+11,41350000000,1756000000,
2017-04-12,1.21E+11,69242040000,9808260000,15572656320,7129560000,2.13E+11,41450000000,1765000000,
2017-04-13,1.20E+11,68447400000,9739359000,15478966080,6971499000,2.14E+11,41300000000,1757000000,
2017-04-14,1.20E+11,68447400000,9739359000,15478966080,6971499000,2.14E+11,41300000000,1757000000,
2017-04-17,1.20E+11,69233010000,9798803000,15659654400,7035396000,2.16E+11,41490000000,1779000000,
2017-04-18,1.19E+11,68438370000,9806909000,15731595120,6991677000,2.16E+11,41190000000,1786000000,
2017-04-19,1.19E+11,68221650000,9815015000,15746652480,7129560000,2.16E+11,40710000000,1789000000,
2017-04-20,1.20E+11,72258060000,10341905000,15985897200,7193457000,2.19E+11,40900000000,1782000000,
2017-04-21,1.19E+11,71869770000,10245984000,16012665840,7240539000,2.19E+11,40660000000,1778000000,
2017-04-24,1.21E+11,72646350000,10324342000,16200046320,7314525000,2.21E+11,40800000000,1785000000,
2017-04-25,1.22E+11,72808890000,10348660000,16454348400,7556661000,2.22E+11,41020000000,1836000000,
2017-04-26,1.22E+11,72709560000,10391892000,16696939200,7482675000,2.21E+11,40560000000,1827000000,
2017-04-27,1.21E+11,72537990000,10360819000,18112331040,7445682000,2.20E+11,40290000000,1843000000,
2017-04-28,1.21E+11,71562750000,10448634000,18043736400,7341429000,2.19E+11,40260000000,1829000000,
2017-04-30,1.21E+11,71562750000,10255284000,18043736400,7341429000,2.19E+11,40260000000,1829000000,
2017-05-01,1.20E+11,71544690000,10138596000,18055447680,7270806000,2.20E+11,40380000000,1864000000,
2017-05-02,1.21E+11,71824620000,10174398000,18108984960,7418778000,2.23E+11,40820000000,1853000000,
2017-05-03,1.21E+11,71183490000,10187658000,18125715360,7364970000,2.22E+11,40620000000,1764000000,
2017-05-04,1.22E+11,70731990000,10094838000,18277962000,7243902000,2.23E+11,39660000000,1815000000,
2017-05-05,1.21E+11,70722960000,10178376000,18396747840,7233813000,2.22E+11,40830000000,1770000000,
2017-05-08,1.21E+11,70578480000,10147878000,18343210560,7200183000,2.21E+11,41000000000,1734000000,
2017-05-09,1.21E+11,70831320000,10166442000,18383363520,7344792000,2.21E+11,40480000000,1734000000,
2017-05-10,1.19E+11,71020950000,10256610000,18477053760,7274169000,2.22E+11,40760000000,1724000000,
2017-05-11,1.19E+11,70361760000,10052406000,18443592960,7257354000,2.22E+11,40320000000,1733000000,
2017-05-12,1.19E+11,69973470000,9929088000,18376671360,7139649000,2.23E+11,40440000000,1755000000,
2017-05-15,1.19E+11,70731990000,9707646000,18552340560,7149738000,2.24E+11,40660000000,1783000000,
2017-05-16,1.19E+11,70551390000,9519354000,18672799440,7233813000,2.24E+11,40330000000,1809000000,
2017-05-17,1.16E+11,68962110000,9396036000,18380017440,7048848000,2.21E+11,39590000000,1742000000,
2017-05-18,1.17E+11,68971140000,9341670000,18435227760,7065663000,2.21E+11,39620000000,1752000000,
2017-05-19,1.16E+11,69350400000,7786272000,18495457200,7156464000,2.23E+11,40410000000,1812000000,
2017-05-22,1.13E+11,69512940000,7991802000,18527244960,7253991000,2.25E+11,40630000000,1828000000,
2017-05-23,1.14E+11,69711600000,7938762000,18435227760,7425504000,2.26E+11,40950000000,1846000000,
2017-05-24,1.15E+11,69639360000,7906938000,18281308080,7523031000,2.28E+11,41370000000,1876000000,
2017-05-25,1.15E+11,69928320000,7910916000,18331499280,7671003000,2.29E+11,41220000000,1870000000,
2017-05-26,1.15E+11,69946380000,7932132000,18299711520,7718085000,2.28E+11,40950000000,1874000000,
2017-05-30,1.14E+11,69612270000,7910916000,18318114960,7563387000,2.28E+11,40770000000,1833000000,
2017-05-31,1.15E+11,69476820000,7877766000,18381690480,7539846000,2.29E+11,40460000000,1833000000,
2017-06-01,1.16E+11,70686840000,7871136000,18801623520,7617195000,2.30E+11,40690000000,1903000000,
2017-06-02,1.18E+11,70876470000,7696104000,18999042240,7684455000,2.31E+11,40880000000,1913000000,
2017-06-05,1.19E+11,71309910000,7637760000,18920409360,7647462000,2.32E+11,41020000000,1926000000,
2017-06-06,1.18E+11,71201550000,7303608000,18940485840,7607106000,2.30E+11,41470000000,1945000000,
2017-06-07,1.20E+11,72068430000,7331454000,18716298480,7738263000,2.31E+11,40490000000,2028000000,
2017-06-08,1.21E+11,72194850000,7144488000,18821700000,7657551000,2.31E+11,41000000000,1985000000,
2017-06-09,1.22E+11,72519930000,7263828000,18880256400,7657551000,2.28E+11,41350000000,1951000000,
2017-06-12,1.22E+11,72393510000,7274436000,18500476320,7671003000,2.25E+11,41530000000,1966000000,
2017-06-13,1.22E+11,72772770000,7306260000,18597512640,7751715000,2.29E+11,42020000000,2012000000,
2017-06-14,1.22E+11,72998520000,7129902000,18722990640,7855968000,2.29E+11,41230000000,1995000000,
2017-06-15,1.22E+11,72872100000,7005258000,18771508800,7744989000,2.27E+11,41280000000,1991000000,
2017-06-16,1.20E+11,73549350000,6900504000,18903678960,7664277000,2.27E+11,41820000000,1972000000,
2017-06-19,1.22E+11,73937640000,6822270000,19024137840,7707996000,2.28E+11,41970000000,1999000000,
2017-06-20,1.23E+11,74506530000,6673758000,18806642640,7556661000,2.27E+11,41150000000,2005000000,
2017-06-21,1.27E+11,74235630000,6340932000,18508841520,7580202000,2.27E+11,40910000000,1983000000,
2017-06-22,1.29E+11,74271750000,6298500000,18562378800,7509579000,2.26E+11,40870000000,1991000000,
2017-06-23,1.28E+11,74244660000,6368778000,18615916080,7533120000,2.30E+11,40930000000,1966000000,
2017-06-26,1.29E+11,74912880000,6413862000,18646030800,7613832000,2.29E+11,41360000000,1994000000,
2017-06-27,1.27E+11,75021240000,6431100000,18425189520,7637373000,2.28E+11,41510000000,1994000000,
2017-06-28,1.29E+11,75824910000,6458946000,18555686640,7721448000,2.32E+11,41650000000,2017000000,
2017-06-29,1.28E+11,75517890000,6457620000,18206021280,7684455000,2.27E+11,41460000000,1991000000,
2017-06-30,1.27E+11,75226320000,6534528000,667646643.6,7536183000,2.24E+11,41520000000,2006000000,
2017-07-03,1.28E+11,75994300000,6714864000,669418399.9,7598902000,2.23E+11,42030000000,2017000000,
2017-07-05,1.29E+11,75806770000,6669780000,667768833.7,7605504000,2.24E+11,41590000000,1949000000,
2017-07-06,1.27E+11,74779820000,6640608000,661537139.2,7552688000,2.22E+11,42020000000,1920000000,
2017-07-07,1.27E+11,75306690000,6627348000,662881230.2,7711136000,2.24E+11,42100000000,1970000000,
2017-07-10,1.27E+11,75279900000,6417840000,664408606.3,7628611000,2.27E+11,42120000000,2015000000,
2017-07-11,1.28E+11,75154880000,6407232000,666974598.1,7569193000,2.28E+11,41900000000,1991000000,
2017-07-12,1.28E+11,75744260000,6396624000,670701395.8,7688029000,2.29E+11,42810000000,2017000000,
2017-07-13,1.29E+11,76235410000,6440382000,663492180.6,7839875000,2.29E+11,42870000000,2010000000,
2017-07-14,1.31E+11,76155040000,6420492000,662511408.7,7734243000,2.31E+11,43620000000,2059000000,
2017-07-17,1.31E+11,76101460000,6490770000,662388812.2,7765602500,2.31E+11,43480000000,2059000000,
2017-07-18,1.31E+11,76369360000,6441708000,662204917.5,7678126000,2.33E+11,43920000000,2024000000,
2017-07-19,1.32E+11,76735490000,6436404000,671828741.6,7701233000,2.34E+11,44410000000,2031000000,
2017-07-20,1.32E+11,76217550000,6362148000,666740987.5,7701233000,2.34E+11,44710000000,2048000000,
2017-07-21,1.33E+11,76431870000,6260046000,661653233.3,7740845000,2.38E+11,44820000000,2023000000,
2017-07-24,1.34E+11,75905000000,5973630000,660120777.2,7513076000,2.39E+11,44810000000,2048000000,
2017-07-25,1.33E+11,76271130000,6066450000,660611163.2,7516377000,2.38E+11,44850000000,2181000000,
2017-07-26,1.30E+11,76172900000,6112860000,649209690,7285307000,2.41E+11,44720000000,2155000000,
2017-07-27,1.27E+11,74878050000,6265350000,707320424.2,7166471000,2.37E+11,44050000000,2140000000,
2017-07-28,1.29E+11,75726400000,6102252000,696838424.7,7282006000,2.36E+11,44530000000,2154000000,
2017-07-31,1.29E+11,76110390000,6229080000,711304810,7239093000,2.37E+11,44530000000,2161000000,
2017-08-01,1.29E+11,76119320000,6186840000,699964635.1,7255598000,2.41E+11,44610000000,2161000000,
2017-08-02,1.29E+11,76172900000,6289800000,697144915.9,7305113000,2.42E+11,44810000000,2141000000,
2017-08-03,1.29E+11,76387220000,6408600000,696470635.3,7305113000,2.40E+11,44590000000,2224000000,
2017-08-04,1.28E+11,76771210000,6468000000,702784354.3,7404143000,2.41E+11,44180000000,2213000000,
2017-08-07,1.29E+11,76664050000,6446880000,707994704.9,7308414000,2.42E+11,44250000000,2185000000,
2017-08-08,1.28E+11,76744420000,6605280000,710324038.1,7199481000,2.42E+11,43620000000,2167000000,
2017-08-09,1.28E+11,76521170000,6573600000,700393722.8,7212685000,2.41E+11,43350000000,2151000000,
2017-08-10,1.25E+11,75512080000,6479880000,689421337.3,7083946000,2.37E+11,42750000000,2110000000,
2017-08-11,1.25E+11,75270970000,6507600000,690586003.9,7037732000,2.39E+11,42930000000,2111000000,
2017-08-14,1.27E+11,76324710000,6510240000,699964635.1,7153267000,2.43E+11,43190000000,2146000000,
2017-08-15,1.25E+11,77503470000,6221160000,705052389.3,7202782000,2.45E+11,42910000000,2144000000,
2017-08-16,1.26E+11,78039270000,6411240000,708485090.9,7199481000,2.46E+11,42930000000,2153000000,
2017-08-17,1.24E+11,76878370000,6296400000,695060775.7,6763749000,2.44E+11,42680000000,2111000000,
2017-08-18,1.23E+11,76244340000,4538160000,688808354.9,6694428000,2.44E+11,43120000000,2111000000,
2017-08-21,1.24E+11,76172900000,4200240000,692486249.5,6668020000,2.46E+11,42920000000,2129000000,
2017-08-22,1.26E+11,76172900000,4379760000,698616073.8,6701030000,2.48E+11,43390000000,2137000000,
2017-08-23,1.25E+11,76155040000,4653000000,687766284.8,6483164000,2.46E+11,43970000000,2115000000,
2017-08-24,1.25E+11,76226480000,4589640000,688624460.2,6384134000,2.46E+11,44070000000,2086000000,
2017-08-25,1.25E+11,76324710000,4736160000,695244670.4,6552485000,2.46E+11,43860000000,2082000000,
2017-08-28,1.27E+11,76271130000,4712400000,700393722.8,6466659000,2.48E+11,43690000000,2079000000,
2017-08-29,1.27E+11,76280060000,4641120000,693467021.4,6506271000,2.47E+11,43780000000,2124000000,
2017-08-30,1.28E+11,76521170000,4651680000,696715828.2,6509572000,2.47E+11,43550000000,2117000000,
2017-08-31,1.31E+11,76887300000,4650360000,708056003.2,6539281000,2.47E+11,44250000000,2111000000,
2017-09-01,1.32E+11,76923020000,4796880000,715227897.6,6542582000,2.48E+11,44290000000,2196000000,
2017-09-05,1.30E+11,76181830000,4795560000,701680985.9,6324716000,2.46E+11,43870000000,2220000000,
2017-09-06,1.32E+11,76110390000,4844400000,700516319.3,6222385000,2.46E+11,44410000000,2196000000,
2017-09-07,1.33E+11,75378130000,4773120000,707259126,6024325000,2.49E+11,44800000000,2182000000,
2017-09-08,1.33E+11,75235250000,4716360000,708791582.1,6172870000,2.49E+11,44550000000,2143000000,
2017-09-11,1.38E+11,76521170000,4618680000,714676213.4,6397338000,2.53E+11,44990000000,2129000000,
2017-09-12,1.41E+11,77289150000,4712400000,718599300.9,6529378000,2.53E+11,45100000000,2124000000,
2017-09-13,1.40E+11,77369520000,4765200000,718660599.2,6387435000,2.52E+11,44870000000,2119000000,
2017-09-14,1.40E+11,76967670000,4833840000,726322879.5,6394037000,2.53E+11,44730000000,2118000000,
2017-09-15,1.38E+11,77682070000,4874760000,735027230,6397338000,2.51E+11,44660000000,2126000000,
2017-09-18,1.38E+11,78467910000,4786320000,739502001.7,6324716000,2.50E+11,44060000000,2125000000,
2017-09-19,1.38E+11,79477000000,4626600000,746980387.4,6285104000,2.51E+11,44370000000,2078000000,
2017-09-20,1.39E+11,78967990000,4563240000,751700352.1,6354425000,2.50E+11,44140000000,2078000000,
2017-09-21,1.38E+11,78959060000,4448400000,748880632.9,6238890000,2.51E+11,43500000000,2080000000,
2017-09-22,1.37E+11,78941200000,4435200000,750290492.5,6146462000,2.52E+11,43220000000,2078000000,
2017-09-25,1.37E+11,78771530000,4575120000,750045299.5,6228987000,2.46E+11,43620000000,2055000000,
2017-09-26,1.37E+11,79200170000,4635840000,745325334.8,6172870000,2.46E+11,43750000000,2064000000,
2017-09-27,1.36E+11,79914570000,4629240000,754642667.7,6123355000,2.48E+11,43370000000,2050000000,
2017-09-28,1.37E+11,80495020000,4601520000,756665509.7,6110151000,2.49E+11,43180000000,2080000000,
2017-09-29,1.38E+11,80780780000,4649040000,761214398.3,6116753000,2.51E+11,43050000000,2087000000,
2017-09-30,1.37E+11,79695260000,4649040000,761214398.3,6042633000,2.52E+11,43050000000,2087000000,
2017-10-02,1.37E+11,79765740000,4587000000,768107115,6036111000,2.53E+11,42880000000,2096000000,
2017-10-03,1.37E+11,80549830000,4538160000,765276177.8,6463302000,2.53E+11,42720000000,2129000000,
2017-10-04,1.38E+11,80179810000,4468200000,768414825.5,6303513000,2.52E+11,42540000000,2145000000,
2017-10-05,1.37E+11,80311960000,4538160000,766876272.7,6290469000,2.54E+11,42640000000,2150000000,
2017-10-06,1.36E+11,80655550000,4542120000,768784078.2,6404604000,2.56E+11,42890000000,2163000000,
2017-10-09,1.36E+11,80778890000,4407480000,762876035.3,6355689000,2.56E+11,42910000000,2154000000,
2017-10-10,1.36E+11,80955090000,4435200000,762691409,6597003000,2.57E+11,43090000000,2115000000,
2017-10-11,1.35E+11,81016760000,4346760000,765030009.3,6694833000,2.60E+11,43710000000,2096000000,
2017-10-12,1.34E+11,80708410000,4148760000,769707209.9,6632874000,2.59E+11,43630000000,2104000000,
2017-10-13,1.34E+11,81809660000,4177800000,774138242.1,6642657000,2.60E+11,43700000000,2089000000,
2017-10-16,1.33E+11,81016760000,4085400000,784630429,6600264000,2.59E+11,43680000000,2120000000,
2017-10-17,1.36E+11,80778890000,4094640000,772842148.4,6580698000,2.58E+11,44010000000,2104000000,
2017-10-18,1.37E+11,81122480000,4115760000,782593710.4,6544827000,2.58E+11,43280000000,2093000000,
2017-10-19,1.35E+11,80963900000,4090680000,777409335.6,6632874000,2.56E+11,43450000000,2086000000,
2017-10-20,1.34E+11,81131290000,4128960000,789753085,6636135000,2.58E+11,42710000000,2067000000,
2017-10-23,1.32E+11,81386780000,4173840000,785247616.5,6482868000,2.58E+11,42320000000,2064000000,
2017-10-24,1.32E+11,82690660000,4109160000,797406209.6,6724182000,2.60E+11,41850000000,2051000000,
2017-10-25,1.30E+11,82426360000,4130280000,789814803.8,6430692000,2.62E+11,40620000000,2053000000,
2017-10-26,1.29E+11,84302890000,4365240000,823945270.8,6388299000,2.63E+11,40680000000,2103000000,
2017-10-27,1.28E+11,84390990000,4164600000,820056989.7,6319818000,2.63E+11,41490000000,2100000000,
2017-10-30,1.28E+11,83756670000,3865312000,806972615.4,6176334000,2.64E+11,41490000000,2056000000,
2017-10-31,1.28E+11,84153120000,3802112000,813391365.1,6244815000,2.63E+11,41360000000,2089000000,
2017-11-01,1.29E+11,84390990000,3780624000,805367928,6179595000,2.66E+11,41790000000,2103000000,
2017-11-02,1.26E+11,84558380000,3793264000,808885896.5,6169812000,2.66E+11,41670000000,2053000000,
2017-11-03,1.27E+11,84954830000,3773040000,815366365,6257859000,2.67E+11,42050000000,2053000000,
2017-11-06,1.25E+11,84831490000,3747760000,815674958.7,6300252000,2.68E+11,42630000000,2028000000,
2017-11-07,1.27E+11,84020970000,3695936000,813823396.3,6169812000,2.68E+11,42990000000,2004000000,
2017-11-08,1.27E+11,83809530000,3776832000,817156208.6,6130680000,2.69E+11,42690000000,2016000000,
2017-11-09,1.28E+11,82593750000,3869104000,803022615.6,6140463000,2.69E+11,42730000000,2091000000,
2017-11-10,1.26E+11,82391120000,3834976000,803392928.1,6192639000,2.68E+11,43350000000,2250000000,
2017-11-13,1.26E+11,82725900000,3746496000,795060897.2,6179595000,2.67E+11,43440000000,2273000000,
2017-11-14,1.25E+11,82602560000,3792000000,798331990.8,6401343000,2.68E+11,43530000000,2296000000,
2017-11-15,1.24E+11,82162060000,3943680000,791913241.2,6570915000,2.64E+11,43270000000,2304000000,
2017-11-16,1.25E+11,82426360000,4025840000,800306990.7,6606786000,2.66E+11,43430000000,2298000000,
2017-11-17,1.25E+11,82540890000,5159648000,802775740.6,6518739000,2.63E+11,43000000000,2362000000,
2017-11-20,1.24E+11,82769950000,5143216000,811478083.9,6450258000,2.63E+11,43570000000,2393000000,
2017-11-21,1.24E+11,83175210000,5143216000,815304646.2,6515478000,2.67E+11,44130000000,2381000000,
2017-11-22,1.25E+11,82655420000,5124256000,807713240.4,6489390000,2.65E+11,43530000000,2392000000,
2017-11-24,1.25E+11,82355880000,5068640000,806664021.7,6469824000,2.68E+11,43790000000,2403000000,
2017-11-27,1.24E+11,82347070000,4980160000,802714021.9,6417648000,2.69E+11,43670000000,2413000000,
2017-11-28,1.25E+11,83941680000,5112880000,813699958.8,6561132000,2.71E+11,43580000000,2396000000,
2017-11-29,1.26E+11,85104600000,5383376000,795184334.7,6835056000,2.63E+11,42330000000,2358000000,
2017-11-30,1.29E+11,86082510000,5414976000,812156990.1,7001367000,2.70E+11,42170000000,2392000000,
2017-12-01,1.30E+11,86214660000,5474384000,799010897,6949191000,2.65E+11,42640000000,2447000000,
2017-12-04,1.31E+11,86857790000,5784064000,794320272.3,7164417000,2.57E+11,42710000000,2415000000,
2017-12-05,1.31E+11,86963510000,5485760000,787160897.6,7063326000,2.60E+11,42810000000,2422000000,
2017-12-06,1.29E+11,86523010000,5412448000,793826522.3,7050282000,2.63E+11,42830000000,2429000000,
2017-12-07,1.28E+11,86848980000,5463008000,794752303.5,7131807000,2.67E+11,43140000000,2438000000,
2017-12-08,1.29E+11,86822550000,5684208000,802837459.3,7200288000,2.70E+11,42990000000,2454000000,
2017-12-09,1.29E+11,86804930000,5686736000,7288032070,7193766000,2.70E+11,42990000000,2454000000,
2017-12-11,1.30E+11,87219000000,5613424000,807713240.4,7236159000,2.69E+11,42910000000,2443000000,
2017-12-12,1.29E+11,87544970000,5633648000,798085115.8,7040499000,2.72E+11,42650000000,2383000000,
2017-12-13,1.30E+11,86144180000,5732240000,813329646.3,7007889000,2.71E+11,42800000000,2379000000,
2017-12-14,1.28E+11,85589150000,5603312000,807034334.1,6906798000,2.70E+11,42570000000,2365000000,
2017-12-15,1.30E+11,86796120000,5770160000,832400739.1,6942669000,2.73E+11,42030000000,2310000000,
2017-12-18,1.29E+11,87818080000,5886448000,823574958.3,7115502000,2.72E+11,42180000000,2321000000,
2017-12-19,1.30E+11,87351150000,5840944000,829808551.7,7040499000,2.69E+11,42110000000,2364000000,
2017-12-20,1.30E+11,86787310000,5851056000,823142927.1,7161156000,2.69E+11,42050000000,2350000000,
2017-12-21,1.30E+11,86778500000,6064672000,832524176.6,7314423000,2.69E+11,42620000000,2332000000,
2017-12-22,1.29E+11,86989940000,5973664000,830672614.2,7317684000,2.70E+11,42580000000,2308000000,
2017-12-26,1.29E+11,86840170000,6136720000,829870270.5,7363338000,2.71E+11,42650000000,2287000000,
2017-12-27,1.29E+11,87333530000,6026752000,836289020.2,7337250000,2.73E+11,42630000000,2312000000,
2017-12-28,1.28E+11,87835700000,5952176000,844867926,7350294000,2.74E+11,42640000000,2296000000,
2017-12-29,1.27E+11,87492110000,5925632000,7593568500,7285074000,2.73E+11,42710000000,2321000000,
2017-12-31,1.28E+11,87988660000,5925632000,7593568500,7343158000,2.68E+11,42710000000,2321000000,
2018-01-02,1.30E+11,87660840000,6053296000,7580134500,7356306000,2.69E+11,43480000000,2316000000,
2018-01-03,1.33E+11,88201300000,6050768000,7709436750,7096633000,2.72E+11,43500000000,2302000000,
2018-01-04,1.32E+11,89353100000,5853584000,7779965250,7129503000,2.73E+11,43650000000,2293000000,
2018-01-05,1.33E+11,89556880000,5935744000,7759814250,7027606000,2.80E+11,43600000000,2313000000,
2018-01-08,1.33E+11,88732900000,5937008000,7899192000,6994736000,2.81E+11,43470000000,2338000000,
2018-01-09,1.35E+11,89060720000,5814400000,7858890000,7057189000,2.80E+11,43140000000,2348000000,
2018-01-10,1.34E+11,89680920000,5849792000,7803474750,7096633000,2.80E+11,41840000000,2335000000,
2018-01-11,1.34E+11,89246780000,5852320000,7895833500,7343158000,2.82E+11,42090000000,2328000000,
2018-01-12,1.36E+11,89459420000,5997680000,7879041000,7537091000,2.83E+11,42180000000,2336000000,
2018-01-16,1.36E+11,88901240000,5935744000,7825305000,7330010000,2.83E+11,42310000000,2288000000,
2018-01-17,1.38E+11,89273360000,6076048000,7921022250,7379315000,2.87E+11,42390000000,2362000000,
2018-01-18,1.38E+11,88475960000,6141776000,7902550500,7389176000,2.90E+11,42500000000,2342000000,
2018-01-19,1.39E+11,86854580000,6346544000,8046966000,7418759000,2.89E+11,42180000000,2377000000,
2018-01-22,1.41E+11,87111520000,6366768000,8046966000,7425333000,2.93E+11,42340000000,2406000000,
2018-01-23,1.41E+11,86810280000,6512128000,8236721250,7405611000,2.93E+11,42180000000,2387000000,
2018-01-24,1.40E+11,87979800000,6604400000,8230004250,7247835000,2.93E+11,42360000000,2346000000,
2018-01-25,1.40E+11,88325340000,6628416000,8194740000,6800803000,2.95E+11,41280000000,2392000000,
2018-01-26,1.44E+11,88272180000,6520976000,8240079750,6738350000,2.97E+11,40950000000,2399000000,
2018-01-29,1.46E+11,88077260000,6481792000,8114136000,6666036000,2.94E+11,40330000000,2335000000,
2018-01-30,1.41E+11,87457060000,6307360000,7759814250,6787655000,2.91E+11,40010000000,2339000000,
2018-01-31,1.37E+11,88068400000,6212560000,7858890000,6856682000,2.92E+11,40580000000,2324000000,
2018-02-01,1.36E+11,88600000000,6220144000,7793399250,6882978000,2.96E+11,39940000000,2325000000,
2018-02-02,1.37E+11,85658480000,6115232000,7603644000,6682471000,2.85E+11,39090000000,2316000000,
2018-02-05,1.28E+11,81520860000,5836077000,7244284500,6514834000,2.74E+11,38300000000,2225000000,
2018-02-06,1.30E+11,83443480000,6093156000,7318171500,6689045000,2.82E+11,38500000000,2223000000,
2018-02-07,1.30E+11,82938460000,6140479000,7284586500,6700549500,2.82E+11,38350000000,2175000000,
2018-02-08,1.27E+11,78269240000,5868052000,6952095000,6518121000,2.68E+11,37050000000,2136000000,
2018-02-09,1.27E+11,81263920000,5914096000,6999114000,6537843000,2.74E+11,37090000000,2124000000,
2018-02-12,1.29E+11,83904200000,5926886000,7049491500,6531269000,2.79E+11,37680000000,2120000000,
2018-02-13,1.29E+11,83780160000,5965256000,7093152000,6560852000,2.78E+11,37860000000,2189000000,
2018-02-14,1.32E+11,85259780000,6213382000,7272831750,6620018000,2.84E+11,37830000000,2159000000,
2018-02-15,1.35E+11,85552160000,6297796000,7371907500,6672610000,2.88E+11,39760000000,2176000000,
2018-02-16,1.35E+11,85755940000,6288843000,7395417000,6672610000,2.87E+11,40320000000,2180000000,
2018-02-20,1.34E+11,86110340000,6160943000,7381983000,6580574000,2.87E+11,39830000000,2161000000,
2018-02-21,1.34E+11,86385000000,6192918000,7435719000,6817238000,2.83E+11,40140000000,2098000000,
2018-02-22,1.34E+11,86252100000,6172454000,7534794750,6853395000,2.83E+11,40030000000,2089000000,
2018-02-23,1.37E+11,87536800000,6171175000,7556625000,7007884000,2.89E+11,40690000000,2069000000,
2018-02-26,1.39E+11,90053040000,6308028000,7613719500,7142651000,2.93E+11,40690000000,2079000000,
2018-02-27,1.37E+11,88227880000,6080366000,7539832500,7017745000,2.90E+11,39720000000,2040000000,
2018-02-28,1.35E+11,86393860000,5871889000,7447473750,6919135000,2.89E+11,38240000000,2038000000,
2018-03-01,1.35E+11,84294040000,5868052000,7353435750,6928996000,2.83E+11,38610000000,2187000000,
2018-03-02,1.36E+11,84701600000,5121116000,7402134000,6998023000,2.84E+11,38590000000,2212000000,
2018-03-05,1.40E+11,85640760000,5324477000,7482738000,6991449000,2.87E+11,38860000000,2223000000,
2018-03-06,1.40E+11,85118020000,5384590000,7580134500,7047328000,2.85E+11,39080000000,2231000000,
2018-03-07,1.38E+11,84737040000,5208088000,7662417750,7067050000,2.87E+11,38190000000,2181000000,
2018-03-08,1.38E+11,85578740000,5224715000,7685927250,7136077000,2.88E+11,38340000000,2227000000,
2018-03-09,1.40E+11,87758300000,5443424000,7860569250,7231400000,2.93E+11,38760000000,2209000000,
2018-03-12,1.39E+11,86535620000,5540628000,7815229500,7244548000,2.92E+11,39160000000,2172000000,
2018-03-13,1.39E+11,84497820000,5609694000,7779965250,7346445000,2.90E+11,39120000000,2153000000,
2018-03-14,1.40E+11,83753580000,5532954000,7791720000,7343158000,2.88E+11,39020000000,2141000000,
2018-03-15,1.39E+11,83629540000,5558534000,7788361500,7316862000,2.90E+11,37890000000,2123000000,
2018-03-16,1.38E+11,84710460000,5641669000,7823625750,7425333000,2.93E+11,37800000000,2133000000,
2018-03-19,1.34E+11,84028240000,5604578000,7830342750,7287279000,2.90E+11,37110000000,2137000000,
2018-03-20,1.34E+11,84125700000,5578998000,7884078750,7330010000,2.94E+11,35880000000,2186000000,
2018-03-21,1.33E+11,83939640000,5596904000,7843776750,7159086000,2.90E+11,37150000000,2170000000,
2018-03-22,1.29E+11,80989260000,5356452000,7585172250,6991449000,2.82E+11,36200000000,2163000000,
2018-03-23,1.25E+11,80138700000,5594346000,7467624750,6850108000,2.75E+11,36090000000,2076000000,
2018-03-26,1.29E+11,82061320000,5788754000,7667455500,6731776000,2.84E+11,35820000000,2071000000,
2018-03-27,1.26E+11,80998120000,5641669000,7489455000,6557565000,2.76E+11,36050000000,2041000000,
2018-03-28,1.25E+11,81698060000,5727362000,7487775750,6629879000,2.75E+11,35610000000,2024000000,
2018-03-29,1.25E+11,82646080000,5824566000,7677531000,6679184000,2.81E+11,36550000000,2063000000,
2018-03-30,1.25E+11,82646080000,5824566000,7730017560,6679184000,2.81E+11,36550000000,2063000000,
2018-03-31,1.21E+11,80314080000,5824566000,7730017560,6514592000,2.80E+11,35990000000,2039000000,
2018-04-02,1.18E+11,78351000000,5604578000,7566016750,6325438000,2.77E+11,35990000000,2039000000,
2018-04-03,1.20E+11,79849140000,5862936000,7647171790,6460090000,2.79E+11,35580000000,2069000000,
2018-04-04,1.23E+11,80572380000,6112341000,7762141430,6565888000,2.80E+11,36260000000,2080000000,
2018-04-05,1.22E+11,81106200000,6127689000,7812863330,6617184000,2.83E+11,37410000000,2074000000,
2018-04-06,1.20E+11,79134510000,5942234000,7623501570,6395970000,2.75E+11,36950000000,2066000000,
2018-04-09,1.21E+11,79332540000,5833519000,7626883030,6245288000,2.78E+11,37220000000,2056000000,
2018-04-10,1.23E+11,80073000000,5965256000,7751997050,6206816000,2.82E+11,37500000000,2042000000,
2018-04-11,1.23E+11,78867600000,5897469000,7714800990,6197198000,2.80E+11,37510000000,2062000000,
2018-04-12,1.22E+11,80374350000,5874447000,7787502380,6267730000,2.83E+11,37630000000,2069000000,
2018-04-13,1.22E+11,80098830000,5781080000,7740161940,6254906000,2.82E+11,37740000000,2034000000,
2018-04-16,1.22E+11,80589600000,5544465000,7817935520,6338262000,2.85E+11,38310000000,2044000000,
2018-04-17,1.24E+11,80813460000,5419123000,7921070050,6351086000,2.89E+11,38980000000,2013000000,
2018-04-18,1.25E+11,81924150000,5425518000,7978554870,6402382000,2.91E+11,39590000000,1996000000,
2018-04-19,1.23E+11,88140570000,5325756000,7939668080,6302996000,2.90E+11,38860000000,2003000000,
2018-04-20,1.22E+11,86780190000,5228552000,7931214430,6367116000,2.90E+11,38640000000,2055000000,
2018-04-23,1.24E+11,86625210000,5270759000,7870348150,6383146000,2.91E+11,38680000000,2017000000,
2018-04-24,1.22E+11,86478840000,5334709000,7574470400,6261318000,2.83E+11,38320000000,2026000000,
2018-04-25,1.24E+11,85049580000,5364126000,7483170980,6145902000,2.83E+11,38090000000,1995000000,
2018-04-26,1.25E+11,86298030000,5520164000,7773976540,6145902000,2.97E+11,37890000000,2027000000,
2018-04-27,1.26E+11,85764210000,5680039000,7552490910,6181168000,2.94E+11,37680000000,2034000000,
2018-04-30,1.24E+11,85023750000,5509932000,7437521270,6152314000,2.97E+11,37910000000,2005000000,
2018-05-01,1.20E+11,84877380000,5449819000,7500078280,6232464000,2.98E+11,38190000000,1995000000,
2018-05-02,1.20E+11,84059430000,5448540000,7454428570,6200404000,2.95E+11,38150000000,1986000000,
2018-05-03,1.18E+11,83637540000,5327035000,7537274340,6158726000,2.97E+11,38260000000,2110000000,
2018-05-04,1.19E+11,84679350000,5329593000,7638718140,6206816000,3.00E+11,38330000000,2162000000,
2018-05-07,1.19E+11,84877380000,4825932000,7626883030,6171550000,3.02E+11,38500000000,2172000000,
2018-05-08,1.20E+11,85876140000,4993863000,7631955220,6171550000,3.04E+11,38500000000,2201000000,
2018-05-09,1.21E+11,86530500000,4937886000,7684367850,5998426000,3.06E+11,38810000000,2212000000,
2018-05-10,1.21E+11,87288180000,4985526000,7736780480,6030486000,3.06E+11,39050000000,2270000000,
2018-05-11,1.24E+11,87322620000,5072469000,7743543400,6084988000,3.08E+11,39100000000,2243000000,
2018-05-14,1.25E+11,87210690000,5173704000,7719873180,6049722000,3.07E+11,39110000000,2222000000,
2018-05-15,1.23E+11,86737140000,5195142000,7711419530,6094606000,3.06E+11,38640000000,2219000000,
2018-05-16,1.24E+11,86607990000,5258265000,7750306320,6242082000,3.06E+11,38200000000,2253000000,
2018-05-17,1.24E+11,87150420000,5232063000,7792574570,6193992000,3.04E+11,37650000000,2232000000,
2018-05-18,1.25E+11,86952390000,5173704000,7823007710,6104224000,3.04E+11,38210000000,2188000000,
2018-05-21,1.25E+11,87856440000,5251119000,8000534360,6149108000,3.05E+11,38610000000,2242000000,
2018-05-22,1.27E+11,88424700000,5272557000,7892327640,6056134000,3.05E+11,38370000000,2225000000,
2018-05-23,1.28E+11,87761730000,5363073000,7888946180,5985602000,3.08E+11,37740000000,2230000000,
2018-05-24,1.27E+11,87830610000,5525049000,7846677930,6104224000,3.08E+11,37380000000,2221000000,
2018-05-25,1.27E+11,87047100000,6638634000,7762141430,6222846000,3.07E+11,37180000000,2219000000,
2018-05-29,1.26E+11,84136920000,6498096000,7713110260,6155520000,3.03E+11,36960000000,2222000000,
2018-05-30,1.28E+11,85230390000,6498096000,7856822310,6084988000,3.05E+11,37580000000,2244000000,
2018-05-31,1.28E+11,84636300000,6427827000,7675914200,6056134000,3.05E+11,37350000000,2212000000,
2018-06-01,1.31E+11,84593250000,6514770000,7746924860,6017662000,3.06E+11,37040000000,2268000000,
2018-06-04,1.32E+11,85626450000,6639825000,7823007710,6126666000,3.11E+11,37230000000,2250000000,
2018-06-05,1.29E+11,85505910000,6795846000,7872038880,6046516000,3.12E+11,37450000000,2263000000,
2018-06-06,1.31E+11,86935170000,6788700000,8008988010,6017662000,3.18E+11,36910000000,2260000000,
2018-06-07,1.30E+11,87374280000,6866115000,8063091370,6017662000,3.13E+11,37090000000,2230000000,
2018-06-08,1.31E+11,86961000000,7017372000,8112122540,6040104000,3.15E+11,37290000000,2243000000,
2018-06-11,1.31E+11,87133200000,6908991000,8036039690,6117048000,3.13E+11,37840000000,2261000000,
2018-06-12,1.32E+11,86728530000,6900654000,7939668080,6072164000,3.15E+11,37400000000,2278000000,
2018-06-13,1.31E+11,86117220000,6814902000,7861894500,6088194000,3.14E+11,37060000000,2316000000,
2018-06-14,1.32E+11,85893360000,6866115000,7868657420,6104224000,3.15E+11,37190000000,2306000000,
2018-06-15,1.32E+11,84825720000,6773217000,7853440850,6152314000,3.16E+11,37120000000,2315000000,
2018-06-18,1.31E+11,84782670000,6657690000,7833152090,6149108000,3.18E+11,38270000000,2279000000,
2018-06-19,1.32E+11,83637540000,6673173000,7748615590,6081782000,3.16E+11,38080000000,2272000000,
2018-06-20,1.33E+11,83017620000,6754161000,7745234130,6097812000,3.17E+11,38960000000,2282000000,
2018-06-21,1.32E+11,83198430000,6766071000,7647171790,6177962000,3.14E+11,38650000000,2306000000,
2018-06-22,1.32E+11,83715030000,6500478000,7662388360,6084988000,3.16E+11,38770000000,2313000000,
2018-06-25,1.32E+11,84842940000,6332547000,7615047920,6024074000,3.06E+11,38010000000,2344000000,
2018-06-26,1.31E+11,84558810000,6399243000,7620120110,6011250000,3.10E+11,38390000000,2329000000,
2018-06-27,1.30E+11,83482560000,6352794000,7596449890,6065752000,3.06E+11,38150000000,2306000000,
2018-06-28,1.30E+11,83491170000,6439737000,7613357190,6046516000,3.10E+11,37930000000,2298000000,
2018-06-29,1.31E+11,84378000000,6270615000,7645481060,6084988000,3.10E+11,38580000000,2320000000,
2018-06-30,1.31E+11,84378000000,6270615000,7645481060,6084988000,3.10E+11,38580000000,2320000000,
2018-07-02,1.32E+11,85239000000,6197964000,7630264490,6123460000,3.10E+11,38390000000,2305000000,
2018-07-03,1.32E+11,84240240000,6214638000,7593068430,6129872000,3.07E+11,39280000000,2329000000,
2018-07-05,1.33E+11,84834330000,6208683000,7631955220,6181168000,3.11E+11,38750000000,2330000000,
2018-07-06,1.36E+11,84825720000,6228930000,7594759160,6235670000,3.13E+11,39380000000,2340000000,
2018-07-09,1.38E+11,86022510000,6367086000,7738471210,6296584000,3.17E+11,39220000000,2370000000,
2018-07-10,1.39E+11,86022510000,6314682000,7790883840,6251700000,3.19E+11,39130000000,2369000000,
2018-07-11,1.37E+11,86358300000,6196773000,7704656610,6184374000,3.23E+11,39160000000,2319000000,
2018-07-12,1.38E+11,87090150000,6183672000,7757069240,6139490000,3.27E+11,39460000000,2326000000,
2018-07-13,1.39E+11,86530500000,6272997000,7812863330,6181168000,3.26E+11,39300000000,2336000000,
2018-07-16,1.39E+11,86694090000,6289671000,7760450700,6219640000,3.24E+11,39260000000,2349000000,
2018-07-17,1.38E+11,87090150000,6259896000,7806100410,6258112000,3.26E+11,38780000000,2343000000,
2018-07-18,1.37E+11,88768760000,6290862000,7931214430,6402382000,3.29E+11,38730000000,2338000000,
2018-07-19,1.36E+11,86346540000,6324210000,7861220000,6357498000,3.27E+11,40480000000,2308000000,
2018-07-20,1.26E+11,86329300000,6242031000,7909725400,6249600000,3.29E+11,40020000000,2301000000,
2018-07-23,1.25E+11,87251640000,6159852000,7846166600,6240150000,3.25E+11,40000000000,2281000000,
2018-07-24,1.26E+11,87674020000,5909742000,7903035000,5603850000,3.25E+11,40030000000,2263000000,
2018-07-25,1.27E+11,88467060000,5860911000,8065277200,5424300000,3.31E+11,40440000000,2262000000,
2018-07-26,1.28E+11,88355000000,5788260000,7876273400,5663700000,3.31E+11,40470000000,2266000000,
2018-07-27,1.27E+11,89518700000,5639385000,7685597000,5685750000,3.27E+11,39880000000,2269000000,
2018-07-30,1.26E+11,86932700000,5751339000,7591931400,5641650000,3.17E+11,40060000000,2227000000,
2018-07-31,1.30E+11,85786240000,5813271000,7717376400,5670000000,3.17E+11,40770000000,2230000000,
2018-08-01,1.29E+11,85725900000,5698935000,7695632600,5528250000,3.21E+11,40700000000,2216000000,
2018-08-02,1.30E+11,85967260000,5676306000,7744138000,5610150000,3.22E+11,41080000000,2210000000,
2018-08-03,1.31E+11,86880980000,5616756000,7807696800,5748750000,3.25E+11,41020000000,2168000000,
2018-08-06,1.30E+11,86993040000,5596509000,7842821400,5780250000,3.24E+11,41370000000,2156000000,
