date,JBLU,TRP,AXP,V,COT,GGG,AMGN,FL
2014-06-27,10.88,38.8854,88.2235,50.7363,6.325,24.2082,106.1206,46.1084
2014-06-30,10.85,39.008,88.1677,51.083,6.4527,24.3078,105.9237,46.1995
2014-07-01,10.98,39.1224,88.6138,51.9412,6.471,24.5787,107.6597,47.001
2014-07-02,10.75,39.2369,88.4837,52.0842,6.5257,24.5071,108.304,46.828
2014-07-03,10.89,39.1878,89.0692,52.4891,6.5257,24.6285,109.9327,47.1286
2014-07-07,10.62,38.9671,88.6603,52.5448,6.5166,24.6036,107.5255,46.5001
2014-07-08,10.49,39.2532,87.8889,52.186,6.4892,24.4573,107.3465,46.1904
2014-07-09,10.66,39.8172,88.2896,52.4042,6.4892,24.2705,106.9975,46.2177
2014-07-10,10.73,40.3813,88.0287,52.2539,6.4436,23.9405,106.4427,46.0993
2014-07-11,10.82,40.2587,88.038,52.6079,6.4345,23.7537,107.1765,45.5254
2014-07-14,10.71,40.4467,88.1032,53.5849,6.398,23.8471,106.4696,45.3341
2014-07-15,10.82,40.602,88.0193,53.7667,6.3615,23.6105,104.5725,45.1246
2014-07-16,10.87,41.5257,88.038,53.9825,6.3615,23.5264,105.3331,44.0999
2014-07-17,10.63,41.4766,86.6587,52.8212,6.2976,23.1218,103.2571,43.1209
2014-07-18,10.83,41.4439,87.162,53.3837,6.3067,23.5624,105.8611,44.5299
2014-07-21,10.71,41.3704,86.5562,53.1461,6.2611,23.4124,106.5143,44.3561
2014-07-22,10.78,41.7627,87.0129,53.6406,6.2793,23.5436,108.3756,43.981
2014-07-23,11.28,42.3676,86.929,53.6261,6.2519,23.4593,109.181,44.3469
2014-07-24,11.0601,42.6701,86.8078,53.9994,6.325,23.9123,109.4047,45.3168
2014-07-25,11.41,42.2369,85.6709,52.0672,6.2154,24.0186,109.9237,44.3103
2014-07-28,11.17,42.2205,85.6057,51.9339,6.1607,24.1217,109.7537,44.3561
2014-07-29,11.06,42.0734,85.4659,51.7594,6.0968,24.1373,110.3443,44.3835
2014-07-30,11.08,41.2478,84.7204,51.8951,6.0511,23.9092,116.3398,44.6123
2014-07-31,10.72,41.0107,82.0085,51.1557,6.2702,23.1687,113.9953,43.4869
2014-08-01,10.81,40.3813,81.0113,51.3496,6.3341,22.9906,112.3488,44.0267
2014-08-04,10.86,40.9044,81.0113,51.4345,6.6627,23.1624,115.1228,44.5848
2014-08-05,10.78,40.3159,80.4801,51.0418,6.6353,23.0406,114.4338,44.3469
2014-08-06,10.92,40.4221,80.5174,51.0781,6.6992,23.1093,113.7268,44.8593
2014-08-07,11.13,40.3077,80.1633,50.6781,6.6992,22.9843,112.5277,44.1457
2014-08-08,11.46,40.136,81.5146,51.0224,6.6718,23.2812,113.6016,45.9298
2014-08-11,11.74,40.4712,81.03,51.0515,6.6809,23.3905,113.9327,45.5364
2014-08-12,11.62,40.6674,81.1511,50.9836,6.69,23.2937,113.582,46.0121
2014-08-13,11.88,41.2314,81.4493,51.3552,6.6444,23.4936,114.4991,45.9298
2014-08-14,11.8,41.4603,81.3282,51.62,6.7265,23.6655,118.5633,46.3964
2014-08-15,11.91,41.7137,80.7038,51.054,6.8452,23.5093,119.4085,45.573
2014-08-18,12.28,41.8036,81.2257,52.0572,6.7539,23.9029,119.7862,46.3873
2014-08-19,12.33,42.245,82.1203,52.2223,6.9365,24.0186,119.6064,47.5401
2014-08-20,12.73,42.4576,82.4651,52.5138,6.9,24.1435,119.3006,47.9701
2014-08-21,12.47,42.2042,83.0709,52.4045,6.8817,24.181,119.1658,48.0982
2014-08-22,12.6,41.7954,82.8286,52.4871,6.7083,24.0654,119.4265,49.5163
2014-08-25,12.61,42.7518,83.4902,52.4701,6.7083,24.2373,121.1979,49.9372
2014-08-26,12.44,43.0298,83.0802,52.6425,6.7267,24.1998,123.4278,50.66
2014-08-27,12.38,44.0434,83.1641,52.7397,6.7083,24.2217,123.9313,51.5475
2014-08-28,12.41,44.027,82.959,52.1252,6.8923,24.0092,124.7046,51.2273
2014-08-29,12.23,43.9616,83.453,51.62,6.9015,24.0154,125.325,51.3371
2014-09-02,12.64,44.2396,83.6114,52.1568,6.9107,24.2748,124.0482,52.3801
2014-09-03,12.36,44.8935,84.0028,52.198,6.9751,24.2498,124.6057,52.2611
2014-09-04,12.525,44.8772,83.5461,52.0426,7.0488,24.0904,124.0932,52.4533
2014-09-05,12.54,45.3595,83.5089,52.0304,6.9659,24.1217,123.9763,52.3252
2014-09-08,12.47,45.0161,82.8752,52.4094,6.9107,24.106,125.2261,52.3343
2014-09-09,12.04,45.4412,81.9153,52.0474,6.9935,23.8217,123.5357,51.6847
2014-09-10,12.29,44.8281,82.3906,52.679,6.9843,23.9154,125.1542,51.9592
2014-09-11,12.24,44.4031,82.3999,52.2102,6.9935,24.0686,124.9474,52.2886
2014-09-12,12.19,43.8799,81.673,51.9892,6.8555,23.8748,123.9853,52.2428
2014-09-15,11.26,43.5121,81.4307,52.1349,6.8463,23.7186,124.0572,52.2703
2014-09-16,11.415,43.839,82.344,52.781,6.8555,23.553,125.2801,53.048
2014-09-17,11.2,43.7409,83.0056,52.3511,6.8739,23.478,126.5209,52.435
2014-09-18,11.33,45.384,83.9655,52.5721,6.8555,23.5186,127.6988,52.499
2014-09-19,11.36,45.9317,83.5927,52.526,6.7727,23.4093,129.4881,51.9867
2014-09-22,10.9,44.9753,82.9311,51.9503,6.7083,23.1718,127.8427,51.8037
2014-09-23,10.765,44.0107,82.2974,51.6054,6.6255,23.1156,126.4939,51.456
2014-09-24,10.645,43.8063,82.4931,52.079,6.5334,23.1593,127.8966,52.1148
2014-09-25,10.4,42.6456,80.8529,51.1803,6.5058,22.75,125.7476,51.2913
2014-09-26,10.58,42.9209,82.3533,51.4791,6.5518,22.7656,126.8356,52.1148
2014-09-29,10.53,42.8385,81.9619,51.2338,6.4046,22.8906,125.9454,51.7488
2014-09-30,10.62,42.4758,81.5798,51.8264,6.3218,22.8031,126.2961,50.9162
2014-10-01,10.245,42.0142,80.2058,51.0103,6.3034,22.2782,124.8215,50.1568
2014-10-02,10.585,41.8658,80.2619,50.9398,6.3126,22.3157,123.3648,50.2666
2014-10-03,11.125,41.569,81.4676,51.4912,6.3586,22.425,125.1182,51.392
2014-10-06,10.85,42.212,81.3461,51.4426,6.3126,22.4656,123.7335,51.0077
2014-10-07,10.65,41.8081,79.7758,50.5342,6.1838,21.8939,122.3128,50.3123
2014-10-08,10.82,41.4536,81.7013,51.5811,6.2298,22.1594,125.9454,50.8704
2014-10-09,10.68,39.3764,80.2806,50.4516,6.1102,21.3908,123.7065,50.413
2014-10-10,10.06,39.3352,79.4394,49.7885,6.0917,21.2627,123.5357,50.4587
2014-10-13,9.41,37.9751,77.3737,49.6185,6.1562,21.1971,120.0919,49.2693
2014-10-14,10.23,36.8459,77.3363,49.2396,5.9629,21.872,118.869,49.3059
2014-10-15,10.295,37.2992,75.6445,48.6396,5.9537,22.1532,117.7001,48.9568
2014-10-16,11.22,38.3873,74.9996,49.3076,5.9445,22.757,117.2955,48.3964
2014-10-17,10.86,38.5439,77.1868,50.0363,5.8893,22.7539,120.2088,49.1221
2014-10-20,11.23,39.1044,78.5234,50.4856,5.9813,22.9954,123.6436,49.949
2014-10-21,11.56,39.8875,80.0469,51.8118,6.0273,23.5914,129.5601,50.8952
2014-10-22,11.18,39.1374,78.4766,51.2313,5.9629,23.0362,129.1554,50.2429
2014-10-23,10.86,39.5083,80.0189,52.0474,5.9353,23.9239,132.4014,50.6564
2014-10-24,10.96,39.8957,80.7573,51.8531,5.9721,23.8204,132.4104,50.2521
2014-10-27,11.08,39.8051,80.9723,51.8361,5.9813,23.7451,133.2556,50.5737
2014-10-28,11.38,40.7612,82.2621,52.6377,5.9905,24.5857,141.3391,50.9503
2014-10-29,11.54,40.5717,82.5706,52.1397,5.7513,24.156,142.8586,51.1433
2014-10-30,11.18,40.9179,82.9444,57.481,6.0917,24.7206,145.2864,51.1433
2014-10-31,11.54,40.6294,84.0754,58.642,5.5856,24.6234,145.8259,51.4556
2014-11-03,11.74,40.0029,84.9166,58.6688,5.7237,24.6547,145.2684,51.6026
2014-11-04,12.14,39.871,85.412,59.0161,5.558,24.5167,144.2344,49.2691
2014-11-05,12.125,41.1651,86.3841,60.6095,5.5764,24.592,142.9126,48.4239
2014-11-06,12.81,40.5717,85.599,60.7455,5.7421,24.7865,144.1804,50.0408
2014-11-07,12.56,40.72,86.2346,61.3139,5.8617,24.7833,144.0905,50.0684
2014-11-10,13.09,40.7612,86.3654,60.7747,6.0089,24.959,147.2045,50.3164
2014-11-11,12.95,40.9838,85.7485,60.6581,5.9353,25.0374,146.5998,50.2521
2014-11-12,12.53,41.5113,85.5709,61.3151,5.9537,24.9276,146.1575,51.1984
2014-11-13,12.59,40.9179,85.1223,61.0645,6.0917,24.7206,145.1827,51.1433
2014-11-14,12.6,40.7118,84.7484,60.5583,6.1838,24.6296,142.3215,51.4372
2014-11-17,12.375,41.297,84.2437,60.7919,6.331,24.7833,143.6393,50.344
2014-11-18,12.72,40.8602,84.6643,60.7749,6.1562,24.8022,146.4373,50.3716
2014-11-19,13.245,41.7751,84.5895,60.8065,6.1286,24.5481,146.7983,51.621
2014-11-20,13.44,41.8988,84.7017,61.247,6.0917,24.6014,146.8345,52.3651
2014-11-21,13.25,41.7916,84.4867,61.8676,6.1378,24.9339,146.9518,50.1143
2014-11-24,13.44,40.8437,85.0942,61.9649,6.0641,25.0907,148.1883,51.8415
2014-11-25,13.645,40.7035,85.4307,62.6074,6.0641,25.3605,146.4373,52.2824
2014-11-26,13.6,38.5686,85.4775,62.6074,6.2034,25.2068,148.6757,52.1171
2014-11-28,14.63,39.6979,86.3841,62.8337,6.0827,25.1253,149.2083,52.6315
2014-12-01,14.56,39.4012,86.1224,62.824,5.962,25.0939,150.2011,51.768
2014-12-02,14.9,39.7061,86.9262,63.2766,6.1106,25.0374,152.7916,52.2732
2014-12-03,14.82,40.2832,85.2905,63.6636,6.1384,25.4264,151.6994,52.8336
2014-12-04,15.09,41.0415,85.8326,63.5516,6.1199,25.4483,150.3275,52.6499
2014-12-05,15.19,40.3903,86.5991,64.0895,6.1756,25.3762,152.7555,52.0895
2014-12-08,15.51,37.9422,87.4497,64.0286,6.0827,25.097,154.9217,51.9425
2014-12-09,15.045,38.5686,87.2627,64.2817,6.0549,25.2664,152.8909,51.8966
2014-12-10,15.15,37.225,86.6926,63.6928,5.9991,24.6202,149.2805,51.4648
2014-12-11,15.29,37.4806,87.0477,64.0335,6.0734,24.7614,149.9033,51.7955
2014-12-12,14.81,37.1838,85.0568,62.4906,5.9899,24.2783,148.5043,51.5842
2014-12-15,14.94,36.9613,84.1595,62.4711,5.9341,24.1685,144.0545,52.4937
2014-12-16,14.44,37.4393,82.4771,61.6704,5.897,23.9145,143.91,51.2443
2014-12-17,15.13,38.4367,84.5334,63.0503,6.1106,24.0462,147.5565,51.7496
2014-12-18,15.37,38.7417,87.0851,64.2866,6.287,24.799,152.0695,53.1736
2014-12-19,15.37,39.3022,86.8328,63.6806,6.287,24.7677,153.5949,49.4804
2014-12-22,15.4,39.2445,87.5057,64.2988,6.2592,24.9904,148.5043,50.2154
2014-12-23,15.29,40.2172,87.6927,64.5543,6.4356,25.3417,142.1771,50.7298
2014-12-24,15.5,40.2172,87.9357,65.1311,6.4077,25.3354,145.0202,50.8125
2014-12-26,15.68,40.3491,88.132,64.8853,6.2777,25.5424,147.5385,50.9503
2014-12-29,15.7,40.8001,88.1133,64.5957,6.3706,25.5142,146.9879,51.9517
2014-12-30,15.89,40.8333,88.1133,64.3815,6.4077,25.3323,144.9841,51.768
2014-12-31,15.86,40.8167,86.9636,63.8096,6.3892,25.1503,143.7747,51.6118
2015-01-02,15.79,40.9746,86.9449,64.4959,6.5006,25.2037,144.3162,51.4832
2015-01-05,15.22,39.4783,84.6456,63.0722,6.417,24.8084,142.6013,51.3454
2015-01-06,14.97,38.1316,82.8416,62.6658,6.5563,24.4948,138.0071,50.0133
2015-01-07,15.1,37.9238,84.6509,63.5054,6.6771,24.7928,142.8269,52.2916
2015-01-08,14.88,38.5306,85.8509,64.3572,6.7699,25.2005,142.3124,52.8244
2015-01-09,14.38,38.7551,84.7634,63.4032,6.8164,24.8837,140.5614,51.6485
2015-01-12,14.55,37.2172,83.901,63.2791,6.8721,24.6924,141.0037,52.1722
2015-01-13,14.81,36.5106,83.6479,63.464,6.8999,24.4038,140.0289,51.1065
2015-01-14,14.665,36.5937,81.623,62.1937,7.0392,24.0933,140.0469,49.0774
2015-01-15,14.75,36.0284,80.5074,61.6023,6.9835,24.002,137.1225,48.0813
2015-01-16,14.85,36.8015,80.6574,62.0452,7.0207,23.8886,142.9984,48.0259
2015-01-20,15.22,36.336,81.8011,62.5052,7.1042,23.7815,142.2493,47.8138
2015-01-21,15.28,36.4108,82.1855,62.6123,7.1785,24.2917,142.0507,48.4318
2015-01-22,16.48,37.1091,79.0919,62.6901,7.2435,24.553,144.0274,49.3264
2015-01-23,16.55,37.2587,78.8669,62.8581,7.355,24.342,144.244,49.2987
2015-01-26,16.4,36.9262,78.0888,62.4297,7.2064,24.3011,144.1718,49.7968
2015-01-27,16.25,37.4666,77.2451,61.0815,7.2343,22.5408,143.4136,49.8798
2015-01-28,15.77,36.7184,76.6171,59.9547,7.1321,22.6006,139.5776,49.6123
2015-01-29,17.155,36.868,76.8702,60.3539,7.1321,22.6668,141.1391,50.1288
2015-01-30,16.79,36.9761,75.6421,62.0355,7.0578,22.4337,137.4294,49.0866
2015-02-02,16.64,37.9238,76.992,62.1401,7.0764,22.3582,137.646,49.1973
2015-02-03,16.185,39.3037,78.4919,63.2231,7.1785,22.5628,137.4023,50.4148
2015-02-04,16.73,38.7717,78.3795,64.4642,7.1971,22.5377,136.6983,50.1104
2015-02-05,16.88,39.2206,79.4294,66.1459,7.2621,22.7896,138.4223,50.175
2015-02-06,17.0,38.4309,79.6919,65.0799,7.2621,22.9722,136.6532,48.9759
2015-02-09,16.38,38.3311,79.6637,64.603,7.2343,23.221,135.3986,48.358
2015-02-10,16.72,38.4059,80.4699,64.3815,7.2621,23.284,138.4382,49.1512
2015-02-11,16.555,38.3311,80.6293,64.7613,7.2714,23.1989,138.9282,49.2342
2015-02-12,16.74,38.8632,75.4453,65.9592,7.3735,23.4225,138.9917,49.889
2015-02-13,16.83,38.1898,73.1954,65.6476,7.3735,23.6776,139.2639,49.7691
2015-02-17,16.82,38.2979,74.1328,65.9495,7.3364,23.687,139.9535,49.4832
2015-02-18,16.83,37.8739,74.7891,65.5234,7.3178,23.6996,141.3509,49.5939
2015-02-19,17.02,37.4084,73.4954,65.5185,7.3364,23.8067,141.5959,50.8022
2015-02-20,17.49,36.9013,74.8359,66.4681,7.42,24.2066,143.0568,51.2449
2015-02-23,17.78,36.469,75.2765,66.4705,7.3828,23.8288,143.7464,51.6415
2015-02-24,18.07,36.5688,75.8015,66.339,8.6458,23.898,142.7936,51.4755
2015-02-25,17.53,36.4524,77.0295,66.4705,8.5901,24.1846,143.4379,51.54
2015-02-26,17.35,35.9287,78.042,66.6507,8.9801,24.1374,144.2454,51.5031
2015-02-27,17.19,36.4358,76.4858,66.0566,8.9894,23.8634,143.1112,51.8075
2015-03-02,17.57,36.6353,76.8983,67.7561,9.0173,24.3735,144.8443,51.7983
2015-03-03,17.88,36.6768,76.7858,67.0281,9.138,24.2413,143.8734,52.0565
2015-03-04,17.94,36.9927,75.5859,66.6507,9.0544,23.8382,144.445,53.025
2015-03-05,17.48,36.9512,76.0733,66.7432,9.1101,23.7437,144.8171,52.6007
2015-03-06,17.18,36.1365,75.2859,65.577,8.9801,23.3721,140.5343,54.759
2015-03-09,17.19,36.0866,75.4734,66.0834,9.0549,23.5642,140.6522,56.3177
2015-03-10,16.975,35.1306,74.161,64.569,8.9054,23.0478,139.3547,55.9211
2015-03-11,17.14,34.8729,74.4797,64.4594,8.9147,23.2273,138.5562,56.373
2015-03-12,18.1,35.0392,76.4577,65.6354,8.8867,23.4824,139.9626,56.7143
2015-03-13,18.12,34.7649,75.5578,64.5276,8.9147,23.0352,139.9717,56.5483
2015-03-16,18.7,35.3717,76.4014,65.4991,8.8213,23.095,147.9294,55.9949
2015-03-17,19.16,36.1116,75.989,64.3986,8.6905,22.7864,147.9657,56.4745
2015-03-18,19.24,36.8514,76.7389,65.1704,8.6998,23.1706,151.1142,56.4192
2015-03-19,19.37,36.0783,76.4389,65.0657,8.4475,23.0761,153.4462,57.2585
2015-03-20,19.48,36.6436,77.5264,65.65,8.5783,22.7297,154.3445,57.8303
2015-03-23,19.44,36.8015,77.0577,65.3286,8.597,22.6605,151.1142,57.4891
2015-03-24,19.58,37.1174,76.2796,65.3481,8.7746,22.5345,150.6333,57.8027
2015-03-25,18.78,37.2006,75.0984,64.0139,8.7185,22.3141,145.7426,57.2862
2015-03-26,18.52,36.7018,73.5704,63.8775,8.8773,22.3172,145.6791,56.5391
2015-03-27,19.28,36.0956,73.0923,63.8288,8.7465,22.3991,147.5301,57.0464
2015-03-30,19.36,36.2467,73.1673,63.9457,8.7559,22.5628,149.0863,58.6697
2015-03-31,19.25,35.8522,73.4777,63.7022,8.7559,22.7234,145.0439,58.107
2015-04-01,18.84,35.7515,74.2395,63.4782,8.7278,22.629,142.5486,57.6643
2015-04-02,18.91,36.3306,74.9638,63.5854,8.8587,22.7833,141.4416,57.7289
2015-04-06,18.555,36.2383,74.8979,63.4977,8.9428,22.9439,140.8972,57.6828
2015-04-07,18.58,36.6495,73.6752,64.0821,8.9708,22.6132,142.712,56.7697
2015-04-08,19.29,36.5824,74.0138,64.7638,8.9334,22.5156,145.4794,57.7658
2015-04-09,19.13,36.809,74.4558,64.7053,8.8773,22.3519,146.532,57.7012
2015-04-10,19.045,37.0188,74.8603,64.608,8.7465,22.3582,148.2469,57.2032
2015-04-13,19.85,36.7838,74.5593,63.897,8.9147,22.3078,147.4394,56.9818
2015-04-14,19.7,37.2202,74.7662,63.8191,8.9988,22.3645,147.512,56.1148
2015-04-15,19.43,38.3112,75.0108,63.9652,9.0175,22.5628,150.1434,56.3556
2015-04-16,19.56,38.4706,76.1019,63.936,8.8493,22.9328,151.4137,56.263
2015-04-17,19.42,38.714,72.7252,62.8355,8.625,22.5565,148.4284,54.9293
2015-04-20,19.57,38.756,72.6405,63.0303,8.5222,22.8253,150.597,55.4109
2015-04-21,19.83,38.5462,72.6876,63.6438,8.5409,22.7115,152.8564,55.6425
2015-04-22,19.67,39.1169,73.7786,66.2344,8.5129,22.7937,153.4371,55.5684
2015-04-23,19.75,39.4526,73.5059,65.9519,8.4288,22.8316,153.5006,56.2352
2015-04-24,19.89,39.5533,73.3554,65.7182,8.2793,22.4869,152.3573,56.3648
2015-04-27,19.71,40.2666,72.8851,65.3481,8.2606,22.7083,147.3396,55.6332
2015-04-28,21.02,39.7966,72.8851,65.0267,8.1765,22.7842,147.4394,55.5776
2015-04-29,20.73,39.1504,72.5747,65.5818,8.0924,22.8917,146.0692,55.0682
2015-04-30,20.53,38.9574,72.8475,64.3255,8.1391,22.6482,143.2836,55.059
2015-05-01,21.56,38.8231,73.0638,64.0528,8.3447,22.9455,145.5067,55.8277
2015-05-04,21.58,39.2595,73.6281,63.8678,8.6064,23.0087,147.0946,56.1055
2015-05-05,21.4,38.479,73.2143,64.2379,8.7839,22.8411,144.6719,56.2352
2015-05-06,21.17,37.6398,73.2237,63.9554,8.5596,22.8917,144.2273,56.4112
2015-05-07,21.49,37.2621,73.7692,64.8417,8.1578,22.7937,143.2745,57.0594
2015-05-08,21.76,37.5811,74.2865,67.6562,8.4101,22.9392,147.3033,56.902
2015-05-11,21.83,37.3545,74.9638,67.218,8.8773,22.9739,146.1328,57.115
2015-05-12,21.71,37.5978,74.3806,66.8966,8.9988,22.9961,144.2908,56.3371
2015-05-13,21.42,37.4803,75.1143,66.9746,8.9428,23.1637,144.4276,56.8187
2015-05-14,21.48,37.5139,75.9514,68.2917,8.9147,23.4799,147.7011,56.7723
2015-05-15,21.42,38.093,75.4529,67.8722,8.868,23.3945,148.0476,57.115
2015-05-18,21.83,37.5559,75.4058,68.2917,8.8773,23.4483,149.0324,58.143
2015-05-19,21.75,37.1698,76.5251,68.4478,8.9054,23.3091,149.1418,58.7635
2015-05-20,20.24,36.9013,76.1489,68.0771,9.1577,23.3439,149.5248,58.8006
2015-05-21,20.18,37.3041,75.9608,67.6771,9.1203,23.4293,149.3971,59.2729
2015-05-22,20.445,36.8509,76.4216,67.921,8.9708,23.2617,149.16,58.7728
2015-05-26,19.555,36.4145,75.4246,66.8673,8.9614,23.0783,144.9929,57.93
2015-05-27,20.18,36.6915,75.3494,67.7941,8.7372,23.1921,146.2968,58.7265
2015-05-28,19.92,36.8257,75.3306,67.8624,8.8867,23.1795,143.4792,58.4672
2015-05-29,20.16,36.3977,74.9826,67.0039,8.9614,22.955,142.4853,58.532
2015-06-01,20.7,35.8774,74.7474,67.4234,8.8867,22.8886,143.1874,58.5505
2015-06-02,20.6,36.2047,75.2365,67.3551,8.9708,23.015,142.6495,57.9763
2015-06-03,20.72,35.5921,75.8103,67.2673,9.0742,23.072,143.2786,58.9025
2015-06-04,20.38,34.7444,74.644,66.5454,9.0366,22.9518,144.154,58.2634
2015-06-05,20.49,34.7864,74.6722,66.7015,9.0742,22.9044,143.3881,58.0412
2015-06-08,19.01,34.2493,74.1266,66.0283,9.1212,22.898,142.6768,57.8837
2015-06-09,18.87,34.4759,74.4653,66.2917,9.0742,22.9044,141.154,57.4206
2015-06-10,19.15,35.6005,75.4246,67.9307,9.1589,23.0688,141.8379,57.8837
2015-06-11,19.27,35.5081,75.5281,67.9405,9.3657,23.2332,144.0355,58.495
2015-06-12,19.525,35.1808,74.8039,67.6381,9.4786,22.9581,142.3577,58.7172
2015-06-15,19.54,35.3487,74.5405,66.8966,9.6008,22.7083,142.3394,57.9485
2015-06-16,19.55,35.3487,74.644,67.3259,9.6572,22.7083,142.458,58.356
2015-06-17,19.54,35.8019,75.5469,67.0722,9.8547,22.7051,141.9291,58.5135
2015-06-18,19.96,35.6508,75.9702,67.8039,9.8829,22.8759,146.0051,59.0229
2015-06-19,20.23,35.3655,75.4246,67.0137,9.7325,22.721,146.5522,59.4489
2015-06-22,21.21,35.8606,76.4216,67.4039,9.7795,22.7526,147.9199,60.0879
2015-06-23,21.15,36.4397,76.5251,67.7259,9.629,22.7399,147.4367,60.9863
2015-06-24,20.9,36.532,75.942,67.1795,9.5632,22.7431,145.7953,60.7084
2015-06-25,21.165,36.49,75.1331,66.9454,9.6008,22.7083,144.7649,61.1808
2015-06-26,20.79,35.7675,75.1331,67.0722,9.5162,22.9044,144.0902,62.3384
2015-06-29,20.2,34.886,73.1767,65.0918,9.2905,22.3257,138.2361,61.153
2015-06-30,20.76,34.4283,73.375,65.5113,9.1965,22.4616,139.9869,62.0606
2015-07-01,20.06,33.8774,74.0169,66.1942,9.3281,22.5597,141.3273,62.9497
2015-07-02,20.63,34.4537,73.8376,66.5747,9.2341,22.4933,139.7498,62.5237
2015-07-06,20.75,33.6825,73.2522,66.4576,9.2905,22.3921,140.8805,62.9682
2015-07-07,21.015,33.7248,73.2145,66.1161,9.4974,22.4522,141.692,63.7832
2015-07-08,20.67,33.1909,71.685,65.1015,9.3939,21.9715,138.8835,63.8388
2015-07-09,20.9,32.8349,72.0721,65.4137,9.2905,21.747,137.9717,63.8573
2015-07-10,21.72,33.3773,72.9879,66.7503,9.6384,21.7849,140.5157,64.4223
2015-07-13,21.99,33.6825,74.1397,67.8234,9.8453,22.0506,142.0294,65.2836
2015-07-14,22.45,33.6825,74.5551,68.3893,9.9393,22.0031,145.2756,65.0057
2015-07-15,22.29,33.6909,74.1491,68.3112,9.7137,21.279,146.306,64.541
2015-07-16,22.74,34.0045,74.5079,68.8478,9.8923,21.2472,148.6676,64.9964
2015-07-17,22.94,33.8774,74.7911,69.1502,9.9769,20.866,148.8774,64.5596
2015-07-20,22.88,33.2502,74.8666,70.9258,10.0522,21.3552,149.853,65.0708
2015-07-21,23.21,32.8942,74.5362,70.2624,10.4753,21.2885,149.2695,64.699
2015-07-22,23.52,32.0806,74.574,70.2136,10.3155,21.2091,149.771,65.3032
2015-07-23,23.22,31.7839,72.7047,69.999,10.1744,22.2351,149.6342,64.9686
2015-07-24,22.73,32.0212,71.6567,72.9746,9.9769,22.054,144.6099,64.5317
2015-07-27,22.35,32.0297,70.7315,72.0575,9.7137,22.0889,150.9473,63.9369
2015-07-28,22.82,32.3348,70.9109,72.916,9.676,22.2827,157.5126,64.1414
2015-07-29,22.93,32.2501,71.4679,74.155,9.7701,22.6131,156.3545,64.5131
2015-07-30,22.86,32.7925,71.8644,74.516,10.4283,22.6829,156.5551,65.331
2015-07-31,22.98,32.979,71.8078,73.5014,10.5694,22.7083,161.0232,65.5727
2015-08-03,23.59,31.9704,71.7322,73.9209,10.6258,22.7115,160.1113,65.2288
2015-08-04,23.85,32.2416,71.4868,73.4331,10.9549,22.6639,159.391,66.6695
2015-08-05,23.68,31.7839,71.364,73.1502,10.748,22.8386,160.8864,67.3387
2015-08-06,23.27,31.8771,70.807,71.7843,10.6634,22.6671,154.7041,66.2791
2015-08-07,23.3,31.2415,75.2632,72.399,10.6164,22.6829,157.1205,66.0188
2015-08-10,23.27,31.4703,76.7171,72.5648,10.56,23.0959,155.5612,68.045
2015-08-11,23.59,31.1737,76.7926,71.5697,10.4001,22.7751,153.701,68.1473
2015-08-12,23.15,31.4025,76.4716,71.8629,10.5035,22.9561,155.5795,67.1249
2015-08-13,23.82,30.5888,76.245,72.244,10.8138,22.9148,154.4343,67.5338
2015-08-14,24.0,30.5803,76.3866,72.5274,10.6258,22.8799,153.6465,68.0543
2015-08-17,24.4,30.716,76.4716,72.713,10.7198,23.0133,155.5428,68.8165
2015-08-18,24.04,30.8431,76.6982,72.7717,10.56,22.8989,153.6465,68.8908
2015-08-19,23.94,29.9362,76.4244,72.7033,10.3343,22.4256,152.593,68.8351
2015-08-20,22.97,29.2497,74.3568,72.2635,10.2402,22.0095,147.6278,66.6602
2015-08-21,21.67,28.7326,72.7235,69.5665,9.9205,21.4187,142.1679,64.1506
2015-08-24,21.22,27.7495,70.4766,66.801,9.6478,20.5801,135.2514,62.9609
2015-08-25,21.48,27.4274,69.4098,65.4427,9.7897,20.5833,133.007,63.1747
2015-08-26,22.21,27.5291,71.4018,69.0779,10.0167,20.9105,141.0594,65.6935
2015-08-27,22.38,28.9615,72.5819,70.7489,10.0735,21.5077,142.6534,66.7624
2015-08-28,22.295,29.1903,72.3648,70.8075,10.0451,21.7205,142.8091,66.5672
2015-08-31,22.32,29.3429,72.4309,69.674,9.9883,21.9142,139.044,65.7958
2015-09-01,22.11,28.2072,69.8629,67.3873,9.61,20.9391,135.0865,65.4333
2015-09-02,23.53,28.0546,70.7504,68.0323,9.5816,21.2154,139.5112,66.3999
2015-09-03,23.42,28.4953,71.0525,68.7945,9.7897,21.4473,136.708,65.8887
2015-09-04,23.72,27.9275,69.9385,67.5828,9.61,21.5204,134.6834,65.8144
2015-09-08,24.87,28.1648,71.2696,68.9215,10.6788,22.0095,141.5907,67.1899
2015-09-09,24.88,27.9444,70.9203,68.0127,10.3856,22.0572,138.4028,66.1118
2015-09-10,25.38,27.9783,71.0997,68.6284,10.7072,22.0222,140.2899,66.5858
2015-09-11,25.68,27.3172,71.2791,69.1463,10.7545,22.0635,140.354,67.1063
2015-09-14,26.33,27.6393,70.9392,68.4134,10.6032,21.8285,138.3295,67.2085
2015-09-15,26.37,27.3681,72.2232,68.902,10.5275,22.2192,139.3738,67.5153
2015-09-16,26.65,28.2411,72.9973,69.371,10.7734,22.4923,138.4944,68.1845
2015-09-17,27.02,28.3258,72.7519,69.3417,10.7356,22.3399,140.9953,68.3146
2015-09-18,26.91,28.258,71.7039,68.1984,10.6504,21.8571,137.9539,68.1659
2015-09-21,26.84,29.2751,72.4498,69.1658,10.9437,22.2255,134.7476,68.1194
2015-09-22,26.34,28.6903,71.4773,68.6479,10.6883,21.6125,133.6849,67.9149
2015-09-23,26.62,27.7834,71.4018,69.3319,10.6694,21.3107,133.4925,68.6399
2015-09-24,26.39,27.7834,70.5144,68.6381,10.5464,20.812,131.468,69.1325
2015-09-25,26.66,28.097,70.9014,69.0779,10.5369,21.1106,126.9058,70.4151
2015-09-28,25.48,26.6362,69.2398,65.6675,10.1397,20.8628,121.1436,68.6678
2015-09-29,25.19,26.4389,69.0133,66.9671,9.9789,20.8088,122.5911,66.8368
2015-09-30,25.77,27.0909,69.9857,68.0714,10.2437,21.2917,126.7135,66.8925
2015-10-01,26.23,27.3568,69.7591,68.3938,10.2721,21.1837,128.4632,66.1304
2015-10-02,26.22,27.8801,70.25,69.0583,10.2059,21.5521,130.5152,65.8794
2015-10-05,26.49,29.3385,72.9784,70.5828,10.4802,22.4225,131.7336,67.0598
2015-10-06,25.5,29.5786,72.6102,70.4362,10.2059,22.6194,129.3701,65.7493
2015-10-07,25.63,30.2735,73.141,71.5502,9.8938,23.0895,135.627,64.2715
2015-10-08,25.26,30.2306,73.141,72.2147,9.9883,23.6422,137.3218,66.2698
2015-10-09,26.1,29.8703,73.2831,72.2928,10.1208,23.3405,137.0378,66.0281
2015-10-12,26.86,29.8875,73.2642,73.2798,10.0735,22.9116,140.1891,65.7772
2015-10-13,24.75,29.6301,72.5913,73.2896,10.0829,22.3462,135.1964,65.0522
2015-10-14,24.32,29.9818,72.1838,72.5078,10.0167,22.0762,135.4071,63.9142
2015-10-15,24.38,29.999,72.724,73.6218,10.291,22.1369,139.7402,63.9422
2015-10-16,24.1,29.9475,73.1694,74.2668,10.2343,21.8338,139.8044,65.3507
2015-10-19,24.68,29.2098,72.9704,75.2342,10.4424,22.0475,141.5083,66.0783
2015-10-20,24.57,29.6215,72.923,74.5404,10.8585,21.77,137.8256,65.0709
2015-10-21,24.26,29.2441,72.506,73.7391,10.8112,21.5052,137.4958,65.4626
2015-10-22,24.62,29.3728,68.7059,74.6772,10.8869,22.8578,139.5295,64.6791
2015-10-23,24.97,29.2441,70.6865,75.3124,10.972,23.1928,142.6809,59.3343
2015-10-26,26.21,28.8838,70.3074,76.3971,11.0855,23.1035,145.2734,61.0692
2015-10-27,25.36,28.6264,70.1369,75.7521,10.8207,22.7526,148.3881,61.6755
2015-10-28,24.64,29.1154,70.5538,77.0713,10.1491,23.5118,149.0202,63.4478
2015-10-29,24.93,29.0554,70.3359,76.7195,9.7235,23.5501,147.1056,63.3079
2015-10-30,24.84,28.8152,69.4261,75.8107,9.8843,23.4161,144.907,63.196
2015-11-02,25.72,28.9181,70.0705,73.5046,9.6289,23.8149,148.6904,63.653
2015-11-03,25.41,29.184,70.1558,76.1234,9.5438,24.2711,148.8278,64.5392
2015-11-04,25.03,29.4071,70.1937,76.5632,9.5154,24.4115,148.2965,63.8023
2015-11-05,25.74,29.4757,70.061,77.4524,9.4492,24.4338,147.6919,64.3246
2015-11-06,26.09,27.9316,70.4117,76.9541,9.26,24.2392,146.9957,62.4777
2015-11-09,25.75,27.8887,69.5777,76.2603,9.0519,23.9521,146.2353,62.7016
2015-11-10,26.34,27.6399,69.5304,77.807,8.9573,24.0159,145.081,61.2371
2015-11-11,26.36,27.2539,69.0944,77.5133,8.7493,23.85,143.6978,58.0004
2015-11-12,25.76,26.5762,68.2131,76.6616,8.7209,23.0971,139.0112,57.2262
2015-11-13,25.2,26.6019,67.4739,76.4658,8.7303,22.861,139.536,54.1387
2015-11-16,25.02,27.3826,67.9098,77.2392,8.7965,23.0237,142.2522,55.1647
2015-11-17,24.945,27.3654,67.3886,77.1707,8.7965,22.8355,145.1064,55.5005
2015-11-18,25.47,27.7429,68.3742,78.7664,8.8817,23.515,148.1632,57.0116
2015-11-19,25.67,28.0946,68.9333,78.4629,9.5249,23.6618,146.8466,57.3941
2015-11-20,25.85,27.983,68.6301,78.5021,9.6951,23.7671,147.2333,60.6495
2015-11-23,25.79,27.5799,68.4595,78.4237,9.6478,23.7671,149.5903,60.6868
2015-11-24,25.34,27.923,67.8814,78.1105,9.7992,24.0414,149.8758,60.8547
2015-11-25,25.08,27.6742,67.9383,77.8853,9.9316,23.9585,150.953,61.6009
2015-11-27,25.22,27.3482,68.0899,78.1594,9.9982,24.0478,150.5571,61.7968
2015-11-30,24.74,27.0995,67.8909,77.3469,9.9506,24.0733,148.329,60.6308
2015-12-01,25.54,27.8115,68.4216,78.228,10.2931,23.8819,149.1392,61.2651
2015-12-02,25.59,27.4683,67.4739,77.3763,10.2741,23.6682,147.7949,61.461
2015-12-03,24.7,26.7821,66.7347,76.642,9.9792,23.5501,142.3903,59.6141
2015-12-04,25.48,26.825,67.3792,78.7076,9.9316,23.5278,148.6328,61.4517
2015-12-07,26.49,26.2073,66.9148,77.8755,9.8079,23.2885,145.7509,61.8714
2015-12-08,26.1,25.8813,66.2514,77.4056,10.3216,22.8036,146.7177,62.0953
2015-12-09,25.33,27.6742,66.204,76.2407,10.2931,22.6441,145.3734,61.974
2015-12-10,25.44,28.1031,66.441,76.4756,10.0743,22.5835,147.0123,62.5617
2015-12-11,23.435,27.5198,65.2564,74.5079,9.8555,22.223,142.8506,61.9367
2015-12-14,23.12,28.9181,65.2279,75.2519,9.8555,21.9359,145.576,61.5916
2015-12-15,23.2,29.3385,66.4789,76.9651,10.0457,21.9423,149.7239,59.5581
2015-12-16,23.18,29.9818,67.0096,78.179,10.217,22.156,151.5331,60.7055
2015-12-17,22.75,28.6522,65.9292,77.0336,10.0172,22.156,148.6328,59.7074
2015-12-18,22.56,28.1375,64.3182,74.7135,9.9316,22.2358,146.2113,59.9592
2015-12-21,23.31,27.4941,64.8204,75.5456,10.1409,22.4846,146.6532,59.7074
2015-12-22,23.37,27.8544,65.2469,75.7512,10.1789,23.011,149.4338,62.1699
2015-12-23,23.31,29.021,66.3083,76.9064,10.3787,23.3842,149.8205,62.4964
2015-12-24,23.33,28.9524,66.4883,76.6127,10.4453,23.3715,150.5847,60.6215
2015-12-28,23.29,28.5235,66.1093,76.877,10.4168,23.3938,148.909,60.8734
2015-12-29,23.415,28.8645,66.8579,77.5427,10.6736,23.3491,151.4042,61.2745
2015-12-30,23.01,28.2572,66.4883,76.7008,10.7021,23.2471,150.3453,60.5749
2015-12-31,22.65,28.2746,65.9103,75.9176,10.4548,22.9918,149.4614,60.7148
2016-01-04,21.88,28.1965,64.0528,74.1066,10.5024,22.861,145.7877,60.92
2016-01-05,21.785,27.9535,63.0673,74.6646,10.5119,22.5835,145.6312,61.7782
2016-01-06,21.85,27.5024,61.3159,73.6856,10.6831,22.089,144.2962,60.8454
2016-01-07,20.78,26.4179,60.7639,72.2368,10.7021,21.5116,140.8527,60.1085
2016-01-08,20.28,26.6608,60.564,71.3459,10.6165,21.0873,138.758,58.4854
2016-01-11,20.49,26.7736,60.9638,72.364,10.2455,21.183,135.982,58.4108
2016-01-12,20.88,27.3896,61.2969,73.1864,10.3121,21.2946,138.8363,59.1104
2016-01-13,19.985,26.7303,59.8216,71.5613,9.9126,20.6662,133.9288,57.7338
2016-01-14,20.68,27.1554,60.2404,72.2466,9.7889,20.9772,141.0184,57.6401
2016-01-15,20.69,25.585,59.8787,70.318,9.494,20.9163,139.3058,56.7973
2016-01-19,20.26,25.6458,59.6217,69.8873,9.3132,21.0189,139.3058,58.895
2016-01-20,20.83,25.7759,59.9929,69.1922,9.513,20.8361,142.7309,58.2863
2016-01-21,20.82,27.2248,59.6217,70.0537,9.3893,20.4738,140.6685,60.4589
2016-01-22,21.51,28.7344,52.407,71.1697,9.4845,20.8008,143.7069,61.0583
2016-01-25,21.57,27.9102,52.3689,70.2299,9.4464,20.3808,141.267,60.3746
2016-01-26,21.58,29.0467,52.4355,70.367,9.6462,22.3688,141.5892,61.9292
2016-01-27,21.25,29.1074,51.893,69.4174,9.5701,22.1348,138.5416,61.5452
2016-01-28,19.92,29.9924,50.332,67.8707,9.6272,22.542,136.5897,63.0342
2016-01-29,21.31,29.9837,50.9221,72.922,9.7699,23.3052,140.6225,63.2683
2016-02-01,22.38,29.8449,52.0643,72.8144,9.6842,22.4137,140.6409,64.7105
2016-02-02,21.29,29.3677,51.0744,71.855,9.7984,22.1444,138.2102,64.748
2016-02-03,20.84,30.2787,51.5027,72.8144,9.9506,22.5035,138.7442,64.1393
2016-02-04,20.76,30.9554,51.7597,72.1291,9.6557,23.3116,138.026,63.7272
2016-02-05,19.7,30.7992,51.379,70.0341,9.4845,23.3436,133.5421,61.6295
2016-02-08,19.34,30.296,49.8751,66.3435,8.9993,23.0967,131.6638,60.4121
2016-02-09,20.08,29.8796,50.094,66.8917,8.9042,22.9749,131.8111,59.5974
2016-02-10,20.13,30.0444,49.7704,68.6734,8.9708,22.7889,133.3303,59.9064
2016-02-11,20.49,30.0358,48.6473,67.0288,8.7329,22.9396,131.1516,59.9158
2016-02-12,21.25,30.4262,50.1226,68.9377,8.9803,23.3404,134.1741,61.7606
2016-02-16,21.44,30.6257,50.6175,69.6034,9.2752,23.9721,136.427,63.3807
2016-02-17,21.48,31.6234,51.0268,70.6529,9.4654,24.6808,140.0613,63.362
2016-02-18,21.3,31.7189,51.5408,69.878,10.1409,24.4755,138.4203,62.7439
2016-02-19,21.36,31.502,52.0738,70.1625,10.6736,24.3858,139.1806,63.2122
2016-02-22,22.39,32.144,52.9495,71.6632,10.7592,24.9597,137.7342,62.978
2016-02-23,22.53,32.0312,52.4545,70.7706,10.8829,24.5749,136.529,62.0041
2016-02-24,23.37,32.17,52.0072,70.4764,11.2063,24.5974,136.3899,62.5285
2016-02-25,23.2,31.1983,52.7211,71.8692,11.8627,24.5749,136.0561,62.772
2016-02-26,22.3,31.8924,52.7115,71.3396,11.6344,24.6776,136.8442,60.0656
2016-02-29,22.0,31.8403,52.9019,71.0061,11.6439,25.1136,131.9119,58.5298
2016-03-01,22.3,31.8837,54.0631,73.213,11.9769,25.4728,137.5766,59.4382
2016-03-02,22.4,31.6061,54.3677,72.8795,11.6915,25.5529,136.7422,59.5599
2016-03-03,22.25,31.9358,55.291,72.497,12.053,25.6299,135.2124,59.2228
2016-03-04,21.98,32.0919,55.4813,72.4872,12.1101,26.1975,135.3422,58.998
2016-03-07,21.9,32.3088,56.1571,70.5647,12.1292,26.5277,136.5753,58.3987
2016-03-08,19.91,32.0832,56.5664,69.2699,12.0145,26.3033,134.0906,59.4101
2016-03-09,20.09,32.2047,56.2047,69.3287,12.4255,26.0852,130.6324,58.7264
2016-03-10,20.0,30.938,55.9192,68.8775,12.1387,25.9089,130.753,59.3539
2016-03-11,20.16,31.1983,56.5949,70.2606,12.3968,26.0981,134.035,60.0656
2016-03-14,20.11,31.0335,56.6996,70.1233,12.3777,25.8576,134.0814,60.1967
2016-03-15,20.26,31.4499,56.376,70.5352,12.3777,25.9025,132.7741,59.1198
2016-03-16,20.26,31.8403,56.8234,70.9864,12.4255,26.3033,133.488,59.4943
2016-03-17,19.87,33.0376,57.1851,71.7417,12.5115,26.8708,133.6271,60.9833
2016-03-18,20.31,32.6645,58.2701,72.3695,12.3395,27.0504,134.9065,61.077
2016-03-21,20.17,32.1353,58.2606,72.3597,12.3395,26.9991,136.2972,62.4162
2016-03-22,20.13,32.7947,57.6895,71.5652,12.2917,26.5341,139.6441,61.9854
2016-03-23,20.57,32.6038,57.7086,72.497,12.1387,26.082,137.9197,59.7378
2016-03-24,20.24,32.786,57.5563,72.7226,12.2152,26.3963,138.3647,59.4382
2016-03-28,20.79,32.9847,57.3754,72.6637,12.3872,26.191,137.5581,61.0583
2016-03-29,21.04,33.3026,57.68,73.9389,12.4924,27.0119,138.5965,61.6295
2016-03-30,21.28,34.3556,57.385,75.3121,13.171,26.9253,138.5872,61.564
2016-03-31,21.12,34.496,58.4415,75.0179,13.2761,26.9221,139.0044,60.4027
2016-04-01,21.33,33.4781,58.1559,76.1066,13.5629,27.5827,142.9262,59.7004
2016-04-04,20.41,33.2324,57.699,76.3421,13.4386,26.6752,143.3897,59.4756
2016-04-05,20.09,32.5216,57.2898,75.4985,13.3239,26.4796,141.8043,58.8107
2016-04-06,19.99,33.0042,57.2706,76.7148,13.3908,26.672,148.0254,59.2415
2016-04-07,19.44,32.9691,56.2951,76.0968,13.3335,26.3482,145.9115,58.408
2016-04-08,19.37,33.9432,56.9072,76.5382,13.6489,26.579,145.0586,57.9773
2016-04-11,19.15,34.303,57.1941,76.3322,13.4291,26.6881,144.9937,55.6829
2016-04-12,19.11,34.4609,58.0358,77.0189,13.3048,27.1434,147.0426,56.1699
2016-04-13,19.98,34.303,59.4513,78.1861,13.2666,27.4737,148.3962,58.3008
2016-04-14,20.6,34.4785,59.786,78.7943,12.9894,27.1582,148.4518,57.7833
2016-04-15,20.83,34.3556,59.4322,78.549,12.8747,27.2838,148.4611,57.7645
2016-04-18,20.99,35.0577,59.8625,79.8928,12.8365,27.3192,149.9167,58.7994
2016-04-19,21.28,35.7246,60.7998,79.2062,12.9129,27.5026,150.2876,58.1032
2016-04-20,20.99,35.8562,62.1867,79.5986,12.8174,26.4694,150.8995,57.6892
2016-04-21,20.53,35.7246,62.7509,79.2455,12.5688,25.7644,152.3736,56.8802
2016-04-22,20.44,35.2683,63.057,77.5976,12.4255,25.9318,151.2981,56.8331
2016-04-25,20.37,35.1542,62.837,76.6461,12.4255,25.6324,151.5485,56.7861
2016-04-26,20.33,35.435,63.3152,77.0287,12.8365,25.9415,150.9829,57.6516
2016-04-27,20.6,35.9528,63.3439,77.2543,12.6644,25.8835,149.2677,58.2631
2016-04-28,20.12,36.374,62.9709,76.1949,12.9225,25.4007,148.8598,57.8304
2016-04-29,19.79,36.4091,62.5788,75.7633,12.674,25.2333,146.7645,57.8021
2016-05-02,19.84,36.567,62.8179,76.96,12.7696,25.3138,147.4042,58.3666
2016-05-03,19.93,35.6105,62.0241,75.7143,12.6262,25.2011,144.9566,57.8774
2016-05-04,19.33,35.1454,61.4598,75.5966,12.7696,24.9114,142.9447,58.1879
2016-05-05,19.33,35.2244,61.1346,75.881,13.3908,24.876,143.0096,56.8425
2016-05-06,19.0,34.9699,61.6989,76.2342,13.7254,25.5101,142.0268,57.1812
2016-05-09,19.46,34.6013,61.192,76.7246,13.8592,25.4007,144.0851,58.4795
2016-05-10,19.34,35.0313,62.0145,77.6861,14.0408,25.9318,145.7817,57.4164
2016-05-11,19.06,35.3473,61.7754,75.9567,14.0981,25.7644,142.9447,55.2902
2016-05-12,18.17,35.3911,61.5363,76.5364,13.907,26.1088,141.758,55.5442
2016-05-13,18.28,35.0928,61.3259,75.4949,13.6394,25.7676,142.1779,54.0578
2016-05-16,18.32,35.8475,61.2781,76.448,14.1077,25.9125,143.0365,55.7983
2016-05-17,18.33,35.8475,60.0251,75.4556,13.6298,25.7483,140.0875,55.1397
2016-05-18,18.29,35.2156,60.752,76.0844,13.8592,25.4007,140.7594,53.7379
2016-05-19,17.92,35.3911,60.006,75.544,13.9261,25.0981,138.7436,55.0833
2016-05-20,18.11,35.7685,61.1346,76.3203,13.8974,25.42,140.1528,51.5271
2016-05-23,17.71,35.4526,60.819,75.8683,13.8018,25.5616,139.3315,50.8779
2016-05-24,18.07,35.7772,62.0432,78.0006,13.907,25.9382,142.5232,50.9061
2016-05-25,18.04,36.295,62.464,77.6861,13.754,25.8417,145.1829,51.5929
2016-05-26,17.67,36.4617,62.3875,77.6272,13.7636,25.7902,145.1642,51.4706
2016-05-27,18.25,36.725,62.6649,78.2757,13.8783,25.935,146.2748,51.7905
2016-05-31,17.93,36.3827,62.8944,77.5682,13.8403,25.8385,147.404,52.609
2016-06-01,17.93,37.0936,63.0379,77.8433,13.9555,25.9511,147.4973,51.6494
2016-06-02,17.97,37.2427,63.5161,78.5607,14.2338,26.3342,149.1958,51.8187
2016-06-03,17.73,37.6727,62.6362,78.5508,14.2626,26.0927,148.5612,51.6023
2016-06-06,17.96,38.5152,63.0666,79.1404,14.0611,26.2923,149.4944,51.3577
2016-06-07,18.55,38.4099,63.0187,79.1994,15.4912,26.2215,148.2812,51.9128
2016-06-08,18.35,37.9623,63.3726,80.2311,15.7215,26.273,147.4507,52.0069
2016-06-09,18.43,38.094,62.8466,79.8479,15.8175,26.1153,146.3121,52.355
2016-06-10,18.09,37.5938,62.1388,78.7867,15.4144,25.7644,144.4457,52.3926
2016-06-13,17.31,37.585,60.8955,77.0376,15.184,25.6163,142.8592,51.7623
2016-06-14,16.77,37.6552,58.4088,77.2046,15.0689,25.6646,142.7752,51.4048
2016-06-15,16.66,37.4621,58.7435,76.8116,15.3376,25.5294,141.7579,51.0284
2016-06-16,16.47,37.5938,59.2313,76.9885,15.1456,25.4168,142.1312,50.1441
2016-06-17,16.3,38.0588,59.1644,75.6521,15.1552,25.5713,139.6302,50.4734
2016-06-20,16.31,38.4362,59.5852,75.996,15.2224,26.1056,140.5914,50.5392
2016-06-21,16.34,39.1821,59.5756,75.9862,15.1648,25.9221,139.4435,50.765
2016-06-22,16.2,39.0417,59.2504,75.2001,14.6273,25.9801,139.8075,50.3793
2016-06-23,16.29,39.4541,60.4938,76.8705,14.6753,26.5692,142.1032,49.9936
2016-06-24,15.46,38.6907,57.4428,73.7458,13.6292,24.9404,136.6718,49.9654
2016-06-27,15.15,38.4285,55.1569,72.0655,12.7173,24.1324,134.9267,48.7235
2016-06-28,15.73,38.8253,55.3769,73.8539,13.6292,24.4028,138.5103,49.0904
2016-06-29,16.41,39.6143,57.3186,75.4064,13.322,24.8921,140.0781,51.8187
2016-06-30,16.56,40.0841,58.4048,72.8811,13.3988,25.4264,141.9913,51.6117
2016-07-01,16.64,40.7134,58.3376,73.1857,13.3988,25.2462,143.979,51.6682
2016-07-05,16.46,40.8464,56.8572,73.3724,13.5524,24.9082,143.9697,51.6588
2016-07-06,16.4,41.3162,57.1745,72.773,13.7251,24.6829,145.6309,52.5431
2016-07-07,16.65,40.9616,57.4917,73.2152,13.8499,24.979,146.1348,52.0727
2016-07-08,17.11,40.9793,59.1065,75.092,13.7635,25.597,150.3437,54.0108
2016-07-11,17.24,40.7046,59.7506,75.1903,13.7059,25.8996,149.4851,54.6693
2016-07-12,18.01,40.9971,60.558,76.1336,14.2818,26.0026,151.1463,54.9152
2016-07-13,18.21,41.458,60.6541,76.1139,14.157,25.8546,149.8024,54.7876
2016-07-14,18.57,41.7328,61.1444,76.7821,14.0131,25.9451,151.8742,54.5607
2016-07-15,18.64,41.8924,61.3078,76.9393,13.9651,25.9645,152.3781,54.4945
2016-07-18,18.51,41.3782,61.5096,76.9492,13.9171,25.8513,152.0515,55.591
2016-07-19,18.29,41.2275,61.673,77.352,13.8211,25.7447,151.6409,55.2413
2016-07-20,18.13,40.9262,61.9806,77.9809,13.7443,25.9483,152.3501,55.1278
2016-07-21,17.4,40.9262,60.9713,77.4208,13.6196,23.7148,153.2274,55.4114
2016-07-22,17.58,40.5893,61.7884,78.5213,13.6771,23.8473,154.6086,55.9408
2016-07-25,17.28,40.4652,61.8365,77.5682,13.6675,24.0284,155.4391,55.988
2016-07-26,18.67,40.3588,61.8749,77.126,13.6196,24.1835,156.475,56.2338
2016-07-27,18.56,39.9866,62.0864,77.1653,13.7059,24.051,159.284,56.3378
2016-07-28,18.71,40.6691,62.2786,77.8139,14.0995,23.6954,159.844,56.0258
2016-07-29,18.33,41.0857,61.9614,76.6937,14.3298,23.9217,160.5439,56.3567
2016-08-01,18.2,40.5273,61.6442,76.9,14.0995,23.8441,162.5317,56.5457
2016-08-02,17.01,41.0325,61.0098,76.9197,14.1954,23.6469,162.5224,55.0333
2016-08-03,16.9,40.9528,61.3558,77.3422,13.8595,23.6728,161.8504,55.3547
2016-08-04,17.03,41.2187,61.4616,78.0988,15.2416,23.7213,161.1412,55.1089
2016-08-05,17.26,41.0059,62.9803,78.7473,15.9903,23.8958,162.0651,55.5721
2016-08-08,17.15,41.5821,63.2783,78.5607,15.9519,23.9055,160.8332,55.7234
2016-08-09,17.0,41.7683,62.8554,78.6687,16.403,23.8377,160.5906,55.1751
2016-08-10,17.13,41.6353,62.2306,78.2953,16.3646,23.7568,159.7973,55.2413
2016-08-11,17.07,42.2824,62.9419,78.7277,16.307,23.9314,160.9172,57.0467
2016-08-12,16.89,42.4242,62.8458,78.6294,16.2206,23.8118,161.4678,57.7935
2016-08-15,17.05,42.699,63.0861,79.504,16.3646,23.8958,163.8708,57.8313
2016-08-16,16.81,42.3356,62.7689,79.4057,16.1054,23.7019,161.5993,57.5572
2016-08-17,16.71,42.0874,63.1341,79.573,16.0862,23.731,163.6174,57.094
2016-08-18,16.65,42.4065,63.0861,79.0119,16.451,23.8538,164.0304,58.3039
2016-08-19,16.16,42.2292,62.9899,79.2088,16.2398,24.135,162.9697,64.7412
2016-08-22,16.05,42.2381,62.8265,79.7896,16.0574,24.2255,163.6549,64.5143
2016-08-23,15.96,42.0431,63.1341,79.5336,15.7877,24.4324,163.7019,64.6939
2016-08-24,16.11,41.4491,62.6343,79.0316,15.5758,24.1867,160.3602,64.486
2016-08-25,16.01,41.3782,62.4805,79.0612,15.4313,24.2708,159.7877,63.2477
2016-08-26,15.81,40.9971,62.2786,79.3072,15.4506,24.3322,161.4209,62.8979
2016-08-29,15.76,40.9793,62.9803,79.6025,15.4217,24.4162,160.9891,62.8034
2016-08-30,16.09,40.5095,62.913,79.8978,15.4795,24.1932,160.2852,62.0094
2016-08-31,15.95,40.2879,63.038,79.6321,15.3543,23.8118,159.6281,62.0472
2016-09-01,15.81,40.935,62.3459,80.0258,15.4121,23.6631,159.6938,61.9432
2016-09-02,15.85,41.3871,62.6631,80.7148,15.7781,24.2643,159.3559,62.3875
2016-09-06,16.27,40.9793,63.211,81.2365,15.6143,24.051,160.3602,62.378
2016-09-07,16.73,41.1832,63.6244,81.9354,15.2001,24.1609,160.1631,62.7939
2016-09-08,16.75,41.8658,63.6724,81.6696,14.8919,23.7375,160.4823,62.293
2016-09-09,16.22,41.396,62.5958,80.0553,14.5644,23.1847,156.3334,61.0547
2016-09-12,16.78,41.8037,63.3456,81.6696,14.6222,23.7795,161.4866,61.792
2016-09-13,17.19,40.8464,61.8653,80.6065,14.3236,23.4175,158.9147,61.1775
2016-09-14,17.18,40.9528,61.0194,80.2128,14.1984,23.5726,159.7032,61.5178
2016-09-15,17.53,41.458,61.3558,80.7247,14.6511,24.0219,162.0498,62.293
2016-09-16,17.15,41.5201,61.1924,80.7837,14.5451,23.7278,162.3502,62.482
2016-09-19,17.22,41.653,61.5769,81.2168,14.3429,23.8894,160.8671,62.9735
2016-09-20,17.24,41.5644,61.2501,81.1873,14.497,23.6469,162.7444,62.1984
2016-09-21,17.19,42.2381,61.7884,81.9157,14.5644,23.9249,163.1856,62.879
2016-09-22,17.3,42.7965,62.1248,82.0535,14.6896,24.5132,164.847,63.4178
2016-09-23,17.27,42.371,61.3751,81.2464,14.4777,23.7698,164.0773,63.3989
2016-09-26,16.94,41.7594,60.9617,80.5278,14.1117,23.6114,162.8852,63.881
2016-09-27,17.33,41.7151,61.7884,80.8723,14.0635,23.6954,161.1018,64.3536
2016-09-28,17.555,42.6214,61.7307,81.6696,14.208,23.9799,159.2996,64.1362
2016-09-29,17.15,42.5856,60.9137,80.6361,13.7167,23.6437,155.3009,63.172
2016-09-30,17.24,42.5498,61.5577,81.4039,13.7264,23.9185,156.5775,64.0133
2016-10-03,17.66,42.5051,61.3366,81.5613,13.3892,23.8764,157.0749,63.8243
2016-10-04,17.83,42.013,61.4327,81.4334,13.1773,23.7762,157.2721,63.3327
2016-10-05,17.86,41.9862,62.1766,82.0437,13.6493,24.3839,156.9811,64.2686
2016-10-06,17.62,41.6999,59.8387,82.0535,13.4278,24.2481,156.6619,64.2307
2016-10-07,17.39,41.4315,59.6648,81.581,13.2544,23.3108,157.2251,65.2705
2016-10-10,17.84,42.3887,59.8001,81.8173,13.2544,23.2171,157.9854,65.1004
2016-10-11,17.86,40.8499,58.7953,80.7542,13.0521,22.6579,154.2402,64.779
2016-10-12,17.77,41.2794,58.6311,80.9609,13.3796,22.7549,153.8272,65.7044
2016-10-13,18.22,41.3778,58.3606,80.5869,13.1677,23.0861,154.212,65.002
2016-10-14,17.84,41.1899,58.1094,81.1578,12.9847,23.1932,151.9686,65.0969
2016-10-17,17.77,41.6551,57.8679,80.8625,12.9847,23.3556,152.6445,64.4326
2016-10-18,17.78,42.2903,58.0418,80.3014,13.2833,23.1803,152.8134,64.4326
2016-10-19,18.24,42.6214,59.1721,81.5121,13.8034,23.531,151.1989,64.6509
2016-10-20,18.6,42.1651,64.5145,81.207,13.3796,24.7293,151.5932,64.556
2016-10-21,18.57,42.1919,65.0748,81.0593,13.5337,24.8365,148.7866,64.4706
2016-10-24,18.75,41.3957,64.814,81.8665,13.3025,24.6156,149.0213,65.3532
2016-10-25,18.07,40.9394,64.4759,80.7444,13.2158,24.3656,148.2093,64.537
2016-10-26,17.55,41.0557,64.5338,80.4687,13.0136,24.3688,149.2372,65.3437
2016-10-27,17.36,41.0199,64.6594,80.6361,12.6668,24.2649,150.7202,63.3601
2016-10-28,17.26,40.6352,64.1957,80.9314,12.6572,24.2292,136.2743,63.7303
2016-10-31,17.48,40.51,64.1667,81.2168,12.6283,24.3234,132.5009,63.3696
2016-11-01,17.28,40.4831,64.0025,80.3408,12.5705,24.3006,132.1254,62.449
2016-11-02,16.96,38.5417,63.2296,79.3171,12.5994,24.2,130.1918,63.7588
2016-11-03,16.93,38.4702,63.1137,79.386,12.4163,24.2,126.9253,62.2782
2016-11-04,17.01,38.667,63.2876,79.1005,12.3682,24.3948,127.0942,62.8002
2016-11-07,17.85,39.0606,64.7271,81.2168,12.3682,24.7845,130.6705,63.8252
2016-11-08,18.25,39.1501,64.7947,81.581,12.6186,24.7715,129.9571,64.0245
2016-11-09,18.47,40.0984,66.408,81.9354,12.7053,25.4405,137.4382,65.7423
2016-11-10,19.2,39.9642,67.7315,80.5869,13.2736,25.7165,142.2723,67.9821
2016-11-11,19.25,38.8906,68.1083,80.5967,12.0792,25.8432,139.8975,67.8872
2016-11-14,19.73,38.6401,69.9632,77.1516,11.7421,26.4472,138.3667,67.8113
2016-11-15,20.44,39.4006,70.0115,77.3386,11.8769,26.694,138.9715,66.4921
2016-11-16,20.21,39.9284,69.2483,78.9908,11.5302,26.4309,139.1321,66.1694
2016-11-17,20.74,40.0448,69.3449,79.9673,11.482,26.3173,139.255,67.7164
2016-11-18,20.73,39.9642,68.5914,79.7207,11.5205,26.2588,137.2421,68.1245
2016-11-21,20.67,40.7336,69.113,80.5789,11.5398,26.2166,137.5445,69.3773
2016-11-22,20.72,40.6979,69.2869,78.8428,11.7517,26.5479,136.3916,69.5956
2016-11-23,20.98,40.6263,70.4076,78.4877,11.5968,26.7654,137.0531,70.4118
2016-11-25,21.06,40.7068,70.3883,79.0401,11.5291,26.9408,137.4311,70.165
2016-11-28,20.6,40.5815,69.683,78.0044,11.5484,26.6096,137.0909,69.3773
2016-11-29,20.7,40.1879,69.0647,78.0734,11.4516,26.4017,137.9698,68.7509
2016-11-30,20.09,40.1074,69.5961,76.2683,10.987,26.379,136.1459,68.0201
2016-12-01,20.4,39.5795,70.0695,74.404,10.6482,26.6583,134.5583,69.9277
2016-12-02,20.93,39.5348,69.4222,74.6901,10.6966,26.5251,136.0892,70.4497
2016-12-05,20.9,39.508,69.5864,76.2585,10.6772,26.7914,137.2988,72.1865
2016-12-06,21.19,39.8121,69.8569,76.0612,10.0674,27.0122,137.1287,72.9078
2016-12-07,21.89,40.5368,71.7697,78.2313,10.4255,27.3013,133.4243,74.5307
2016-12-08,21.83,40.3221,72.3687,78.2017,10.0577,27.3727,132.8573,75.1666
2016-12-09,21.9,39.9195,72.2335,78.0636,10.2029,27.4831,135.56,74.1226
2016-12-12,21.62,40.1789,71.0838,77.4323,10.2029,27.3889,137.743,73.6386
2016-12-13,22.53,41.2704,71.335,78.1228,10.5514,27.3565,140.2094,73.1356
2016-12-14,22.15,40.5815,71.5572,78.0537,10.5417,27.1486,140.5118,72.4523
2016-12-15,22.49,40.2505,72.3977,78.4187,10.7159,27.3078,142.1183,72.3763
2016-12-16,22.18,41.3241,72.4557,77.2843,11.0063,26.97,141.1544,71.5981
2016-12-19,22.51,41.1541,72.0209,77.0377,10.7643,27.3208,139.6141,71.4937
2016-12-20,22.79,41.0557,72.5136,77.2942,10.9386,27.2753,139.1227,71.7594
2016-12-21,22.71,41.2257,72.7648,77.0772,11.1418,27.0837,138.1304,71.2564
2016-12-22,22.19,41.3867,72.0499,76.8404,11.016,27.3857,138.31,68.4567
2016-12-23,22.27,41.0736,72.4267,77.087,10.9966,27.2785,139.4345,68.096
2016-12-27,22.28,41.2615,72.4363,77.2843,11.1031,27.4084,140.2,68.2479
2016-12-28,22.03,40.6196,71.847,77.235,11.0257,27.0545,139.5479,67.5171
2016-12-29,22.14,40.8272,71.4123,77.2646,11.0644,26.9895,139.6519,67.2798
2016-12-30,22.42,40.764,71.5669,76.9588,10.9676,26.983,138.1682,67.2798
2017-01-03,22.39,40.737,72.7938,78.4187,10.9966,27.0739,142.4396,68.077
2017-01-04,22.65,41.1433,73.9871,79.0598,10.9095,27.5318,144.4619,69.2824
2017-01-05,22.27,41.6669,73.0752,79.9871,11.2096,27.061,144.5659,68.115
2017-01-06,21.83,41.5044,73.2207,81.0918,11.1225,27.3857,148.1569,67.1849
2017-01-09,22.05,41.5947,73.5991,80.6381,10.6675,27.3143,150.1036,67.2608
2017-01-10,22.51,41.3238,74.3655,80.2041,10.745,27.6877,150.028,67.3273
2017-01-11,22.78,41.6489,74.6178,80.6874,10.5707,27.8955,148.0057,67.0462
2017-01-12,21.82,41.7843,74.5887,80.2633,10.7546,27.8466,146.815,67.0272
2017-01-13,21.76,42.0642,74.3364,80.066,10.5901,28.1727,147.5332,67.2177
2017-01-17,21.34,42.7413,74.317,80.1547,10.774,27.9608,146.2858,66.4365
2017-01-18,21.49,42.1996,75.1805,80.4803,10.503,28.2054,147.2024,66.0744
2017-01-19,21.36,41.9829,74.4043,80.6184,10.29,28.0912,145.3408,65.3122
2017-01-20,21.41,42.3441,73.9289,80.7269,10.4739,28.1075,146.1629,65.8743
2017-01-23,21.04,42.5878,73.7058,81.0326,10.503,28.2934,144.3202,65.5409
2017-01-24,21.42,44.0956,75.1223,82.098,10.774,28.838,143.498,65.6076
2017-01-25,21.77,44.547,74.5984,82.7588,10.7643,28.9032,145.6243,65.9315
2017-01-26,21.1,43.7977,74.6372,82.1078,10.532,28.8054,144.5659,65.922
2017-01-27,19.65,43.0754,74.5596,82.6306,10.2513,29.2033,148.516,64.7977
2017-01-30,19.36,42.4434,74.9767,82.5616,10.1738,29.1576,145.9361,64.712
2017-01-31,19.61,42.633,74.1036,81.585,10.261,29.2163,148.0624,65.3027
2017-02-01,19.38,42.5698,74.4722,81.3187,10.0964,29.4381,150.8879,65.0835
2017-02-02,19.37,42.8587,74.2297,81.1806,10.1642,29.0109,150.8028,66.0077
2017-02-03,19.5,43.2921,75.7141,84.9092,10.3578,29.6142,158.3156,66.2554
2017-02-06,19.5,42.7233,75.5006,84.6626,10.2416,29.4413,157.4178,65.4742
2017-02-07,18.86,42.1183,75.4036,84.6133,10.2319,29.4022,157.6446,65.1026
2017-02-08,19.29,42.4343,75.4812,83.9327,10.3287,29.412,158.8731,66.3793
2017-02-09,19.97,42.6149,75.8499,84.416,10.4158,29.4902,158.2589,67.9228
2017-02-10,19.8,42.7594,76.141,84.7316,10.4546,29.6794,158.6558,67.8561
2017-02-13,19.84,43.1115,76.5582,85.2643,10.4739,29.8946,159.5312,67.1034
2017-02-14,19.66,43.0212,77.0433,85.6687,10.4352,29.6109,159.9023,67.3035
2017-02-15,19.91,42.9219,77.2276,86.5137,10.5901,29.7609,163.461,67.0462
2017-02-16,19.84,42.9399,77.1403,86.3852,10.6966,29.6892,163.7655,67.1701
2017-02-17,20.11,42.8858,77.3343,86.4346,10.7256,29.7348,164.8883,67.6465
2017-02-21,20.1,42.6601,77.5866,86.8893,10.9579,30.0414,164.7455,67.837
2017-02-22,19.92,42.633,77.4798,86.7707,11.2774,29.9827,164.2412,67.6655
2017-02-23,19.61,42.5337,77.6642,87.1462,11.2193,29.7283,165.5734,65.3408
2017-02-24,19.57,41.7843,77.3828,87.3933,10.5707,30.1131,166.0967,71.4671
2017-02-27,19.97,41.7482,77.7806,86.9683,10.3674,30.3577,167.5906,72.4198
2017-02-28,19.96,41.5225,77.6739,86.909,10.319,29.5979,167.9712,72.0959
2017-03-01,20.5,41.3058,79.4784,87.9467,10.2319,30.6936,169.5983,72.4008
2017-03-02,19.89,41.2065,77.7127,87.4921,10.2222,30.3251,169.4365,72.982
2017-03-03,20.2,41.053,77.4992,87.7491,10.4739,30.4947,171.4632,72.9534
2017-03-06,19.41,41.4412,77.1306,87.8973,10.6966,30.4327,170.7591,72.4389
2017-03-07,19.26,41.9197,77.2082,88.0159,10.7256,30.3186,168.78,72.1435
2017-03-08,19.38,41.2697,76.6843,87.9171,11.2483,30.4033,169.1606,73.6108
2017-03-09,19.075,41.2155,76.9365,88.0653,11.3645,30.0544,170.2453,72.8676
2017-03-10,20.04,41.5225,77.0141,88.678,11.9483,30.4164,172.6431,73.3536
2017-03-13,20.04,41.8565,76.8492,89.0536,11.5007,30.4947,172.272,72.3817
2017-03-14,19.625,40.8905,77.3149,88.5001,11.4813,30.4327,171.3871,72.2769
2017-03-15,20.09,41.4502,76.8686,88.8658,11.7732,30.899,173.7469,72.639
2017-03-16,20.02,41.6308,77.3925,88.9844,11.9094,30.7197,171.3776,72.2198
2017-03-17,20.16,41.4322,76.888,89.1821,11.8121,30.736,160.4352,72.0959
2017-03-20,20.29,41.1884,76.4999,88.1345,11.8315,30.7197,161.0346,70.4857
2017-03-21,19.76,41.2967,75.2193,87.0276,11.8023,30.0381,158.7605,69.9808
2017-03-22,19.8,41.685,75.3551,87.4822,11.7829,30.2794,159.3314,69.39
2017-03-23,19.92,41.7662,75.52,87.8182,11.7829,30.5371,157.9898,69.4186
2017-03-24,19.94,41.7211,75.8693,88.1444,11.7732,30.5142,157.7043,69.1614
2017-03-27,20.29,42.1093,75.2872,87.9072,11.8218,30.2957,156.9146,69.3615
2017-03-28,20.82,42.0461,76.2962,88.0752,11.8121,30.5305,156.7243,69.6854
2017-03-29,20.64,42.2898,75.9178,88.1345,11.9677,30.4979,155.1542,71.8291
2017-03-30,20.73,41.9067,76.8492,87.9665,12.0942,30.6903,156.4103,71.8101
2017-03-31,20.61,42.0891,76.7522,87.8281,12.0261,30.7001,156.1153,71.2765
2017-04-03,20.64,41.8064,76.2477,88.3124,11.9191,30.4784,155.944,70.8383
2017-04-04,20.51,42.0435,75.9275,87.7392,11.7732,30.3968,156.3912,69.028
2017-04-05,20.57,42.1165,75.7522,87.9862,11.6856,30.2827,154.374,67.837
2017-04-06,20.91,42.5816,75.908,88.0455,11.8802,30.6055,154.3835,68.8756
2017-04-07,21.1,42.8188,75.7619,87.6996,11.9872,30.674,155.4587,68.847
2017-04-10,21.25,43.3295,75.4892,87.8182,12.2791,30.7947,154.8973,69.1328
2017-04-11,21.54,43.4936,75.2651,87.8083,12.2986,31.0132,155.2018,69.3529
2017-04-12,21.2,43.6031,74.7001,87.6403,12.3667,30.4698,155.1447,69.4677
2017-04-13,20.73,43.4389,73.8428,87.8281,12.3083,30.2864,153.7746,68.9797
2017-04-17,20.92,43.6487,74.6903,88.7571,12.464,30.64,154.2503,69.4007
2017-04-18,20.79,43.3295,73.833,88.678,12.5126,30.7807,153.432,69.4581
2017-04-19,21.2,42.8188,73.5992,88.6978,12.5321,30.8102,153.4415,69.5155
2017-04-20,21.39,43.0194,77.9538,90.0814,12.4834,31.2783,154.1837,73.2473
2017-04-21,21.53,42.7732,77.5349,90.0814,12.4542,31.3307,152.6327,72.5679
2017-04-24,21.75,42.9191,78.3727,90.7732,12.5029,31.6973,155.2304,73.1229
2017-04-25,22.47,43.1471,78.5481,91.0301,12.8629,32.1949,156.7147,73.2951
2017-04-26,22.25,42.6637,78.4409,90.7435,12.7948,32.6696,156.6291,73.6013
2017-04-27,22.14,42.381,78.2558,90.5261,12.9115,35.4389,154.8307,73.3812
2017-04-28,21.83,42.3536,77.2037,90.1506,12.8142,35.3047,155.4016,74.0032
2017-05-01,21.62,42.2807,77.1842,90.1901,13.0575,35.3276,154.7166,73.1611
2017-05-02,22.06,42.7367,77.4862,91.4551,12.9797,35.4324,155.5634,73.4195
2017-05-03,21.9,42.536,76.7946,91.3563,12.3569,35.4651,155.8679,73.5152
2017-05-04,21.54,41.5237,76.3075,91.5342,12.7072,35.763,156.3246,72.8454
2017-05-05,21.51,42.7549,76.2977,91.0104,12.3959,35.9954,155.8679,73.4482
2017-05-08,21.41,42.9282,76.1419,90.8424,12.1429,35.8907,155.1257,73.2281
2017-05-09,21.84,42.3901,76.4146,90.9214,12.1429,35.9692,155.3065,73.3621
2017-05-10,21.63,42.682,76.6192,91.1685,12.0748,36.1526,152.7279,74.0127
2017-05-11,21.58,42.2168,75.908,91.0202,12.1332,36.0871,152.3187,72.5392
2017-05-12,21.23,42.3445,75.4892,91.6429,12.2888,35.9561,152.4519,71.6493
2017-05-15,21.26,42.5725,76.3075,92.137,12.4834,36.2999,153.3146,70.0514
2017-05-16,21.51,42.2259,76.1126,92.0579,12.6683,36.5356,153.3337,68.6926
2017-05-17,20.96,41.4507,74.3981,90.8451,12.2013,35.9627,150.5256,67.8027
2017-05-18,21.01,41.4872,74.4078,90.7956,12.2694,36.0707,151.3882,67.4104
2017-05-19,21.28,42.308,74.817,91.5579,12.6878,36.1886,149.9985,56.1865
2017-05-22,21.57,42.5452,74.9923,92.3797,12.8045,36.2508,146.6537,57.6697
2017-05-23,22.08,42.8735,75.2066,92.9242,12.931,36.0707,147.66,57.2869
2017-05-24,22.37,43.3204,75.1287,93.8647,13.1353,35.7696,148.168,57.0573
2017-05-25,22.81,43.1562,75.4404,94.0924,13.0964,35.8678,148.9634,57.086
2017-05-26,22.95,42.8735,75.4599,93.7261,13.1256,35.8056,148.5609,57.2391
2017-05-30,22.49,42.6911,75.0995,93.7756,12.8337,35.8416,147.4492,57.086
2017-05-31,22.42,42.3627,74.9534,94.2805,12.8924,35.966,148.7813,56.8468
2017-06-01,22.65,42.609,76.2588,94.4488,13.3908,36.7876,149.7397,56.7989
2017-06-02,22.85,42.8005,76.4633,95.1913,13.4593,37.1739,152.5287,55.5359
2017-06-05,22.74,42.9556,76.9309,95.5874,13.5472,37.02,153.5542,55.1148
2017-06-06,22.62,43.4207,76.814,94.8349,13.6841,37.0593,152.8929,52.7036
2017-06-07,23.01,42.3992,77.7492,95.1319,14.2705,36.6207,154.9342,52.9045
2017-06-08,22.77,42.9282,77.8856,95.1319,13.9675,36.8269,155.8831,51.5553
2017-06-09,22.77,43.293,78.2363,93.6172,13.7232,36.9415,157.2344,52.4165
2017-06-12,22.81,43.4845,78.1,92.5678,13.8307,36.1984,158.0203,52.4931
2017-06-13,23.05,43.9952,78.5091,94.132,14.1532,36.3882,157.589,52.7227
2017-06-14,23.36,43.1744,78.7527,94.3696,14.036,36.6338,158.2311,51.4501
2017-06-15,23.03,43.22,78.6163,93.2311,14.0066,36.7287,157.2823,50.5506
2017-06-16,22.79,43.7855,79.3469,93.2311,13.8698,36.9873,155.6626,49.7947
2017-06-19,22.92,43.9496,79.7658,93.8449,14.0653,37.223,158.2215,49.2302
2017-06-20,22.47,43.0832,80.3795,93.439,14.1044,36.7974,159.3716,48.1585
2017-06-21,22.54,42.837,80.0873,93.5974,13.948,36.2148,164.2211,45.7568
2017-06-22,22.33,42.7914,80.1262,93.0133,14.0066,36.3195,166.5883,45.4506
2017-06-23,22.4,42.8552,80.097,94.627,13.8307,36.4243,165.3233,45.9577
2017-06-26,22.64,43.3021,80.8179,94.2706,14.0262,36.4832,166.4446,46.2831
2017-06-27,22.71,43.4572,80.9348,93.9538,14.0262,36.0511,163.7419,46.4075
2017-06-28,22.96,44.0384,81.8018,95.2706,14.1923,36.3064,166.8279,46.6084
2017-06-29,22.85,43.8449,81.4706,93.4786,14.0066,35.6222,165.4095,46.5988
2017-06-30,22.83,43.9094,82.0649,92.845,14.1141,35.7728,165.0645,47.1538
2017-07-03,23.02,44.4436,82.9027,92.4193,14.1826,35.8678,165.6108,48.4551
2017-07-05,23.04,43.9831,83.0102,93.0727,13.7036,35.7794,167.01,48.1298
2017-07-06,22.88,44.4344,81.8857,92.3203,13.4984,35.4455,164.5757,47.9193
2017-07-07,23.36,44.5173,82.4626,92.9836,13.8502,35.5175,164.2978,47.8236
2017-07-10,23.11,44.545,82.4333,94.1419,14.163,35.5993,165.0357,46.3118
2017-07-11,22.93,44.3147,82.2964,94.4587,13.9969,35.7368,166.1091,46.2352
2017-07-12,23.29,45.2726,82.9417,95.2211,14.1826,35.9365,166.0612,46.4568
2017-07-13,23.75,45.3371,83.4796,94.9834,14.1337,35.549,167.7576,46.7746
2017-07-14,23.43,46.1293,83.3916,95.9636,14.4758,35.4964,169.7606,46.6301
2017-07-17,23.525,45.9819,83.3329,95.8646,14.4758,35.4898,170.0194,47.1405
2017-07-18,23.26,46.4425,83.6262,96.6071,14.2314,35.48,170.0961,46.7842
2017-07-19,23.33,46.9675,84.0272,97.2704,14.2803,35.9956,171.7253,46.7457
2017-07-20,23.33,47.2807,83.46,97.1318,14.3976,35.723,171.8595,46.2064
2017-07-21,23.45,47.4004,83.6947,98.607,14.2217,35.4504,172.7125,45.4648
2017-07-24,22.76,47.3912,83.1178,99.3693,14.3976,35.3683,173.5271,43.3847
2017-07-25,22.77,47.428,83.5187,98.9931,15.3359,35.3946,173.3642,44.0588
2017-07-26,22.07,47.2899,83.4111,99.8445,15.1502,34.7837,168.5722,44.3959
2017-07-27,21.71,46.5806,81.9932,98.5773,15.0427,37.8972,164.9878,45.5033
2017-07-28,22.06,47.0964,82.9222,98.1614,15.1405,37.3356,167.2784,44.3188
2017-07-31,21.93,47.0872,83.3427,98.5674,15.1893,38.1107,167.2496,45.4456
2017-08-01,21.98,46.7188,84.0663,99.8643,15.551,37.6542,166.8854,45.1374
2017-08-02,22.13,47.3912,83.4111,100.2702,15.0525,37.352,167.2017,45.8886
2017-08-03,22.13,47.1517,83.6458,99.5871,15.6292,37.3159,166.9334,46.7553
2017-08-04,22.43,46.7188,84.0663,99.8841,15.551,37.6542,166.6171,47.1887
2017-08-07,22.14,46.7925,83.9489,100.4781,15.3555,38.0581,167.3167,47.0346
2017-08-08,21.81,46.1293,84.0369,100.2702,15.2284,38.0581,166.4637,48.1902
2017-08-09,21.85,45.8437,83.7925,99.9633,15.1209,37.5261,166.3296,47.9591
2017-08-10,21.46,45.2082,82.6875,98.498,14.8277,36.9382,162.0743,47.2753
2017-08-11,21.32,45.4016,82.4235,99.0921,14.8374,37.0006,162.381,47.4776
2017-08-14,21.67,45.6779,83.5774,100.8543,15.0818,37.5031,164.5278,47.4968
2017-08-15,21.82,45.374,84.8681,101.6067,15.072,37.7757,164.0647,45.3878
2017-08-16,21.81,45.4016,85.4548,102.4546,15.1307,37.9596,165.3672,46.7746
2017-08-17,20.49,45.1345,84.1836,101.3043,14.8374,37.2403,161.913,45.9367
2017-08-18,20.28,45.6042,83.4893,101.6514,14.8374,36.9054,161.4113,33.1091
2017-08-21,20.2,45.3924,83.4111,102.3554,15.0239,37.1024,162.2507,30.6437
2017-08-22,20.3,45.8898,83.4111,103.1983,15.0828,37.4308,164.0936,31.9535
2017-08-23,19.64,46.4977,83.3916,102.3158,14.9258,36.8495,163.0612,33.9469
2017-08-24,19.34,46.6083,83.4698,102.3554,14.7197,36.8955,163.9778,33.4847
2017-08-25,19.85,46.3872,83.5774,102.4844,14.6903,37.2502,163.7752,34.5537
2017-08-28,19.59,46.203,83.5187,102.9108,14.6706,37.5261,165.7435,34.3803
2017-08-29,19.71,46.2951,83.5285,102.9008,14.9847,37.155,166.1777,33.8603
2017-08-30,19.72,46.0556,83.7925,102.8612,14.9356,37.329,167.5478,33.9373
2017-08-31,19.81,46.7925,84.1934,102.6529,14.8963,37.9366,171.523,33.9277
2017-09-01,19.82,46.8385,84.2325,103.0298,15.4949,38.3209,172.43,34.9966
2017-09-05,19.16,46.3964,83.4209,102.1472,15.6618,37.5951,170.5292,34.987
2017-09-06,18.85,46.9675,83.3427,102.3158,15.4949,37.5327,172.1116,35.3433
2017-09-07,18.25,47.3728,82.5408,103.6842,15.3968,37.8939,174.3597,34.8233
2017-09-08,18.7,47.1149,82.3844,103.5553,15.122,37.976,174.2922,34.4092
2017-09-11,19.38,47.5754,83.7925,105.2609,15.0239,38.2913,179.9366,33.6966
2017-09-12,19.78,47.6952,84.6334,105.3204,14.9847,38.5015,184.2881,34.3803
2017-09-13,19.35,47.4465,84.7214,104.9436,14.9552,38.5048,183.0338,34.7655
2017-09-14,19.37,47.3083,84.2814,105.1915,14.9454,38.9153,182.7829,35.2663
2017-09-15,19.38,47.2346,85.0637,104.418,15.0043,39.3817,180.8822,35.5648
2017-09-18,19.16,46.5898,85.9242,103.952,14.9945,39.6214,179.9173,34.9196
2017-09-19,19.04,46.9214,87.0292,104.5271,14.6608,40.0221,179.7726,33.7543
2017-09-20,19.25,46.6819,86.4718,104.0908,14.6608,40.275,181.5576,33.2921
2017-09-21,18.9,46.0003,86.462,104.4279,14.6804,40.1239,180.0813,32.4542
2017-09-22,18.62,45.7056,86.4425,104.6758,14.6608,40.1995,179.2323,32.3579
2017-09-25,18.87,46.1293,86.2567,102.1571,14.5038,40.1863,179.7436,33.3788
2017-09-26,18.7,46.2674,86.7261,102.0778,14.5627,39.9335,179.0779,33.8217
2017-09-27,18.55,45.8622,87.5083,103.0198,14.4646,40.4327,178.3832,33.7736
2017-09-28,18.51,46.2493,88.1439,103.7041,14.6804,40.541,178.9428,33.5714
2017-09-29,18.53,46.1094,88.4569,104.3585,14.7295,40.6232,179.898,33.9181
2017-10-02,18.51,45.9228,88.5351,104.5569,14.7688,40.991,180.5927,33.4654
2017-10-03,19.82,45.7549,89.4054,104.7056,15.0043,40.8399,180.6506,33.1091
2017-10-04,19.33,45.559,88.9947,104.4279,15.1122,41.0074,181.9628,32.5987
2017-10-05,19.29,45.6709,89.4855,105.3502,15.1515,40.9253,180.284,33.1091
2017-10-06,19.64,45.9321,89.8684,105.836,15.2398,41.0271,179.2901,33.138
2017-10-09,19.49,45.9508,90.0058,106.1137,15.1809,40.7118,178.9428,32.1557
2017-10-10,20.23,46.1467,90.2021,106.4112,14.9061,40.702,179.2612,32.3579
2017-10-11,20.53,46.809,90.2708,107.5317,14.7688,40.8268,177.6788,31.7127
2017-10-12,20.34,46.725,89.9272,107.2045,14.8276,41.0764,176.3377,30.5558
2017-10-13,20.37,46.7997,91.1543,107.7499,14.7197,41.3135,176.5789,30.7697
2017-10-16,20.24,46.781,90.2708,107.3929,14.9356,41.8734,175.5079,30.0892
2017-10-17,20.18,47.1355,90.0058,106.6393,14.8276,41.2443,179.6471,30.1572
2017-10-18,20.07,46.3519,90.3886,106.8971,14.7491,41.7648,179.734,30.3128
2017-10-19,20.34,46.5385,90.2119,106.1236,14.7001,41.4881,177.6499,30.128
2017-10-20,20.35,45.7362,90.3984,106.6492,14.5627,42.1468,176.5307,30.41
2017-10-23,19.88,45.3258,90.6831,106.6293,14.5431,41.9064,174.186,30.7405
2017-10-24,20.62,44.8221,92.1359,107.502,14.4547,42.5553,174.0317,30.2642
2017-10-25,19.72,43.5255,91.8414,108.6324,14.494,42.1501,171.2625,30.4197
2017-10-26,19.59,43.5721,93.9323,108.8803,14.8178,43.9716,170.317,32.1502
2017-10-27,19.38,44.4396,94.0305,108.7911,14.7982,43.7641,169.1205,30.6725
2017-10-30,18.94,44.4396,93.3237,109.1183,14.4842,43.0658,168.4548,29.7294
2017-10-31,19.15,44.2904,93.7654,109.0588,14.7197,43.4083,169.0626,29.2434
2017-11-01,18.95,44.7568,94.0305,110.1397,14.8178,42.9802,169.2556,29.0781
2017-11-02,18.92,44.6262,94.217,110.0505,14.4646,43.1679,166.3514,29.1753
2017-11-03,19.19,44.6728,94.6587,110.4273,14.4646,43.5137,167.3452,29.0198
2017-11-06,19.32,45.2885,94.5213,110.9826,14.2879,43.5302,164.798,28.8253
2017-11-07,18.92,45.6709,93.6182,111.1512,14.1211,43.4314,167.3838,28.4267
2017-11-08,18.8,45.3538,93.3826,111.528,14.1996,43.6093,167.4803,29.0489
2017-11-09,18.83,45.4004,92.0279,111.2007,14.7295,42.855,167.8855,29.7586
2017-11-10,18.99,46.0534,91.8022,110.9429,15.8482,42.8748,166.2935,29.4961
2017-11-13,18.95,46.156,92.1752,110.4669,16.015,42.4301,165.4734,28.8156
2017-11-14,19.63,46.2493,92.0378,111.0421,16.172,42.6047,164.1515,29.1656
2017-11-15,20.15,45.9694,98.4937,109.3266,16.2309,42.2621,163.4279,30.3322
2017-11-16,20.26,46.1374,91.8414,110.2852,16.1917,42.7101,165.8953,30.9641
2017-11-17,19.99,45.6896,91.969,109.0932,16.6431,42.8418,165.1473,39.6846
2017-11-20,19.78,46.2866,92.2243,109.2223,16.859,43.3062,163.9718,39.5582
2017-11-21,19.98,46.8836,92.6758,110.7124,16.7706,43.5104,164.9918,39.5582
2017-11-22,19.9,46.2493,92.0967,110.0865,16.8491,43.1053,165.1084,39.4124
2017-11-24,19.84,46.5198,91.7629,111.2289,16.9277,43.0493,165.2638,38.9847
2017-11-27,19.68,46.3985,91.7531,111.6362,17.0557,42.8385,164.8655,38.3041
2017-11-28,20.12,46.3053,93.5298,112.6097,16.9375,43.4248,165.3998,39.3249
2017-11-29,20.96,44.9713,94.8256,109.1329,16.6716,42.4367,167.3136,41.4054
2017-11-30,21.47,44.8034,95.9152,111.8448,16.908,43.3425,170.6457,41.6484
2017-12-01,21.31,45.2978,96.0624,109.9971,17.3018,42.6409,172.1417,42.1054
2017-12-04,21.97,45.3724,96.779,106.719,17.0754,42.3906,173.5892,44.4872
2017-12-05,21.66,45.4844,96.8968,107.8614,17.1246,42.0085,173.5698,42.1929
2017-12-06,21.62,45.503,96.406,109.0137,17.1738,42.3642,171.1897,41.629
2017-12-07,21.87,45.8388,96.7692,110.6627,17.2329,42.4136,168.9942,42.0179
2017-12-08,22.08,45.6709,96.7398,111.8548,17.3511,42.8451,170.4028,43.7192
2017-12-11,22.19,45.587,97.1815,111.6263,17.2723,43.1053,171.7823,43.1748
2017-12-12,21.59,45.3165,97.5447,112.7091,16.8489,42.5915,171.2286,43.3303
2017-12-13,21.49,45.475,95.9839,112.5601,16.8193,43.405,172.3166,44.0886
2017-12-14,21.18,45.2232,95.3655,112.1726,16.7209,43.0691,169.9268,43.097
2017-12-15,21.29,44.6542,96.7103,113.0667,16.327,44.4228,171.9863,44.3803
2017-12-18,21.82,44.8127,97.849,112.7985,16.4057,43.9518,171.112,45.2747
2017-12-19,21.59,44.7381,97.3287,111.3978,16.711,44.2845,171.8212,44.9247
2017-12-20,21.96,44.6728,96.7005,111.3779,16.6125,43.9288,172.0543,45.0025
2017-12-21,22.43,45.2792,96.6907,111.666,16.4845,44.4294,171.6366,46.6455
2017-12-22,22.44,45.2418,96.9263,111.9442,16.3171,44.3306,171.384,45.9455
2017-12-26,22.58,45.3165,96.7594,112.2422,16.1694,44.2878,171.0634,47.1996
2017-12-27,22.5,45.2885,97.3091,113.2654,16.3467,44.6303,171.18,46.3538
2017-12-28,22.54,45.8885,97.8686,113.5932,16.2285,45.0882,170.2474,45.7802
2017-12-29,22.34,45.9641,97.4858,113.2654,16.4057,44.6831,168.9359,45.5761
2018-01-02,22.38,46.6162,97.1226,113.7521,16.3467,44.604,171.9474,46.558
2018-01-03,21.59,46.6445,97.7214,114.8846,16.2482,45.3649,175.1921,46.5385
2018-01-04,21.69,46.7957,99.3468,115.3117,16.1891,45.7799,174.4538,45.0219
2018-01-05,21.38,46.7485,99.5734,118.0733,16.327,45.6613,175.4933,45.6539
2018-01-08,21.28,46.6067,98.6573,118.5501,16.5042,46.4815,175.4447,45.6636
2018-01-09,21.47,46.2571,99.0217,118.3217,16.5731,46.2443,178.1453,44.7206
2018-01-10,21.59,44.8585,99.7113,118.1925,16.4845,45.9182,177.6402,44.9928
2018-01-11,22.34,45.1325,99.2286,119.0468,16.4353,46.4617,176.7659,45.0122
2018-01-12,22.93,45.227,99.465,119.2952,16.4944,46.3629,179.7579,46.1302
2018-01-16,22.3,45.3688,98.8444,119.5932,16.1497,46.0467,180.2437,45.6539
2018-01-17,22.45,45.4538,99.2582,121.1727,16.6716,46.6099,182.6432,46.733
2018-01-18,22.48,45.5672,98.3716,122.2952,16.5338,46.5012,182.2351,47.5451
2018-01-19,22.57,45.227,96.5689,121.8879,16.7799,47.4847,183.8769,49.1303
2018-01-22,22.59,45.3971,96.8545,123.5071,16.9867,47.4847,186.8398,49.2869
2018-01-23,22.53,45.227,96.5196,123.825,16.8489,48.6045,186.5095,50.4121
2018-01-24,22.05,45.416,97.8199,123.7257,16.5633,48.5648,185.1884,51.1264
2018-01-25,20.69,44.2632,98.2041,124.3912,16.8883,48.3567,184.6541,51.3123
2018-01-26,20.5,43.9041,98.145,125.4839,16.9375,48.6243,190.4148,50.4806
2018-01-29,20.28,43.2426,97.9283,124.0137,16.4845,47.8811,192.348,50.1773
2018-01-30,20.65,42.8929,97.2387,122.7323,16.5141,45.7903,185.8101,48.827
2018-01-31,20.86,43.5072,97.9184,123.4078,16.4057,46.3749,180.7391,48.0931
2018-02-01,20.94,42.8268,98.5095,124.8879,16.4156,45.9884,180.2631,48.1518
2018-02-02,20.33,41.9101,95.239,120.1098,16.3467,44.8687,181.6717,47.3397
2018-02-05,19.82,41.0597,90.6386,115.5005,15.7066,42.7481,169.7617,44.6488
2018-02-06,20.35,41.277,92.7762,119.176,15.6967,43.1841,171.6074,46.6156
2018-02-07,20.385,41.1164,92.2147,118.8581,15.3521,42.986,172.404,46.9776
2018-02-08,19.83,39.7272,87.0233,113.1064,15.0763,41.0239,168.1782,44.8934
2018-02-09,19.89,39.765,90.3529,115.5501,14.9976,41.3014,168.5085,45.2457
2018-02-12,19.87,40.3982,93.2885,117.6859,14.968,41.5987,169.8782,45.3435
2018-02-13,19.96,40.5872,93.1506,117.5667,15.4505,41.8563,170.9177,45.6371
2018-02-14,20.14,40.5588,94.7957,120.0303,15.2437,42.9166,175.7139,47.5354
2018-02-15,20.3,42.6283,95.1208,121.6822,15.3619,43.5012,179.7074,48.1812
2018-02-16,20.3,43.2331,95.3473,121.2543,15.3915,43.64,179.6584,48.1127
2018-02-20,20.02,42.5338,95.7414,121.4135,15.2536,43.5607,179.1005,47.1342
2018-02-21,20.74,42.8646,96.0468,119.8412,14.7514,43.8778,178.5622,47.3788
2018-02-22,20.85,42.7512,95.899,119.7915,14.6824,44.4624,178.5818,47.2222
2018-02-23,21.32,43.4599,97.3274,122.329,14.5446,44.5912,182.7123,47.2124
2018-02-26,21.73,43.4599,100.1251,123.9809,14.6135,44.9282,184.5035,48.2594
2018-02-27,21.35,42.4204,98.0958,122.7668,14.3378,44.4922,181.851,46.5177
2018-02-28,21.05,40.8423,96.0566,122.3389,14.3279,43.9472,179.8738,44.9228
2018-03-01,21.08,41.2298,93.7219,119.8114,15.3718,43.3922,179.404,44.8934
2018-03-02,21.29,41.2109,94.1751,120.1796,15.549,43.6796,181.156,39.179
2018-03-05,21.27,41.5038,95.2193,121.2841,15.6278,44.1552,186.0989,40.7348
2018-03-06,21.44,41.74,94.6381,120.4681,15.6869,44.73,186.3143,41.1947
2018-03-07,21.5,40.7856,94.2145,121.2543,15.3324,45.2155,183.5541,39.8444
2018-03-08,21.71,40.9463,95.1503,121.6225,15.6573,45.3543,183.1919,39.9716
2018-03-09,22.0,41.3904,97.5737,123.9013,15.5293,46.3848,187.0484,41.6448
2018-03-12,22.04,41.8251,96.2142,123.6326,15.3217,46.1173,185.2865,42.3885
2018-03-13,22.35,41.7778,93.9485,122.5977,15.1834,45.9092,185.727,42.9168
2018-03-14,22.34,41.6739,93.121,121.9807,15.1043,45.9785,186.5296,42.3298
2018-03-15,22.26,40.4643,92.9831,122.8066,14.9758,45.9587,185.727,42.5254
2018-03-16,22.59,40.3698,94.1849,123.9212,15.045,46.1668,184.249,43.1615
2018-03-19,22.17,39.6327,93.4264,122.6076,15.0746,46.2064,178.6796,42.8777
2018-03-20,22.3,38.3192,93.5348,124.2993,15.4206,46.5235,178.1707,42.682
2018-03-21,21.78,39.6705,93.3279,122.6176,15.302,46.2857,177.74,42.819
2018-03-22,21.27,38.6594,90.0475,119.4034,15.2525,44.7597,172.3468,40.9794
2018-03-23,20.84,38.546,89.1018,116.428,14.6397,44.0661,165.8378,42.7994
2018-03-26,20.48,38.253,91.2395,120.0502,14.61,45.2453,171.4757,44.2867
2018-03-27,19.95,38.4987,90.0574,116.826,14.3925,44.1949,167.5213,43.1615
2018-03-28,20.17,38.691,90.8356,116.418,14.2739,44.185,166.846,43.8171
2018-03-29,20.32,39.71,91.8897,119.0352,14.5507,45.3047,166.8656,44.5607
2018-04-02,19.73,38.8256,89.6436,117.8112,14.3827,44.3435,162.5295,42.8777
2018-04-03,20.15,38.3834,91.3577,118.6172,14.5902,44.8192,164.6535,44.8543
2018-04-04,20.48,39.1236,92.1852,119.2242,14.6693,45.493,169.8411,46.7623
2018-04-05,20.64,40.3636,93.1443,120.5975,14.6298,45.7903,168.3533,46.8798
2018-04-06,19.95,39.8638,90.88,117.1246,14.5705,44.6804,164.5752,45.4609
2018-04-09,19.48,40.1521,91.1074,118.2092,14.5013,44.7002,166.0238,44.6292
2018-04-10,19.36,40.4597,91.9578,120.1298,14.4024,45.4335,169.4594,45.6371
2018-04-11,19.33,40.4694,90.5734,119.1944,14.5408,45.2155,168.7546,45.1185
2018-04-12,19.55,40.5943,92.3038,120.4781,14.5902,45.6416,167.3941,44.9423
2018-04-13,19.51,40.7193,91.9874,120.1596,14.3431,45.4951,167.8443,44.228
2018-04-16,19.77,41.3345,92.551,121.2841,14.4123,45.9522,167.7465,42.4178
2018-04-17,19.81,42.0554,92.8081,123.1947,14.1949,46.5584,171.1723,41.4589
2018-04-18,19.97,42.7091,94.0837,123.8714,14.0762,46.8963,171.3974,41.5078
2018-04-19,19.66,41.9209,101.2227,123.354,14.1257,46.6677,169.2636,41.0787
2018-04-20,19.86,41.6902,99.6605,123.5928,14.4914,46.618,167.9227,40.3289
2018-04-23,19.91,41.6325,99.4825,123.8515,14.2245,46.2603,170.9569,40.6545
2018-04-24,19.53,41.248,99.3144,120.6771,14.2838,44.5212,168.2946,41.1477
2018-04-25,19.17,40.998,97.673,120.6174,14.0663,43.9845,171.1233,41.3746
2018-04-26,19.17,40.7866,99.1067,126.4587,14.2937,45.6938,171.6519,42.5782
2018-04-27,19.28,40.5655,98.4937,125.3939,14.3431,44.392,173.6976,43.8113
2018-04-30,19.19,40.8058,97.6433,126.2597,14.1355,43.7162,170.7807,42.4993
2018-05-01,19.44,41.1134,97.4752,126.8866,14.0663,44.0839,165.691,42.0356
2018-05-02,19.34,41.0653,96.5359,125.7621,14.007,43.8156,165.8378,42.0257
2018-05-03,19.21,41.1807,96.0514,126.5582,14.8769,44.3025,162.8623,41.0885
2018-05-04,19.36,41.2576,97.2478,127.5334,15.2427,44.8988,164.4186,41.1083
2018-05-07,19.25,41.4402,97.4752,128.628,15.3119,44.8292,164.4969,39.9738
2018-05-08,19.25,41.4402,98.6222,129.2649,15.5194,44.859,164.9177,41.3648
2018-05-09,18.71,41.7767,99.3737,130.2003,15.5985,45.1671,166.0434,40.9011
2018-05-10,18.81,42.0362,100.2438,130.3595,16.0038,45.4752,167.1494,41.2957
2018-05-11,18.98,42.0843,100.2834,131.1755,15.816,45.5149,170.2033,42.0159
2018-05-14,18.87,42.1035,100.1548,130.5685,15.6677,45.3758,172.2294,42.8544
2018-05-15,19.01,41.594,99.611,130.459,15.6479,45.3261,168.6861,43.032
2018-05-16,19.47,41.123,99.4627,130.2501,15.8852,45.5547,171.4281,43.5548
2018-05-17,19.32,40.527,100.0856,129.5025,15.7369,45.8031,172.2665,43.3378
2018-05-18,19.04,41.1326,99.8582,129.5025,15.4305,45.982,173.894,42.8544
2018-05-21,19.18,41.5652,100.8964,130.2301,15.8061,47.0255,174.0617,43.4957
2018-05-22,18.89,41.3057,101.549,130.2799,15.6875,46.3894,175.9259,43.6732
2018-05-23,18.67,40.6232,100.7877,131.4461,15.727,46.3696,177.4843,44.423
2018-05-24,19.04,40.2386,100.8668,131.456,15.6578,46.1211,175.5314,45.7646
2018-05-25,19.41,40.0176,99.967,130.848,15.6479,45.6242,175.8075,54.9886
2018-05-29,19.2,39.7869,96.6249,129.2633,15.6677,45.336,175.0185,53.8245
2018-05-30,18.98,40.4501,97.8806,130.2102,15.8259,46.1808,177.7802,53.8245
2018-05-31,18.89,40.2098,97.1984,130.2899,15.6572,45.1174,177.1687,53.2425
2018-06-01,18.77,39.8734,97.1489,130.4195,16.0541,45.5348,181.0648,53.9626
2018-06-04,19.11,40.0752,98.3355,132.6322,15.9251,45.982,182.9093,54.9985
2018-06-05,18.86,40.3156,98.197,133.1205,16.0144,46.2702,179.2499,56.2908
2018-06-06,18.77,39.7292,99.8384,135.8316,15.9946,47.0752,181.0451,56.2316
2018-06-07,18.77,39.9214,100.3427,133.3996,15.7862,47.3932,180.7985,56.8729
2018-06-08,18.84,40.1425,99.8681,134.2967,15.8755,47.6814,181.7848,58.1257
2018-06-11,19.08,40.7289,100.0659,133.4694,16.0045,47.2342,182.0906,57.228
2018-06-12,18.94,40.2579,99.6011,134.4163,16.1235,46.6677,182.5443,57.159
2018-06-13,18.99,39.8926,98.8991,133.9578,16.3914,46.2106,181.1733,56.4487
2018-06-14,19.04,40.0368,98.642,134.5558,16.322,46.2503,183.2545,56.8729
2018-06-15,19.19,39.9599,97.4159,134.6555,16.3815,46.1609,182.4851,56.1034
2018-06-18,19.18,41.1999,97.3665,135.7519,16.1335,46.0416,181.4396,55.1465
2018-06-19,18.97,40.9884,96.0514,134.6654,16.0839,45.5447,183.649,55.2747
2018-06-20,19.02,41.9401,95.3394,135.0542,16.1533,45.5249,183.9647,55.9455
2018-06-21,19.27,41.6036,95.5471,134.0874,16.322,44.9485,183.4518,56.0442
2018-06-22,18.98,41.7286,96.1403,134.8847,16.3716,45.0379,182.6232,53.8442
2018-06-25,18.79,40.9115,97.4357,130.4992,16.5899,44.7597,182.8304,52.4533
2018-06-26,18.75,41.3249,97.1094,132.1139,16.4807,44.7895,182.0709,53.0057
2018-06-27,18.92,41.0653,95.8734,130.5889,16.322,44.6503,181.0253,52.621
2018-06-28,18.86,41.3286,95.8833,132.3032,16.2625,44.7497,180.8379,53.3411
2018-06-29,18.98,42.0389,96.9017,132.0142,16.4212,44.9385,182.0709,51.9403
2018-07-02,19.1,41.3286,97.8905,132.064,16.4014,44.8491,182.7613,51.3385
2018-07-03,19.12,42.2822,96.7435,131.0175,16.57,44.6305,183.1756,51.4766
2018-07-05,19.28,41.7081,97.7755,132.8514,16.58,44.859,184.8031,51.4273
2018-07-06,19.45,42.3893,97.7656,133.6488,16.6494,44.6404,188.4033,51.595
2018-07-09,19.64,42.2238,99.145,135.0741,16.8677,45.4851,191.5201,52.7393
2018-07-10,19.5,42.1265,99.145,136.2402,16.8578,45.7932,193.0194,52.3053
2018-07-11,19.29,42.1557,99.532,137.6954,16.5006,45.2864,190.5141,51.3286
2018-07-12,19.15,42.4769,100.3755,139.4397,16.5502,45.7274,191.4314,51.2201
2018-07-13,19.28,42.3017,99.7304,138.9613,16.6197,46.0563,193.2364,51.96
2018-07-16,19.4,42.2628,99.919,138.0044,16.7189,45.7473,192.2204,52.0981
2018-07-17,19.52,41.747,100.3755,139.1805,16.6693,46.0164,191.2735,51.8515
2018-07-18,19.97,41.6886,102.1914,140.4364,16.6395,46.754,190.1688,52.108
2018-07-19,19.83,43.5765,99.403,139.6689,16.4212,46.8437,189.143,52.7286
2018-07-20,19.84,43.0802,99.3831,140.5261,16.3716,47.1327,187.8904,52.0434
2018-07-23,19.81,43.0607,100.4449,139.5693,16.2327,46.754,187.3775,51.3583
2018-07-24,17.79,43.0899,100.9312,139.5693,16.1037,47.0928,188.7879,49.273
2018-07-25,17.22,43.5278,101.8441,142.1707,16.0938,48.0596,190.4056,48.8658
2018-07-26,17.98,43.5668,101.7151,142.0311,16.1235,46.9334,191.4018,48.2601
2018-07-27,18.05,42.9342,103.0548,140.247,16.1434,45.7972,189.8137,47.0188
2018-07-30,17.91,43.1191,100.0778,136.0309,15.8457,45.239,188.0284,47.9523
2018-07-31,18.0,43.7419,98.7579,136.2901,15.8656,45.9865,193.8677,48.4686
2018-08-01,17.55,43.6641,98.6885,137.7951,15.7663,45.857,193.1673,47.5153
2018-08-02,17.81,44.0728,98.9663,138.4629,15.7267,46.146,193.7,47.3267
2018-08-03,18.25,44.0144,100.0182,139.3599,15.429,46.5247,195.288,46.8302
2018-08-06,18.35,44.3842,100.1472,139.2503,15.3397,46.734,194.9132,46.6614
2018-08-07,18.21,43.2456,101.1892,139.8184,15.3893,46.9134,197.6651,47.2274
2018-08-08,18.46,43.2067,101.993,140.2171,15.2305,46.4749,193.5224,46.6713
2018-08-09,18.5,43.3819,102.2014,139.5493,15.429,46.754,191.3229,47.277
2018-08-10,18.45,42.8953,100.8022,139.2702,15.2504,46.4948,191.7667,47.6345
2018-08-13,18.17,42.6812,101.0304,139.7487,15.429,45.837,192.9405,47.7537
2018-08-14,18.32,43.0705,101.3976,140.2969,15.4588,45.8769,193.0884,48.5481
2018-08-15,18.5,42.5839,100.7327,139.4596,15.3893,45.4683,192.5953,48.0118
2018-08-16,18.66,42.6228,101.864,140.398,15.5183,45.9666,195.0779,49.402
2018-08-17,18.8,43.1775,102.2411,141.0767,15.8457,46.3254,196.0511,50.3454
2018-08-20,19.26,43.5765,103.0349,140.6874,15.9648,46.435,196.1901,51.398
2018-08-21,19.3,42.9245,104.0074,139.789,16.0345,46.7839,195.9419,51.964
2018-08-22,18.95,43.3624,105.0196,140.8871,15.7855,46.7041,196.4682,51.7654
2018-08-23,18.9,43.2456,104.5631,141.8454,15.3374,46.136,195.2368,52.8279
2018-08-24,18.63,43.1678,104.9502,143.9416,15.2079,46.2158,195.2765,47.9821
2018-08-27,18.61,43.2456,106.2303,145.1394,15.2079,46.435,197.2229,48.5977
2018-08-28,19.01,43.0121,106.4585,144.9398,15.1382,46.744,197.2428,47.8927
2018-08-29,19.21,42.5158,105.8929,146.7665,15.178,46.9533,198.3649,49.4616
2018-08-30,19.16,42.1752,105.4166,146.477,15.1481,46.8536,198.9608,48.4488
2018-08-31,19.08,41.4551,105.1685,146.6268,15.5365,46.8536,198.4245,48.9552
2018-09-04,19.22,41.0269,106.1906,147.5351,15.1979,46.744,195.3659,48.0019
2018-09-05,19.07,41.5913,104.8708,142.4143,15.1282,46.9234,196.3788,48.8162
2018-09-06,18.96,41.3675,104.5929,144.2411,15.0784,47.342,194.7899,47.7834
2018-09-07,18.8,41.0756,105.2677,142.9434,15.0485,46.6742,194.9389,46.4131
2018-09-10,19.02,40.735,106.4684,143.8218,15.2776,46.7739,201.0959,48.7467
2018-09-11,19.04,41.2118,107.4806,145.2293,15.4967,46.7938,198.0869,48.3594
2018-09-12,18.97,41.1048,107.0539,146.3073,15.3971,47.2722,198.1167,48.0118
2018-09-13,19.22,41.2021,107.828,147.3654,15.3174,47.4616,201.5229,46.711
2018-09-14,19.18,40.7155,108.7211,147.5751,15.2876,47.9899,199.1892,46.2642
2018-09-17,19.64,41.241,108.3638,145.918,15.0685,47.7806,199.4176,46.4131
2018-09-18,19.74,40.9782,108.8004,147.3654,15.2278,47.8802,200.937,46.5521
2018-09-19,19.89,40.9296,109.2569,147.1558,15.1083,47.3221,201.791,46.5422
2018-09-20,19.91,40.5501,110.2592,148.9726,15.1481,47.2722,203.6778,46.9593
2018-09-21,19.89,39.8981,110.0508,149.7811,15.1182,46.7938,203.6778,47.9523
2018-09-24,19.49,39.9078,109.0088,148.8428,14.9987,46.7839,205.7732,47.1479
2018-09-25,19.3,40.0149,109.0287,149.312,14.8493,46.4151,205.0284,47.6246
2018-09-26,19.17,39.431,107.1829,149.0025,15.0386,46.2058,205.3958,49.7695
2018-09-27,19.38,39.7065,107.0242,149.7512,15.8154,46.3055,207.4416,50.2759
2018-09-28,19.36,39.8939,105.6746,149.821,16.0843,46.1859,205.8527,50.6234
2018-10-01,18.99,40.8109,107.0738,150.5198,15.8054,45.6178,205.4753,49.8489
2018-10-02,18.93,41.294,107.56,149.4018,15.3871,45.6277,206.23,47.0784
2018-10-03,18.53,41.2644,107.6196,149.1023,15.0386,45.2988,205.4654,48.0019
2018-10-04,18.48,40.7024,107.3009,146.497,14.8394,44.4915,202.0591,47.0089
2018-10-05,18.1,40.9489,106.7929,145.0995,14.8593,44.1327,202.6053,47.2671
2018-10-08,17.98,40.7517,106.5539,141.6357,15.0286,43.445,204.1446,48.6374
2018-10-09,17.38,40.2686,106.2253,142.055,14.8394,42.5978,204.5716,48.7367
2018-10-10,16.63,39.7854,103.1478,135.2771,14.3813,40.5347,199.8049,47.6345
2018-10-11,16.21,38.9079,101.166,133.4904,14.3514,39.1693,192.5058,47.8132
2018-10-12,16.36,38.8191,102.5802,139.809,14.7796,39.7673,196.0213,49.3524
2018-10-15,16.48,39.1642,102.2017,136.9841,14.7398,39.6377,194.2338,49.9879
2018-10-16,16.86,39.5488,103.845,141.486,15.4768,40.3653,200.937,50.3951
2018-10-17,16.87,39.6671,103.9147,142.1947,15.1083,40.2557,201.364,48.985
2018-10-18,16.34,39.6572,102.4208,139.0404,14.7597,39.7075,201.3143,48.8
2018-10-19,16.52,40.1798,106.295,139.829,14.7,39.0,200.4007,47.39
2018-10-22,16.57,39.677,104.084,140.388,14.451,38.9,196.6469,47.37
2018-10-23,16.63,38.5825,103.9545,138.8707,14.5207,38.39,196.2696,47.02
2018-10-24,15.82,38.1092,101.4249,134.0194,14.3912,37.38,186.5772,46.48
2018-10-25,16.45,37.774,103.1777,140.2682,14.5207,39.92,186.7957,45.78
2018-10-26,16.28,37.5077,100.8373,137.4932,14.3215,40.44,184.6904,45.61
2018-10-29,16.16,37.0345,100.7776,134.0893,14.4012,39.61,186.8851,46.42
2018-10-30,17.08,37.3204,101.6639,132.5221,14.5804,40.28,187.7689,48.65
2018-10-31,16.73,37.1922,102.3113,137.603,14.9788,40.63,191.4532,47.14
2018-11-01,17.23,38.3163,103.6159,140.5776,15.0386,41.57,191.5624,47.94
2018-11-02,17.66,38.1487,103.2873,139.5295,14.8991,41.74,185.7629,48.8
2018-11-05,17.86,38.5825,104.7812,139.5495,14.9689,41.61,188.6031,50.2
2018-11-06,17.86,39.0459,104.5521,140.5377,15.2676,42.14,189.4273,50.7
2018-11-07,18.2,39.0361,106.8726,144.5206,15.3772,43.46,196.2497,50.41
2018-11-08,18.23,39.1051,108.0578,144.9697,15.7556,43.71,194.6608,50.8
2018-11-09,18.1,38.3754,107.8387,143.6721,15.5963,43.15,191.8206,50.24
2018-11-12,17.99,38.4346,106.0559,139.4696,15.1481,42.54,190.2317,50.89
2018-11-13,18.21,37.9514,107.4204,139.4696,15.1083,42.44,190.2218,51.08
2018-11-14,18.17,38.7205,107.3307,139.24,14.929,42.55,189.04,51.16
2018-11-15,18.17,39.2037,109.1533,141.84,14.7597,43.38,192.45,51.4
2018-11-16,18.03,39.4009,109.0138,140.18,14.7995,43.67,194.18,50.88
2018-11-19,17.73,39.8249,107.8088,134.76,14.8394,43.24,194.91,48.81
2018-11-20,17.6,39.8939,105.6576,133.37,14.4311,42.48,196.44,46.09
2018-11-21,18.05,40.1798,106.0659,134.42,14.5207,42.99,192.77,52.96
2018-11-23,18.35,39.1445,105.309,132.87,14.69,42.88,192.57,52.96
2018-11-26,18.5,39.6277,109.2329,135.94,14.83,43.18,194.3,55.28
2018-11-27,18.7,39.6967,109.6612,135.91,14.54,42.5,197.1,54.76
2018-11-28,19.03,39.6572,112.4299,141.38,14.76,43.49,201.42,56.2
2018-11-29,19.03,40.3474,110.8563,139.1,14.55,43.02,202.37,55.37
2018-11-30,19.52,40.3474,111.8124,141.71,14.85,44.05,208.25,56.4
2018-12-03,19.24,41.3039,111.902,145.0,15.09,44.66,202.93,56.29
2018-12-04,18.74,40.8996,107.2013,138.64,14.97,43.15,197.76,54.93
2018-12-06,18.85,39.7854,107.8088,141.05,14.84,42.34,199.01,54.47
2018-12-07,17.89,39.6967,106.2452,137.11,14.7,42.02,191.44,53.05
2018-12-10,17.95,38.8093,105.3588,137.88,14.63,41.92,194.09,52.51
2018-12-11,17.92,38.9079,104.9704,136.81,14.68,41.84,196.18,52.18
2018-12-12,17.65,39.3319,107.0419,137.8,14.72,42.71,196.41,51.92
2018-12-13,17.27,39.6079,106.2651,137.54,14.72,42.6,197.53,49.94
2018-12-14,16.83,39.4798,105.2692,135.09,14.39,41.75,192.07,49.26
2018-12-17,16.52,38.4346,100.7676,131.4,14.09,40.51,190.08,47.62
2018-12-18,16.79,37.5768,100.6082,132.66,13.96,40.86,187.1,48.95
2018-12-19,16.59,38.1092,98.3674,131.26,14.03,40.39,185.49,47.38
2018-12-20,16.14,37.0049,95.3796,128.76,13.91,40.07,184.96,47.92
2018-12-21,15.53,36.2457,90.9577,124.26,13.68,39.76,180.21,48.76
2018-12-24,15.19,34.9737,89.1352,121.73,13.44,38.6,178.4,48.93
2018-12-26,16.07,35.8414,93.4575,130.23,13.77,40.63,187.86,51.58
2018-12-27,15.99,35.654,94.2941,132.01,13.79,41.29,190.33,51.91
2018-12-28,16.0,35.79,94.0351,130.94,13.66,41.12,190.73,52.28
2018-12-31,16.06,35.7,94.9315,131.94,13.94,41.85,194.67,53.2
2019-01-02,16.2,37.11,95.29,132.92,14.28,41.56,191.9,52.76
2019-01-03,15.93,37.43,93.43,128.13,14.16,40.28,188.98,53.42
2019-01-04,16.55,38.49,97.64,133.65,14.5,41.57,195.44,54.88
2019-01-07,16.69,39.12,98.17,136.06,14.71,41.59,198.07,56.4
2019-01-08,16.85,39.79,98.65,136.8,14.88,42.33,200.61,56.78
2019-01-09,17.23,39.97,98.83,138.41,14.8,42.72,200.37,56.32
2019-01-10,17.15,40.64,98.26,138.67,14.92,43.06,202.68,55.72
2019-01-11,17.25,40.62,98.55,138.06,15.2,42.59,200.56,56.5
